<?xml version="1.0" encoding="UTF-8"?><kml xmlns="http://www.opengis.net/kml/2.2"><Document><name>Base - Mobile [Base]</name>
<description> Distance between Base and Mobile is 99.6 km (61.9 miles)
 True North Azimuth = 249.61°, Magnetic North Azimuth = 248.98°, Elevation angle = 0.4016°
Base
 Terrain elevation variation is 566.2 m
 Propagation mode is line-of-sight, minimum clearance 2.0F1 at 33.5km
 Average frequency is 1200.000 MHz
 Free Space = 133.9 dB, Obstruction = 0.8 dB TR, Urban = 0.0 dB, Forest = 0.0 dB, Statistics = 6.3 dB
 Total propagation loss is 141.0 dB
 System gain from Base to Mobile is 172.8 dB
 System gain from Mobile to Base is 172.8 dB
 Worst reception is 31.8 dB over the required signal to meet
 70.000% of situations</description>
<LookAt><altitudeMode>absolute</altitudeMode><longitude> 106.964488656977</longitude><latitude>-6.98862451260982</latitude><altitude> 1091.84183016285</altitude><range> 99574.4487954743</range><tilt>80.0</tilt><heading> 159.60965164137</heading></LookAt>
<Placemark><name>Base</name>
<LookAt><altitudeMode>absolute</altitudeMode><longitude> 107.387298583984</longitude><latitude>-6.83281707763672</latitude><altitude> 484.899993896484</altitude>
<range> 1991.48897590949</range><tilt>70.0</tilt><heading> 229.60965164137</heading></LookAt>
<description></description>
<Style><LineStyle><color>ffff0000</color><width>5</width></LineStyle>
<IconStyle><Icon><href>C:\Radio Mobile\antenna.png</href></Icon></IconStyle></Style>
<MultiGeometry><Point><altitudeMode>absolute</altitudeMode>
<coordinates>107.387299,-6.832817,484.9 </coordinates></Point>
<LineString><altitudeMode>absolute</altitudeMode><coordinates>
107.387299,-6.832817,434.9 
107.387299,-6.832817,484.9 </coordinates></LineString></MultiGeometry></Placemark>
<Placemark><name>Mobile</name>
<LookAt><altitudeMode>absolute</altitudeMode><longitude>106.541397094726</longitude><latitude>-7.14405488967896</latitude><altitude>1991</altitude>
<range>1991.48897590949</range><tilt>70.0</tilt><heading>89.7125738639422</heading></LookAt>
<description></description>
<Style><LineStyle><color>ffff0000</color><width>5</width></LineStyle>
<IconStyle><Icon><href>C:\Radio Mobile\antenna.png</href></Icon></IconStyle></Style>
<MultiGeometry><Point><altitudeMode>absolute</altitudeMode>
<coordinates>106.541397,-7.144055,1991 </coordinates></Point>
<LineString><altitudeMode>absolute</altitudeMode><coordinates>
106.541397,-7.144055,491 
106.541397,-7.144055,1991 </coordinates></LineString></MultiGeometry></Placemark>
<Folder><name>Radio Link</name><Placemark><name>Beam</name>
<LookAt><altitudeMode>absolute</altitudeMode><longitude> 106.964488656977</longitude><latitude>-6.98862451260982</latitude><altitude> 1091.84183016285</altitude><range> 99574.4487954743</range><tilt>80.0</tilt><heading> 159.60965164137</heading></LookAt>
<Style><LineStyle><color>c0ff0000</color><width>3</width></LineStyle></Style>
<LineString><altitudeMode>absolute</altitudeMode><coordinates>
107.387299,-6.832817,484.9 
107.385608,-6.833441,486.75 
107.383917,-6.834065,488.6 
107.382227,-6.834689,490.45 
107.380536,-6.835313,492.31 
107.378845,-6.835937,494.18 
107.377154,-6.836561,496.04 
107.375464,-6.837185,497.92 
107.373773,-6.837809,499.8 
107.372082,-6.838433,501.68 
107.370392,-6.839057,503.57 
107.368701,-6.83968,505.46 
107.36701,-6.840304,507.36 
107.365319,-6.840928,509.26 
107.363629,-6.841552,511.16 
107.361938,-6.842176,513.08 
107.360247,-6.8428,514.99 
107.358556,-6.843424,516.91 
107.356866,-6.844048,518.84 
107.355175,-6.844671,520.77 
107.353484,-6.845295,522.7 
107.351793,-6.845919,524.64 
107.350102,-6.846543,526.58 
107.348412,-6.847167,528.53 
107.346721,-6.847791,530.49 
107.34503,-6.848415,532.44 
107.343339,-6.849038,534.41 
107.341648,-6.849662,536.37 
107.339958,-6.850286,538.35 
107.338267,-6.85091,540.32 
107.336576,-6.851534,542.3 
107.334885,-6.852157,544.29 
107.333194,-6.852781,546.28 
107.331504,-6.853405,548.28 
107.329813,-6.854029,550.28 
107.328122,-6.854652,552.28 
107.326431,-6.855276,554.29 
107.32474,-6.8559,556.3 
107.323049,-6.856524,558.32 
107.321359,-6.857148,560.35 
107.319668,-6.857771,562.37 
107.317977,-6.858395,564.41 
107.316286,-6.859019,566.44 
107.314595,-6.859642,568.49 
107.312904,-6.860266,570.53 
107.311213,-6.86089,572.58 
107.309522,-6.861514,574.64 
107.307832,-6.862137,576.7 
107.306141,-6.862761,578.77 
107.30445,-6.863385,580.84 
107.302759,-6.864008,582.91 
107.301068,-6.864632,584.99 
107.299377,-6.865256,587.07 
107.297686,-6.865879,589.16 
107.295995,-6.866503,591.26 
107.294304,-6.867127,593.36 
107.292613,-6.86775,595.46 
107.290922,-6.868374,597.57 
107.289231,-6.868998,599.68 
107.287541,-6.869621,601.79 
107.28585,-6.870245,603.92 
107.284159,-6.870868,606.04 
107.282468,-6.871492,608.17 
107.280777,-6.872116,610.31 
107.279086,-6.872739,612.45 
107.277395,-6.873363,614.59 
107.275704,-6.873986,616.74 
107.274013,-6.87461,618.9 
107.272322,-6.875234,621.06 
107.270631,-6.875857,623.22 
107.26894,-6.876481,625.39 
107.267249,-6.877104,627.56 
107.265558,-6.877728,629.74 
107.263867,-6.878351,631.92 
107.262176,-6.878975,634.11 
107.260485,-6.879598,636.3 
107.258794,-6.880222,638.5 
107.257103,-6.880845,640.7 
107.255412,-6.881469,642.9 
107.253721,-6.882092,645.11 
107.25203,-6.882716,647.33 
107.250339,-6.883339,649.55 
107.248648,-6.883963,651.77 
107.246957,-6.884586,654 
107.245266,-6.88521,656.24 
107.243574,-6.885833,658.47 
107.241883,-6.886457,660.72 
107.240192,-6.88708,662.96 
107.238501,-6.887704,665.22 
107.23681,-6.888327,667.47 
107.235119,-6.888951,669.74 
107.233428,-6.889574,672 
107.231737,-6.890198,674.27 
107.230046,-6.890821,676.55 
107.228355,-6.891444,678.83 
107.226664,-6.892068,681.11 
107.224973,-6.892691,683.4 
107.223281,-6.893315,685.7 
107.22159,-6.893938,688 
107.219899,-6.894561,690.3 
107.218208,-6.895185,692.61 
107.216517,-6.895808,694.92 
107.214826,-6.896431,697.24 
107.213135,-6.897055,699.56 
107.211443,-6.897678,701.89 
107.209752,-6.898302,704.22 
107.208061,-6.898925,706.56 
107.20637,-6.899548,708.9 
107.204679,-6.900172,711.25 
107.202988,-6.900795,713.6 
107.201297,-6.901418,715.95 
107.199605,-6.902042,718.31 
107.197914,-6.902665,720.68 
107.196223,-6.903288,723.05 
107.194532,-6.903911,725.42 
107.192841,-6.904535,727.8 
107.191149,-6.905158,730.18 
107.189458,-6.905781,732.57 
107.187767,-6.906405,734.96 
107.186076,-6.907028,737.36 
107.184385,-6.907651,739.76 
107.182693,-6.908274,742.17 
107.181002,-6.908898,744.58 
107.179311,-6.909521,747 
107.17762,-6.910144,749.42 
107.175928,-6.910767,751.84 
107.174237,-6.911391,754.27 
107.172546,-6.912014,756.71 
107.170855,-6.912637,759.15 
107.169163,-6.91326,761.59 
107.167472,-6.913883,764.04 
107.165781,-6.914507,766.49 
107.16409,-6.91513,768.95 
107.162398,-6.915753,771.42 
107.160707,-6.916376,773.88 
107.159016,-6.916999,776.36 
107.157325,-6.917623,778.83 
107.155633,-6.918246,781.31 
107.153942,-6.918869,783.8 
107.152251,-6.919492,786.29 
107.150559,-6.920115,788.79 
107.148868,-6.920738,791.29 
107.147177,-6.921361,793.79 
107.145485,-6.921985,796.3 
107.143794,-6.922608,798.82 
107.142103,-6.923231,801.33 
107.140411,-6.923854,803.86 
107.13872,-6.924477,806.39 
107.137029,-6.9251,808.92 
107.135337,-6.925723,811.46 
107.133646,-6.926346,814 
107.131955,-6.926969,816.55 
107.130263,-6.927592,819.1 
107.128572,-6.928216,821.65 
107.126881,-6.928839,824.22 
107.125189,-6.929462,826.78 
107.123498,-6.930085,829.35 
107.121807,-6.930708,831.93 
107.120115,-6.931331,834.51 
107.118424,-6.931954,837.09 
107.116732,-6.932577,839.68 
107.115041,-6.9332,842.27 
107.11335,-6.933823,844.87 
107.111658,-6.934446,847.47 
107.109967,-6.935069,850.08 
107.108275,-6.935692,852.69 
107.106584,-6.936315,855.31 
107.104892,-6.936938,857.93 
107.103201,-6.937561,860.56 
107.10151,-6.938184,863.19 
107.099818,-6.938807,865.83 
107.098127,-6.93943,868.47 
107.096435,-6.940053,871.11 
107.094744,-6.940676,873.76 
107.093052,-6.941299,876.42 
107.091361,-6.941921,879.08 
107.089669,-6.942544,881.74 
107.087978,-6.943167,884.41 
107.086287,-6.94379,887.08 
107.084595,-6.944413,889.76 
107.082904,-6.945036,892.44 
107.081212,-6.945659,895.13 
107.079521,-6.946282,897.82 
107.077829,-6.946905,900.52 
107.076138,-6.947528,903.22 
107.074446,-6.94815,905.93 
107.072755,-6.948773,908.64 
107.071063,-6.949396,911.35 
107.069372,-6.950019,914.07 
107.06768,-6.950642,916.8 
107.065989,-6.951265,919.53 
107.064297,-6.951888,922.26 
107.062605,-6.95251,925 
107.060914,-6.953133,927.74 
107.059222,-6.953756,930.49 
107.057531,-6.954379,933.24 
107.055839,-6.955002,936 
107.054148,-6.955625,938.76 
107.052456,-6.956247,941.53 
107.050765,-6.95687,944.3 
107.049073,-6.957493,947.08 
107.047381,-6.958116,949.86 
107.04569,-6.958738,952.64 
107.043998,-6.959361,955.43 
107.042307,-6.959984,958.23 
107.040615,-6.960607,961.03 
107.038923,-6.961229,963.83 
107.037232,-6.961852,966.64 
107.03554,-6.962475,969.45 
107.033849,-6.963098,972.27 
107.032157,-6.96372,975.09 
107.030465,-6.964343,977.92 
107.028774,-6.964966,980.75 
107.027082,-6.965589,983.59 
107.025391,-6.966211,986.43 
107.023699,-6.966834,989.28 
107.022007,-6.967457,992.13 
107.020316,-6.968079,994.99 
107.018624,-6.968702,997.85 
107.016932,-6.969325,1000.71 
107.015241,-6.969947,1003.58 
107.013549,-6.97057,1006.45 
107.011857,-6.971193,1009.33 
107.010166,-6.971815,1012.22 
107.008474,-6.972438,1015.1 
107.006782,-6.973061,1018 
107.005091,-6.973683,1020.9 
107.003399,-6.974306,1023.8 
107.001707,-6.974928,1026.7 
107.000015,-6.975551,1029.62 
106.998324,-6.976174,1032.53 
106.996632,-6.976796,1035.45 
106.99494,-6.977419,1038.38 
106.993249,-6.978041,1041.31 
106.991557,-6.978664,1044.25 
106.989865,-6.979287,1047.18 
106.988173,-6.979909,1050.13 
106.986482,-6.980532,1053.08 
106.98479,-6.981154,1056.03 
106.983098,-6.981777,1058.99 
106.981406,-6.982399,1061.95 
106.979715,-6.983022,1064.92 
106.978023,-6.983644,1067.89 
106.976331,-6.984267,1070.87 
106.974639,-6.98489,1073.85 
106.972948,-6.985512,1076.84 
106.971256,-6.986135,1079.83 
106.969564,-6.986757,1082.83 
106.967872,-6.98738,1085.83 
106.96618,-6.988002,1088.83 
106.964489,-6.988625,1091.84 
106.962797,-6.989247,1094.86 
106.961105,-6.989869,1097.88 
106.959413,-6.990492,1100.9 
106.957721,-6.991114,1103.93 
106.95603,-6.991737,1106.96 
106.954338,-6.992359,1110 
106.952646,-6.992982,1113.04 
106.950954,-6.993604,1116.09 
106.949262,-6.994227,1119.14 
106.94757,-6.994849,1122.2 
106.945879,-6.995471,1125.26 
106.944187,-6.996094,1128.32 
106.942495,-6.996716,1131.4 
106.940803,-6.997339,1134.47 
106.939111,-6.997961,1137.55 
106.937419,-6.998583,1140.64 
106.935727,-6.999206,1143.72 
106.934036,-6.999828,1146.82 
106.932344,-7.000451,1149.92 
106.930652,-7.001073,1153.02 
106.92896,-7.001695,1156.13 
106.927268,-7.002318,1159.24 
106.925576,-7.00294,1162.36 
106.923884,-7.003562,1165.48 
106.922192,-7.004185,1168.61 
106.9205,-7.004807,1171.74 
106.918808,-7.005429,1174.88 
106.917117,-7.006052,1178.02 
106.915425,-7.006674,1181.16 
106.913733,-7.007296,1184.31 
106.912041,-7.007919,1187.47 
106.910349,-7.008541,1190.63 
106.908657,-7.009163,1193.79 
106.906965,-7.009785,1196.96 
106.905273,-7.010408,1200.13 
106.903581,-7.01103,1203.31 
106.901889,-7.011652,1206.49 
106.900197,-7.012274,1209.68 
106.898505,-7.012897,1212.87 
106.896813,-7.013519,1216.07 
106.895121,-7.014141,1219.27 
106.893429,-7.014763,1222.48 
106.891737,-7.015386,1225.69 
106.890045,-7.016008,1228.9 
106.888353,-7.01663,1232.12 
106.886661,-7.017252,1235.35 
106.884969,-7.017874,1238.58 
106.883277,-7.018497,1241.81 
106.881585,-7.019119,1245.05 
106.879893,-7.019741,1248.3 
106.878201,-7.020363,1251.54 
106.876509,-7.020985,1254.8 
106.874817,-7.021608,1258.06 
106.873125,-7.02223,1261.32 
106.871433,-7.022852,1264.58 
106.869741,-7.023474,1267.86 
106.868049,-7.024096,1271.13 
106.866357,-7.024718,1274.41 
106.864665,-7.02534,1277.7 
106.862973,-7.025963,1280.99 
106.861281,-7.026585,1284.28 
106.859588,-7.027207,1287.58 
106.857896,-7.027829,1290.89 
106.856204,-7.028451,1294.2 
106.854512,-7.029073,1297.51 
106.85282,-7.029695,1300.83 
106.851128,-7.030317,1304.15 
106.849436,-7.030939,1307.48 
106.847744,-7.031561,1310.81 
106.846052,-7.032183,1314.15 
106.84436,-7.032805,1317.49 
106.842667,-7.033428,1320.84 
106.840975,-7.03405,1324.19 
106.839283,-7.034672,1327.55 
106.837591,-7.035294,1330.91 
106.835899,-7.035916,1334.27 
106.834207,-7.036538,1337.64 
106.832515,-7.03716,1341.02 
106.830822,-7.037782,1344.4 
106.82913,-7.038404,1347.78 
106.827438,-7.039026,1351.17 
106.825746,-7.039648,1354.56 
106.824054,-7.04027,1357.96 
106.822362,-7.040892,1361.36 
106.820669,-7.041514,1364.77 
106.818977,-7.042136,1368.18 
106.817285,-7.042758,1371.6 
106.815593,-7.043379,1375.02 
106.813901,-7.044001,1378.44 
106.812208,-7.044623,1381.88 
106.810516,-7.045245,1385.31 
106.808824,-7.045867,1388.75 
106.807132,-7.046489,1392.2 
106.80544,-7.047111,1395.64 
106.803747,-7.047733,1399.1 
106.802055,-7.048355,1402.56 
106.800363,-7.048977,1406.02 
106.798671,-7.049599,1409.49 
106.796978,-7.050221,1412.96 
106.795286,-7.050842,1416.44 
106.793594,-7.051464,1419.92 
106.791902,-7.052086,1423.41 
106.790209,-7.052708,1426.9 
106.788517,-7.05333,1430.4 
106.786825,-7.053952,1433.9 
106.785133,-7.054574,1437.4 
106.78344,-7.055195,1440.91 
106.781748,-7.055817,1444.43 
106.780056,-7.056439,1447.95 
106.778363,-7.057061,1451.47 
106.776671,-7.057683,1455 
106.774979,-7.058304,1458.53 
106.773287,-7.058926,1462.07 
106.771594,-7.059548,1465.61 
106.769902,-7.06017,1469.16 
106.76821,-7.060792,1472.71 
106.766517,-7.061413,1476.27 
106.764825,-7.062035,1479.83 
106.763133,-7.062657,1483.4 
106.76144,-7.063279,1486.97 
106.759748,-7.0639,1490.54 
106.758056,-7.064522,1494.13 
106.756363,-7.065144,1497.71 
106.754671,-7.065766,1501.3 
106.752978,-7.066387,1504.89 
106.751286,-7.067009,1508.49 
106.749594,-7.067631,1512.1 
106.747901,-7.068253,1515.7 
106.746209,-7.068874,1519.32 
106.744517,-7.069496,1522.94 
106.742824,-7.070118,1526.56 
106.741132,-7.070739,1530.18 
106.739439,-7.071361,1533.82 
106.737747,-7.071983,1537.45 
106.736055,-7.072604,1541.09 
106.734362,-7.073226,1544.74 
106.73267,-7.073848,1548.39 
106.730977,-7.074469,1552.05 
106.729285,-7.075091,1555.7 
106.727592,-7.075713,1559.37 
106.7259,-7.076334,1563.04 
106.724208,-7.076956,1566.71 
106.722515,-7.077577,1570.39 
106.720823,-7.078199,1574.07 
106.71913,-7.078821,1577.76 
106.717438,-7.079442,1581.45 
106.715745,-7.080064,1585.15 
106.714053,-7.080685,1588.85 
106.71236,-7.081307,1592.56 
106.710668,-7.081929,1596.27 
106.708975,-7.08255,1599.99 
106.707283,-7.083172,1603.71 
106.70559,-7.083793,1607.43 
106.703898,-7.084415,1611.16 
106.702205,-7.085036,1614.9 
106.700513,-7.085658,1618.64 
106.69882,-7.086279,1622.38 
106.697128,-7.086901,1626.13 
106.695435,-7.087522,1629.88 
106.693743,-7.088144,1633.64 
106.69205,-7.088765,1637.4 
106.690358,-7.089387,1641.17 
106.688665,-7.090008,1644.94 
106.686973,-7.09063,1648.72 
106.68528,-7.091251,1652.5 
106.683588,-7.091873,1656.29 
106.681895,-7.092494,1660.08 
106.680203,-7.093116,1663.87 
106.67851,-7.093737,1667.67 
106.676817,-7.094359,1671.48 
106.675125,-7.09498,1675.29 
106.673432,-7.095602,1679.1 
106.67174,-7.096223,1682.92 
106.670047,-7.096844,1686.74 
106.668354,-7.097466,1690.57 
106.666662,-7.098087,1694.4 
106.664969,-7.098709,1698.24 
106.663277,-7.09933,1702.08 
106.661584,-7.099952,1705.93 
106.659891,-7.100573,1709.78 
106.658199,-7.101194,1713.64 
106.656506,-7.101816,1717.5 
106.654814,-7.102437,1721.36 
106.653121,-7.103058,1725.23 
106.651428,-7.10368,1729.11 
106.649736,-7.104301,1732.99 
106.648043,-7.104922,1736.87 
106.64635,-7.105544,1740.76 
106.644658,-7.106165,1744.65 
106.642965,-7.106786,1748.55 
106.641272,-7.107408,1752.45 
106.63958,-7.108029,1756.36 
106.637887,-7.10865,1760.27 
106.636194,-7.109272,1764.19 
106.634502,-7.109893,1768.11 
106.632809,-7.110514,1772.04 
106.631116,-7.111136,1775.97 
106.629424,-7.111757,1779.91 
106.627731,-7.112378,1783.85 
106.626038,-7.112999,1787.79 
106.624346,-7.113621,1791.74 
106.622653,-7.114242,1795.69 
106.62096,-7.114863,1799.65 
106.619267,-7.115484,1803.62 
106.617575,-7.116106,1807.59 
106.615882,-7.116727,1811.56 
106.614189,-7.117348,1815.54 
106.612496,-7.117969,1819.52 
106.610804,-7.118591,1823.51 
106.609111,-7.119212,1827.5 
106.607418,-7.119833,1831.49 
106.605725,-7.120454,1835.5 
106.604033,-7.121075,1839.5 
106.60234,-7.121696,1843.51 
106.600647,-7.122318,1847.53 
106.598954,-7.122939,1851.55 
106.597262,-7.12356,1855.57 
106.595569,-7.124181,1859.6 
106.593876,-7.124802,1863.63 
106.592183,-7.125423,1867.67 
106.59049,-7.126045,1871.72 
106.588798,-7.126666,1875.76 
106.587105,-7.127287,1879.82 
106.585412,-7.127908,1883.87 
106.583719,-7.128529,1887.93 
106.582026,-7.12915,1892 
106.580333,-7.129771,1896.07 
106.578641,-7.130392,1900.15 
106.576948,-7.131013,1904.23 
106.575255,-7.131635,1908.31 
106.573562,-7.132256,1912.4 
106.571869,-7.132877,1916.5 
106.570176,-7.133498,1920.6 
106.568484,-7.134119,1924.7 
106.566791,-7.13474,1928.81 
106.565098,-7.135361,1932.92 
106.563405,-7.135982,1937.04 
106.561712,-7.136603,1941.16 
106.560019,-7.137224,1945.29 
106.558326,-7.137845,1949.42 
106.556633,-7.138466,1953.56 
106.55494,-7.139087,1957.7 
106.553248,-7.139708,1961.85 
106.551555,-7.140329,1966 
106.549862,-7.14095,1970.15 
106.548169,-7.141571,1974.31 
106.546476,-7.142192,1978.48 
106.544783,-7.142813,1982.65 
106.54309,-7.143434,1986.82 
106.541397,-7.144055,1991 
</coordinates></LineString></Placemark>
<Placemark><name>0.6F1</name>
<LookAt><altitudeMode>absolute</altitudeMode><longitude> 106.964488656977</longitude><latitude>-6.98862451260982</latitude><altitude> 1091.84183016285</altitude><range> 99574.4487954743</range><tilt>80.0</tilt><heading> 159.60965164137</heading></LookAt>
<Style><LineStyle><color>b000ff00</color><width>2</width></LineStyle></Style>
<LineString><altitudeMode>absolute</altitudeMode><coordinates>
107.387299,-6.832817,484.9 
107.385608,-6.833441,482.52 
107.383917,-6.834065,482.62 
107.382227,-6.834689,483.15 
107.380536,-6.835313,483.88 
107.378845,-6.835937,484.76 
107.377154,-6.836561,485.74 
107.375464,-6.837185,486.8 
107.373773,-6.837809,487.93 
107.372082,-6.838433,489.1 
107.370392,-6.839057,490.32 
107.368701,-6.83968,491.58 
107.36701,-6.840304,492.88 
107.365319,-6.840928,494.2 
107.363629,-6.841552,495.56 
107.361938,-6.842176,496.94 
107.360247,-6.8428,498.34 
107.358556,-6.843424,499.77 
107.356866,-6.844048,501.21 
107.355175,-6.844671,502.68 
107.353484,-6.845295,504.16 
107.351793,-6.845919,505.66 
107.350102,-6.846543,507.18 
107.348412,-6.847167,508.72 
107.346721,-6.847791,510.26 
107.34503,-6.848415,511.83 
107.343339,-6.849038,513.4 
107.341648,-6.849662,514.99 
107.339958,-6.850286,516.6 
107.338267,-6.85091,518.21 
107.336576,-6.851534,519.84 
107.334885,-6.852157,521.48 
107.333194,-6.852781,523.13 
107.331504,-6.853405,524.79 
107.329813,-6.854029,526.46 
107.328122,-6.854652,528.14 
107.326431,-6.855276,529.84 
107.32474,-6.8559,531.54 
107.323049,-6.856524,533.25 
107.321359,-6.857148,534.98 
107.319668,-6.857771,536.71 
107.317977,-6.858395,538.45 
107.316286,-6.859019,540.2 
107.314595,-6.859642,541.96 
107.312904,-6.860266,543.73 
107.311213,-6.86089,545.51 
107.309522,-6.861514,547.3 
107.307832,-6.862137,549.09 
107.306141,-6.862761,550.9 
107.30445,-6.863385,552.71 
107.302759,-6.864008,554.53 
107.301068,-6.864632,556.36 
107.299377,-6.865256,558.2 
107.297686,-6.865879,560.04 
107.295995,-6.866503,561.89 
107.294304,-6.867127,563.75 
107.292613,-6.86775,565.62 
107.290922,-6.868374,567.5 
107.289231,-6.868998,569.38 
107.287541,-6.869621,571.27 
107.28585,-6.870245,573.17 
107.284159,-6.870868,575.08 
107.282468,-6.871492,576.99 
107.280777,-6.872116,578.91 
107.279086,-6.872739,580.84 
107.277395,-6.873363,582.78 
107.275704,-6.873986,584.72 
107.274013,-6.87461,586.67 
107.272322,-6.875234,588.63 
107.270631,-6.875857,590.59 
107.26894,-6.876481,592.56 
107.267249,-6.877104,594.54 
107.265558,-6.877728,596.53 
107.263867,-6.878351,598.52 
107.262176,-6.878975,600.51 
107.260485,-6.879598,602.52 
107.258794,-6.880222,604.53 
107.257103,-6.880845,606.55 
107.255412,-6.881469,608.58 
107.253721,-6.882092,610.61 
107.25203,-6.882716,612.65 
107.250339,-6.883339,614.69 
107.248648,-6.883963,616.74 
107.246957,-6.884586,618.8 
107.245266,-6.88521,620.87 
107.243574,-6.885833,622.94 
107.241883,-6.886457,625.02 
107.240192,-6.88708,627.1 
107.238501,-6.887704,629.19 
107.23681,-6.888327,631.29 
107.235119,-6.888951,633.39 
107.233428,-6.889574,635.5 
107.231737,-6.890198,637.62 
107.230046,-6.890821,639.74 
107.228355,-6.891444,641.87 
107.226664,-6.892068,644 
107.224973,-6.892691,646.14 
107.223281,-6.893315,648.29 
107.22159,-6.893938,650.44 
107.219899,-6.894561,652.6 
107.218208,-6.895185,654.77 
107.216517,-6.895808,656.94 
107.214826,-6.896431,659.12 
107.213135,-6.897055,661.3 
107.211443,-6.897678,663.49 
107.209752,-6.898302,665.69 
107.208061,-6.898925,667.89 
107.20637,-6.899548,670.1 
107.204679,-6.900172,672.32 
107.202988,-6.900795,674.54 
107.201297,-6.901418,676.76 
107.199605,-6.902042,679 
107.197914,-6.902665,681.24 
107.196223,-6.903288,683.48 
107.194532,-6.903911,685.73 
107.192841,-6.904535,687.99 
107.191149,-6.905158,690.25 
107.189458,-6.905781,692.52 
107.187767,-6.906405,694.79 
107.186076,-6.907028,697.07 
107.184385,-6.907651,699.36 
107.182693,-6.908274,701.65 
107.181002,-6.908898,703.95 
107.179311,-6.909521,706.25 
107.17762,-6.910144,708.56 
107.175928,-6.910767,710.88 
107.174237,-6.911391,713.2 
107.172546,-6.912014,715.53 
107.170855,-6.912637,717.86 
107.169163,-6.91326,720.2 
107.167472,-6.913883,722.55 
107.165781,-6.914507,724.9 
107.16409,-6.91513,727.25 
107.162398,-6.915753,729.61 
107.160707,-6.916376,731.98 
107.159016,-6.916999,734.36 
107.157325,-6.917623,736.74 
107.155633,-6.918246,739.12 
107.153942,-6.918869,741.51 
107.152251,-6.919492,743.91 
107.150559,-6.920115,746.31 
107.148868,-6.920738,748.72 
107.147177,-6.921361,751.13 
107.145485,-6.921985,753.55 
107.143794,-6.922608,755.98 
107.142103,-6.923231,758.41 
107.140411,-6.923854,760.84 
107.13872,-6.924477,763.29 
107.137029,-6.9251,765.73 
107.135337,-6.925723,768.19 
107.133646,-6.926346,770.65 
107.131955,-6.926969,773.11 
107.130263,-6.927592,775.58 
107.128572,-6.928216,778.06 
107.126881,-6.928839,780.54 
107.125189,-6.929462,783.03 
107.123498,-6.930085,785.52 
107.121807,-6.930708,788.02 
107.120115,-6.931331,790.52 
107.118424,-6.931954,793.03 
107.116732,-6.932577,795.55 
107.115041,-6.9332,798.07 
107.11335,-6.933823,800.6 
107.111658,-6.934446,803.13 
107.109967,-6.935069,805.67 
107.108275,-6.935692,808.21 
107.106584,-6.936315,810.76 
107.104892,-6.936938,813.32 
107.103201,-6.937561,815.88 
107.10151,-6.938184,818.44 
107.099818,-6.938807,821.01 
107.098127,-6.93943,823.59 
107.096435,-6.940053,826.17 
107.094744,-6.940676,828.76 
107.093052,-6.941299,831.35 
107.091361,-6.941921,833.95 
107.089669,-6.942544,836.56 
107.087978,-6.943167,839.17 
107.086287,-6.94379,841.79 
107.084595,-6.944413,844.41 
107.082904,-6.945036,847.03 
107.081212,-6.945659,849.67 
107.079521,-6.946282,852.3 
107.077829,-6.946905,854.95 
107.076138,-6.947528,857.6 
107.074446,-6.94815,860.25 
107.072755,-6.948773,862.91 
107.071063,-6.949396,865.58 
107.069372,-6.950019,868.25 
107.06768,-6.950642,870.92 
107.065989,-6.951265,873.61 
107.064297,-6.951888,876.29 
107.062605,-6.95251,878.99 
107.060914,-6.953133,881.69 
107.059222,-6.953756,884.39 
107.057531,-6.954379,887.1 
107.055839,-6.955002,889.82 
107.054148,-6.955625,892.54 
107.052456,-6.956247,895.26 
107.050765,-6.95687,897.99 
107.049073,-6.957493,900.73 
107.047381,-6.958116,903.47 
107.04569,-6.958738,906.22 
107.043998,-6.959361,908.97 
107.042307,-6.959984,911.73 
107.040615,-6.960607,914.5 
107.038923,-6.961229,917.27 
107.037232,-6.961852,920.04 
107.03554,-6.962475,922.82 
107.033849,-6.963098,925.61 
107.032157,-6.96372,928.4 
107.030465,-6.964343,931.2 
107.028774,-6.964966,934 
107.027082,-6.965589,936.81 
107.025391,-6.966211,939.62 
107.023699,-6.966834,942.44 
107.022007,-6.967457,945.27 
107.020316,-6.968079,948.1 
107.018624,-6.968702,950.93 
107.016932,-6.969325,953.77 
107.015241,-6.969947,956.62 
107.013549,-6.97057,959.47 
107.011857,-6.971193,962.33 
107.010166,-6.971815,965.19 
107.008474,-6.972438,968.06 
107.006782,-6.973061,970.93 
107.005091,-6.973683,973.81 
107.003399,-6.974306,976.7 
107.001707,-6.974928,979.59 
107.000015,-6.975551,982.48 
106.998324,-6.976174,985.38 
106.996632,-6.976796,988.29 
106.99494,-6.977419,991.2 
106.993249,-6.978041,994.12 
106.991557,-6.978664,997.04 
106.989865,-6.979287,999.97 
106.988173,-6.979909,1002.9 
106.986482,-6.980532,1005.84 
106.98479,-6.981154,1008.79 
106.983098,-6.981777,1011.74 
106.981406,-6.982399,1014.69 
106.979715,-6.983022,1017.65 
106.978023,-6.983644,1020.62 
106.976331,-6.984267,1023.59 
106.974639,-6.98489,1026.57 
106.972948,-6.985512,1029.55 
106.971256,-6.986135,1032.54 
106.969564,-6.986757,1035.53 
106.967872,-6.98738,1038.53 
106.96618,-6.988002,1041.53 
106.964489,-6.988625,1044.54 
106.962797,-6.989247,1047.56 
106.961105,-6.989869,1050.58 
106.959413,-6.990492,1053.6 
106.957721,-6.991114,1056.63 
106.95603,-6.991737,1059.67 
106.954338,-6.992359,1062.71 
106.952646,-6.992982,1065.76 
106.950954,-6.993604,1068.81 
106.949262,-6.994227,1071.87 
106.94757,-6.994849,1074.93 
106.945879,-6.995471,1078 
106.944187,-6.996094,1081.08 
106.942495,-6.996716,1084.16 
106.940803,-6.997339,1087.24 
106.939111,-6.997961,1090.33 
106.937419,-6.998583,1093.43 
106.935727,-6.999206,1096.53 
106.934036,-6.999828,1099.64 
106.932344,-7.000451,1102.75 
106.930652,-7.001073,1105.87 
106.92896,-7.001695,1109 
106.927268,-7.002318,1112.12 
106.925576,-7.00294,1115.26 
106.923884,-7.003562,1118.4 
106.922192,-7.004185,1121.54 
106.9205,-7.004807,1124.69 
106.918808,-7.005429,1127.85 
106.917117,-7.006052,1131.01 
106.915425,-7.006674,1134.18 
106.913733,-7.007296,1137.35 
106.912041,-7.007919,1140.53 
106.910349,-7.008541,1143.71 
106.908657,-7.009163,1146.9 
106.906965,-7.009785,1150.1 
106.905273,-7.010408,1153.3 
106.903581,-7.01103,1156.5 
106.901889,-7.011652,1159.71 
106.900197,-7.012274,1162.93 
106.898505,-7.012897,1166.15 
106.896813,-7.013519,1169.38 
106.895121,-7.014141,1172.61 
106.893429,-7.014763,1175.85 
106.891737,-7.015386,1179.09 
106.890045,-7.016008,1182.34 
106.888353,-7.01663,1185.6 
106.886661,-7.017252,1188.86 
106.884969,-7.017874,1192.12 
106.883277,-7.018497,1195.39 
106.881585,-7.019119,1198.67 
106.879893,-7.019741,1201.95 
106.878201,-7.020363,1205.24 
106.876509,-7.020985,1208.53 
106.874817,-7.021608,1211.83 
106.873125,-7.02223,1215.13 
106.871433,-7.022852,1218.44 
106.869741,-7.023474,1221.76 
106.868049,-7.024096,1225.08 
106.866357,-7.024718,1228.4 
106.864665,-7.02534,1231.73 
106.862973,-7.025963,1235.07 
106.861281,-7.026585,1238.41 
106.859588,-7.027207,1241.76 
106.857896,-7.027829,1245.11 
106.856204,-7.028451,1248.47 
106.854512,-7.029073,1251.84 
106.85282,-7.029695,1255.21 
106.851128,-7.030317,1258.58 
106.849436,-7.030939,1261.96 
106.847744,-7.031561,1265.35 
106.846052,-7.032183,1268.74 
106.84436,-7.032805,1272.14 
106.842667,-7.033428,1275.54 
106.840975,-7.03405,1278.95 
106.839283,-7.034672,1282.36 
106.837591,-7.035294,1285.78 
106.835899,-7.035916,1289.21 
106.834207,-7.036538,1292.64 
106.832515,-7.03716,1296.08 
106.830822,-7.037782,1299.52 
106.82913,-7.038404,1302.97 
106.827438,-7.039026,1306.42 
106.825746,-7.039648,1309.88 
106.824054,-7.04027,1313.34 
106.822362,-7.040892,1316.81 
106.820669,-7.041514,1320.29 
106.818977,-7.042136,1323.77 
106.817285,-7.042758,1327.25 
106.815593,-7.043379,1330.74 
106.813901,-7.044001,1334.24 
106.812208,-7.044623,1337.75 
106.810516,-7.045245,1341.25 
106.808824,-7.045867,1344.77 
106.807132,-7.046489,1348.29 
106.80544,-7.047111,1351.81 
106.803747,-7.047733,1355.35 
106.802055,-7.048355,1358.88 
106.800363,-7.048977,1362.43 
106.798671,-7.049599,1365.97 
106.796978,-7.050221,1369.53 
106.795286,-7.050842,1373.09 
106.793594,-7.051464,1376.65 
106.791902,-7.052086,1380.22 
106.790209,-7.052708,1383.8 
106.788517,-7.05333,1387.38 
106.786825,-7.053952,1390.97 
106.785133,-7.054574,1394.56 
106.78344,-7.055195,1398.16 
106.781748,-7.055817,1401.77 
106.780056,-7.056439,1405.38 
106.778363,-7.057061,1408.99 
106.776671,-7.057683,1412.62 
106.774979,-7.058304,1416.24 
106.773287,-7.058926,1419.88 
106.771594,-7.059548,1423.52 
106.769902,-7.06017,1427.16 
106.76821,-7.060792,1430.81 
106.766517,-7.061413,1434.47 
106.764825,-7.062035,1438.13 
106.763133,-7.062657,1441.8 
106.76144,-7.063279,1445.47 
106.759748,-7.0639,1449.15 
106.758056,-7.064522,1452.84 
106.756363,-7.065144,1456.53 
106.754671,-7.065766,1460.23 
106.752978,-7.066387,1463.93 
106.751286,-7.067009,1467.64 
106.749594,-7.067631,1471.35 
106.747901,-7.068253,1475.07 
106.746209,-7.068874,1478.8 
106.744517,-7.069496,1482.53 
106.742824,-7.070118,1486.27 
106.741132,-7.070739,1490.01 
106.739439,-7.071361,1493.76 
106.737747,-7.071983,1497.52 
106.736055,-7.072604,1501.28 
106.734362,-7.073226,1505.05 
106.73267,-7.073848,1508.82 
106.730977,-7.074469,1512.6 
106.729285,-7.075091,1516.39 
106.727592,-7.075713,1520.18 
106.7259,-7.076334,1523.98 
106.724208,-7.076956,1527.78 
106.722515,-7.077577,1531.59 
106.720823,-7.078199,1535.41 
106.71913,-7.078821,1539.23 
106.717438,-7.079442,1543.06 
106.715745,-7.080064,1546.89 
106.714053,-7.080685,1550.73 
106.71236,-7.081307,1554.58 
106.710668,-7.081929,1558.43 
106.708975,-7.08255,1562.29 
106.707283,-7.083172,1566.15 
106.70559,-7.083793,1570.02 
106.703898,-7.084415,1573.9 
106.702205,-7.085036,1577.78 
106.700513,-7.085658,1581.67 
106.69882,-7.086279,1585.57 
106.697128,-7.086901,1589.47 
106.695435,-7.087522,1593.38 
106.693743,-7.088144,1597.29 
106.69205,-7.088765,1601.22 
106.690358,-7.089387,1605.14 
106.688665,-7.090008,1609.08 
106.686973,-7.09063,1613.02 
106.68528,-7.091251,1616.96 
106.683588,-7.091873,1620.92 
106.681895,-7.092494,1624.88 
106.680203,-7.093116,1628.84 
106.67851,-7.093737,1632.82 
106.676817,-7.094359,1636.79 
106.675125,-7.09498,1640.78 
106.673432,-7.095602,1644.77 
106.67174,-7.096223,1648.77 
106.670047,-7.096844,1652.78 
106.668354,-7.097466,1656.79 
106.666662,-7.098087,1660.81 
106.664969,-7.098709,1664.84 
106.663277,-7.09933,1668.87 
106.661584,-7.099952,1672.91 
106.659891,-7.100573,1676.95 
106.658199,-7.101194,1681.01 
106.656506,-7.101816,1685.07 
106.654814,-7.102437,1689.14 
106.653121,-7.103058,1693.21 
106.651428,-7.10368,1697.29 
106.649736,-7.104301,1701.38 
106.648043,-7.104922,1705.48 
106.64635,-7.105544,1709.58 
106.644658,-7.106165,1713.69 
106.642965,-7.106786,1717.81 
106.641272,-7.107408,1721.94 
106.63958,-7.108029,1726.07 
106.637887,-7.10865,1730.21 
106.636194,-7.109272,1734.36 
106.634502,-7.109893,1738.51 
106.632809,-7.110514,1742.68 
106.631116,-7.111136,1746.85 
106.629424,-7.111757,1751.03 
106.627731,-7.112378,1755.21 
106.626038,-7.112999,1759.41 
106.624346,-7.113621,1763.61 
106.622653,-7.114242,1767.83 
106.62096,-7.114863,1772.05 
106.619267,-7.115484,1776.28 
106.617575,-7.116106,1780.51 
106.615882,-7.116727,1784.76 
106.614189,-7.117348,1789.01 
106.612496,-7.117969,1793.28 
106.610804,-7.118591,1797.55 
106.609111,-7.119212,1801.83 
106.607418,-7.119833,1806.12 
106.605725,-7.120454,1810.43 
106.604033,-7.121075,1814.74 
106.60234,-7.121696,1819.06 
106.600647,-7.122318,1823.39 
106.598954,-7.122939,1827.73 
106.597262,-7.12356,1832.08 
106.595569,-7.124181,1836.45 
106.593876,-7.124802,1840.82 
106.592183,-7.125423,1845.21 
106.59049,-7.126045,1849.6 
106.588798,-7.126666,1854.01 
106.587105,-7.127287,1858.43 
106.585412,-7.127908,1862.87 
106.583719,-7.128529,1867.32 
106.582026,-7.12915,1871.78 
106.580333,-7.129771,1876.25 
106.578641,-7.130392,1880.75 
106.576948,-7.131013,1885.25 
106.575255,-7.131635,1889.78 
106.573562,-7.132256,1894.32 
106.571869,-7.132877,1898.87 
106.570176,-7.133498,1903.45 
106.568484,-7.134119,1908.05 
106.566791,-7.13474,1912.67 
106.565098,-7.135361,1917.32 
106.563405,-7.135982,1921.99 
106.561712,-7.136603,1926.69 
106.560019,-7.137224,1931.41 
106.558326,-7.137845,1936.18 
106.556633,-7.138466,1940.98 
106.55494,-7.139087,1945.83 
106.553248,-7.139708,1950.73 
106.551555,-7.140329,1955.7 
106.549862,-7.14095,1960.74 
106.548169,-7.141571,1965.89 
106.546476,-7.142192,1971.17 
106.544783,-7.142813,1976.68 
106.54309,-7.143434,1982.59 
106.541397,-7.144055,1991 
</coordinates></LineString></Placemark>
<Placemark><name>1.0F1</name>
<LookAt><altitudeMode>absolute</altitudeMode><longitude> 106.964488656977</longitude><latitude>-6.98862451260982</latitude><altitude> 1091.84183016285</altitude><range> 99574.4487954743</range><tilt>80.0</tilt><heading> 159.60965164137</heading></LookAt>
<Style><LineStyle><color>b000ffff</color><width>2</width></LineStyle></Style>
<LineString><altitudeMode>absolute</altitudeMode><coordinates>
107.387299,-6.832817,484.9 
107.385608,-6.833441,493.79 
107.383917,-6.834065,498.55 
107.382227,-6.834689,502.63 
107.380536,-6.835313,506.36 
107.378845,-6.835937,509.86 
107.377154,-6.836561,513.21 
107.375464,-6.837185,516.44 
107.373773,-6.837809,519.58 
107.372082,-6.838433,522.64 
107.370392,-6.839057,525.64 
107.368701,-6.83968,528.59 
107.36701,-6.840304,531.49 
107.365319,-6.840928,534.35 
107.363629,-6.841552,537.18 
107.361938,-6.842176,539.97 
107.360247,-6.8428,542.74 
107.358556,-6.843424,545.49 
107.356866,-6.844048,548.21 
107.355175,-6.844671,550.91 
107.353484,-6.845295,553.6 
107.351793,-6.845919,556.27 
107.350102,-6.846543,558.92 
107.348412,-6.847167,561.56 
107.346721,-6.847791,564.19 
107.34503,-6.848415,566.81 
107.343339,-6.849038,569.41 
107.341648,-6.849662,572.01 
107.339958,-6.850286,574.6 
107.338267,-6.85091,577.18 
107.336576,-6.851534,579.75 
107.334885,-6.852157,582.31 
107.333194,-6.852781,584.87 
107.331504,-6.853405,587.42 
107.329813,-6.854029,589.97 
107.328122,-6.854652,592.51 
107.326431,-6.855276,595.05 
107.32474,-6.8559,597.58 
107.323049,-6.856524,600.1 
107.321359,-6.857148,602.63 
107.319668,-6.857771,605.15 
107.317977,-6.858395,607.67 
107.316286,-6.859019,610.18 
107.314595,-6.859642,612.69 
107.312904,-6.860266,615.2 
107.311213,-6.86089,617.71 
107.309522,-6.861514,620.21 
107.307832,-6.862137,622.71 
107.306141,-6.862761,625.21 
107.30445,-6.863385,627.71 
107.302759,-6.864008,630.21 
107.301068,-6.864632,632.71 
107.299377,-6.865256,635.21 
107.297686,-6.865879,637.7 
107.295995,-6.866503,640.19 
107.294304,-6.867127,642.69 
107.292613,-6.86775,645.18 
107.290922,-6.868374,647.67 
107.289231,-6.868998,650.17 
107.287541,-6.869621,652.66 
107.28585,-6.870245,655.15 
107.284159,-6.870868,657.65 
107.282468,-6.871492,660.14 
107.280777,-6.872116,662.63 
107.279086,-6.872739,665.12 
107.277395,-6.873363,667.62 
107.275704,-6.873986,670.11 
107.274013,-6.87461,672.61 
107.272322,-6.875234,675.1 
107.270631,-6.875857,677.6 
107.26894,-6.876481,680.1 
107.267249,-6.877104,682.6 
107.265558,-6.877728,685.1 
107.263867,-6.878351,687.6 
107.262176,-6.878975,690.1 
107.260485,-6.879598,692.6 
107.258794,-6.880222,695.1 
107.257103,-6.880845,697.61 
107.255412,-6.881469,700.11 
107.253721,-6.882092,702.62 
107.25203,-6.882716,705.13 
107.250339,-6.883339,707.64 
107.248648,-6.883963,710.15 
107.246957,-6.884586,712.67 
107.245266,-6.88521,715.18 
107.243574,-6.885833,717.7 
107.241883,-6.886457,720.22 
107.240192,-6.88708,722.74 
107.238501,-6.887704,725.26 
107.23681,-6.888327,727.78 
107.235119,-6.888951,730.31 
107.233428,-6.889574,732.84 
107.231737,-6.890198,735.37 
107.230046,-6.890821,737.9 
107.228355,-6.891444,740.43 
107.226664,-6.892068,742.97 
107.224973,-6.892691,745.51 
107.223281,-6.893315,748.05 
107.22159,-6.893938,750.59 
107.219899,-6.894561,753.13 
107.218208,-6.895185,755.68 
107.216517,-6.895808,758.23 
107.214826,-6.896431,760.78 
107.213135,-6.897055,763.33 
107.211443,-6.897678,765.89 
107.209752,-6.898302,768.44 
107.208061,-6.898925,771 
107.20637,-6.899548,773.57 
107.204679,-6.900172,776.13 
107.202988,-6.900795,778.7 
107.201297,-6.901418,781.27 
107.199605,-6.902042,783.84 
107.197914,-6.902665,786.41 
107.196223,-6.903288,788.99 
107.194532,-6.903911,791.57 
107.192841,-6.904535,794.15 
107.191149,-6.905158,796.74 
107.189458,-6.905781,799.32 
107.187767,-6.906405,801.91 
107.186076,-6.907028,804.51 
107.184385,-6.907651,807.1 
107.182693,-6.908274,809.7 
107.181002,-6.908898,812.3 
107.179311,-6.909521,814.9 
107.17762,-6.910144,817.51 
107.175928,-6.910767,820.12 
107.174237,-6.911391,822.73 
107.172546,-6.912014,825.34 
107.170855,-6.912637,827.96 
107.169163,-6.91326,830.58 
107.167472,-6.913883,833.2 
107.165781,-6.914507,835.83 
107.16409,-6.91513,838.45 
107.162398,-6.915753,841.08 
107.160707,-6.916376,843.72 
107.159016,-6.916999,846.35 
107.157325,-6.917623,848.99 
107.155633,-6.918246,851.64 
107.153942,-6.918869,854.28 
107.152251,-6.919492,856.93 
107.150559,-6.920115,859.58 
107.148868,-6.920738,862.23 
107.147177,-6.921361,864.89 
107.145485,-6.921985,867.55 
107.143794,-6.922608,870.21 
107.142103,-6.923231,872.88 
107.140411,-6.923854,875.55 
107.13872,-6.924477,878.22 
107.137029,-6.9251,880.89 
107.135337,-6.925723,883.57 
107.133646,-6.926346,886.25 
107.131955,-6.926969,888.94 
107.130263,-6.927592,891.62 
107.128572,-6.928216,894.31 
107.126881,-6.928839,897.01 
107.125189,-6.929462,899.7 
107.123498,-6.930085,902.4 
107.121807,-6.930708,905.1 
107.120115,-6.931331,907.81 
107.118424,-6.931954,910.52 
107.116732,-6.932577,913.23 
107.115041,-6.9332,915.94 
107.11335,-6.933823,918.66 
107.111658,-6.934446,921.38 
107.109967,-6.935069,924.11 
107.108275,-6.935692,926.83 
107.106584,-6.936315,929.56 
107.104892,-6.936938,932.3 
107.103201,-6.937561,935.03 
107.10151,-6.938184,937.77 
107.099818,-6.938807,940.52 
107.098127,-6.93943,943.26 
107.096435,-6.940053,946.01 
107.094744,-6.940676,948.77 
107.093052,-6.941299,951.52 
107.091361,-6.941921,954.28 
107.089669,-6.942544,957.04 
107.087978,-6.943167,959.81 
107.086287,-6.94379,962.58 
107.084595,-6.944413,965.35 
107.082904,-6.945036,968.12 
107.081212,-6.945659,970.9 
107.079521,-6.946282,973.68 
107.077829,-6.946905,976.47 
107.076138,-6.947528,979.26 
107.074446,-6.94815,982.05 
107.072755,-6.948773,984.84 
107.071063,-6.949396,987.64 
107.069372,-6.950019,990.44 
107.06768,-6.950642,993.25 
107.065989,-6.951265,996.06 
107.064297,-6.951888,998.87 
107.062605,-6.95251,1001.68 
107.060914,-6.953133,1004.5 
107.059222,-6.953756,1007.32 
107.057531,-6.954379,1010.15 
107.055839,-6.955002,1012.97 
107.054148,-6.955625,1015.81 
107.052456,-6.956247,1018.64 
107.050765,-6.95687,1021.48 
107.049073,-6.957493,1024.32 
107.047381,-6.958116,1027.16 
107.04569,-6.958738,1030.01 
107.043998,-6.959361,1032.86 
107.042307,-6.959984,1035.72 
107.040615,-6.960607,1038.57 
107.038923,-6.961229,1041.44 
107.037232,-6.961852,1044.3 
107.03554,-6.962475,1047.17 
107.033849,-6.963098,1050.04 
107.032157,-6.96372,1052.91 
107.030465,-6.964343,1055.79 
107.028774,-6.964966,1058.67 
107.027082,-6.965589,1061.56 
107.025391,-6.966211,1064.45 
107.023699,-6.966834,1067.34 
107.022007,-6.967457,1070.23 
107.020316,-6.968079,1073.13 
107.018624,-6.968702,1076.03 
107.016932,-6.969325,1078.94 
107.015241,-6.969947,1081.85 
107.013549,-6.97057,1084.76 
107.011857,-6.971193,1087.67 
107.010166,-6.971815,1090.59 
107.008474,-6.972438,1093.51 
107.006782,-6.973061,1096.44 
107.005091,-6.973683,1099.37 
107.003399,-6.974306,1102.3 
107.001707,-6.974928,1105.23 
107.000015,-6.975551,1108.17 
106.998324,-6.976174,1111.12 
106.996632,-6.976796,1114.06 
106.99494,-6.977419,1117.01 
106.993249,-6.978041,1119.96 
106.991557,-6.978664,1122.92 
106.989865,-6.979287,1125.88 
106.988173,-6.979909,1128.84 
106.986482,-6.980532,1131.81 
106.98479,-6.981154,1134.78 
106.983098,-6.981777,1137.75 
106.981406,-6.982399,1140.73 
106.979715,-6.983022,1143.71 
106.978023,-6.983644,1146.69 
106.976331,-6.984267,1149.68 
106.974639,-6.98489,1152.67 
106.972948,-6.985512,1155.66 
106.971256,-6.986135,1158.66 
106.969564,-6.986757,1161.66 
106.967872,-6.98738,1164.66 
106.96618,-6.988002,1167.67 
106.964489,-6.988625,1170.68 
106.962797,-6.989247,1173.69 
106.961105,-6.989869,1176.71 
106.959413,-6.990492,1179.73 
106.957721,-6.991114,1182.75 
106.95603,-6.991737,1185.78 
106.954338,-6.992359,1188.81 
106.952646,-6.992982,1191.85 
106.950954,-6.993604,1194.88 
106.949262,-6.994227,1197.93 
106.94757,-6.994849,1200.97 
106.945879,-6.995471,1204.02 
106.944187,-6.996094,1207.07 
106.942495,-6.996716,1210.12 
106.940803,-6.997339,1213.18 
106.939111,-6.997961,1216.24 
106.937419,-6.998583,1219.31 
106.935727,-6.999206,1222.38 
106.934036,-6.999828,1225.45 
106.932344,-7.000451,1228.52 
106.930652,-7.001073,1231.6 
106.92896,-7.001695,1234.69 
106.927268,-7.002318,1237.77 
106.925576,-7.00294,1240.86 
106.923884,-7.003562,1243.95 
106.922192,-7.004185,1247.05 
106.9205,-7.004807,1250.15 
106.918808,-7.005429,1253.25 
106.917117,-7.006052,1256.36 
106.915425,-7.006674,1259.46 
106.913733,-7.007296,1262.58 
106.912041,-7.007919,1265.69 
106.910349,-7.008541,1268.81 
106.908657,-7.009163,1271.94 
106.906965,-7.009785,1275.06 
106.905273,-7.010408,1278.19 
106.903581,-7.01103,1281.32 
106.901889,-7.011652,1284.46 
106.900197,-7.012274,1287.6 
106.898505,-7.012897,1290.74 
106.896813,-7.013519,1293.89 
106.895121,-7.014141,1297.04 
106.893429,-7.014763,1300.19 
106.891737,-7.015386,1303.35 
106.890045,-7.016008,1306.51 
106.888353,-7.01663,1309.67 
106.886661,-7.017252,1312.84 
106.884969,-7.017874,1316.01 
106.883277,-7.018497,1319.18 
106.881585,-7.019119,1322.36 
106.879893,-7.019741,1325.54 
106.878201,-7.020363,1328.72 
106.876509,-7.020985,1331.91 
106.874817,-7.021608,1335.1 
106.873125,-7.02223,1338.29 
106.871433,-7.022852,1341.49 
106.869741,-7.023474,1344.69 
106.868049,-7.024096,1347.89 
106.866357,-7.024718,1351.1 
106.864665,-7.02534,1354.31 
106.862973,-7.025963,1357.52 
106.861281,-7.026585,1360.74 
106.859588,-7.027207,1363.96 
106.857896,-7.027829,1367.18 
106.856204,-7.028451,1370.41 
106.854512,-7.029073,1373.64 
106.85282,-7.029695,1376.87 
106.851128,-7.030317,1380.1 
106.849436,-7.030939,1383.34 
106.847744,-7.031561,1386.59 
106.846052,-7.032183,1389.83 
106.84436,-7.032805,1393.08 
106.842667,-7.033428,1396.33 
106.840975,-7.03405,1399.59 
106.839283,-7.034672,1402.85 
106.837591,-7.035294,1406.11 
106.835899,-7.035916,1409.38 
106.834207,-7.036538,1412.64 
106.832515,-7.03716,1415.92 
106.830822,-7.037782,1419.19 
106.82913,-7.038404,1422.47 
106.827438,-7.039026,1425.75 
106.825746,-7.039648,1429.03 
106.824054,-7.04027,1432.32 
106.822362,-7.040892,1435.61 
106.820669,-7.041514,1438.91 
106.818977,-7.042136,1442.2 
106.817285,-7.042758,1445.51 
106.815593,-7.043379,1448.81 
106.813901,-7.044001,1452.12 
106.812208,-7.044623,1455.42 
106.810516,-7.045245,1458.74 
106.808824,-7.045867,1462.05 
106.807132,-7.046489,1465.37 
106.80544,-7.047111,1468.7 
106.803747,-7.047733,1472.02 
106.802055,-7.048355,1475.35 
106.800363,-7.048977,1478.68 
106.798671,-7.049599,1482.01 
106.796978,-7.050221,1485.35 
106.795286,-7.050842,1488.69 
106.793594,-7.051464,1492.04 
106.791902,-7.052086,1495.38 
106.790209,-7.052708,1498.73 
106.788517,-7.05333,1502.09 
106.786825,-7.053952,1505.44 
106.785133,-7.054574,1508.8 
106.78344,-7.055195,1512.16 
106.781748,-7.055817,1515.53 
106.780056,-7.056439,1518.89 
106.778363,-7.057061,1522.26 
106.776671,-7.057683,1525.64 
106.774979,-7.058304,1529.01 
106.773287,-7.058926,1532.39 
106.771594,-7.059548,1535.78 
106.769902,-7.06017,1539.16 
106.76821,-7.060792,1542.55 
106.766517,-7.061413,1545.94 
106.764825,-7.062035,1549.33 
106.763133,-7.062657,1552.73 
106.76144,-7.063279,1556.13 
106.759748,-7.0639,1559.53 
106.758056,-7.064522,1562.94 
106.756363,-7.065144,1566.34 
106.754671,-7.065766,1569.75 
106.752978,-7.066387,1573.17 
106.751286,-7.067009,1576.58 
106.749594,-7.067631,1580 
106.747901,-7.068253,1583.42 
106.746209,-7.068874,1586.85 
106.744517,-7.069496,1590.27 
106.742824,-7.070118,1593.7 
106.741132,-7.070739,1597.14 
106.739439,-7.071361,1600.57 
106.737747,-7.071983,1604.01 
106.736055,-7.072604,1607.45 
106.734362,-7.073226,1610.89 
106.73267,-7.073848,1614.33 
106.730977,-7.074469,1617.78 
106.729285,-7.075091,1621.23 
106.727592,-7.075713,1624.68 
106.7259,-7.076334,1628.14 
106.724208,-7.076956,1631.6 
106.722515,-7.077577,1635.06 
106.720823,-7.078199,1638.52 
106.71913,-7.078821,1641.98 
106.717438,-7.079442,1645.45 
106.715745,-7.080064,1648.92 
106.714053,-7.080685,1652.39 
106.71236,-7.081307,1655.86 
106.710668,-7.081929,1659.34 
106.708975,-7.08255,1662.82 
106.707283,-7.083172,1666.3 
106.70559,-7.083793,1669.78 
106.703898,-7.084415,1673.26 
106.702205,-7.085036,1676.75 
106.700513,-7.085658,1680.24 
106.69882,-7.086279,1683.73 
106.697128,-7.086901,1687.22 
106.695435,-7.087522,1690.72 
106.693743,-7.088144,1694.21 
106.69205,-7.088765,1697.71 
106.690358,-7.089387,1701.21 
106.688665,-7.090008,1704.72 
106.686973,-7.09063,1708.22 
106.68528,-7.091251,1711.73 
106.683588,-7.091873,1715.23 
106.681895,-7.092494,1718.74 
106.680203,-7.093116,1722.25 
106.67851,-7.093737,1725.77 
106.676817,-7.094359,1729.28 
106.675125,-7.09498,1732.79 
106.673432,-7.095602,1736.31 
106.67174,-7.096223,1739.83 
106.670047,-7.096844,1743.35 
106.668354,-7.097466,1746.87 
106.666662,-7.098087,1750.39 
106.664969,-7.098709,1753.91 
106.663277,-7.09933,1757.44 
106.661584,-7.099952,1760.96 
106.659891,-7.100573,1764.49 
106.658199,-7.101194,1768.02 
106.656506,-7.101816,1771.54 
106.654814,-7.102437,1775.07 
106.653121,-7.103058,1778.6 
106.651428,-7.10368,1782.13 
106.649736,-7.104301,1785.66 
106.648043,-7.104922,1789.19 
106.64635,-7.105544,1792.73 
106.644658,-7.106165,1796.26 
106.642965,-7.106786,1799.79 
106.641272,-7.107408,1803.32 
106.63958,-7.108029,1806.85 
106.637887,-7.10865,1810.38 
106.636194,-7.109272,1813.92 
106.634502,-7.109893,1817.45 
106.632809,-7.110514,1820.98 
106.631116,-7.111136,1824.51 
106.629424,-7.111757,1828.04 
106.627731,-7.112378,1831.56 
106.626038,-7.112999,1835.09 
106.624346,-7.113621,1838.62 
106.622653,-7.114242,1842.14 
106.62096,-7.114863,1845.67 
106.619267,-7.115484,1849.19 
106.617575,-7.116106,1852.71 
106.615882,-7.116727,1856.23 
106.614189,-7.117348,1859.74 
106.612496,-7.117969,1863.25 
106.610804,-7.118591,1866.77 
106.609111,-7.119212,1870.27 
106.607418,-7.119833,1873.78 
106.605725,-7.120454,1877.28 
106.604033,-7.121075,1880.77 
106.60234,-7.121696,1884.27 
106.600647,-7.122318,1887.76 
106.598954,-7.122939,1891.24 
106.597262,-7.12356,1894.72 
106.595569,-7.124181,1898.19 
106.593876,-7.124802,1901.66 
106.592183,-7.125423,1905.12 
106.59049,-7.126045,1908.57 
106.588798,-7.126666,1912.01 
106.587105,-7.127287,1915.45 
106.585412,-7.127908,1918.88 
106.583719,-7.128529,1922.3 
106.582026,-7.12915,1925.71 
106.580333,-7.129771,1929.1 
106.578641,-7.130392,1932.49 
106.576948,-7.131013,1935.86 
106.575255,-7.131635,1939.21 
106.573562,-7.132256,1942.55 
106.571869,-7.132877,1945.87 
106.570176,-7.133498,1949.17 
106.568484,-7.134119,1952.45 
106.566791,-7.13474,1955.71 
106.565098,-7.135361,1958.93 
106.563405,-7.135982,1962.13 
106.561712,-7.136603,1965.3 
106.560019,-7.137224,1968.42 
106.558326,-7.137845,1971.5 
106.556633,-7.138466,1974.52 
106.55494,-7.139087,1977.48 
106.553248,-7.139708,1980.37 
106.551555,-7.140329,1983.17 
106.549862,-7.14095,1985.84 
106.548169,-7.141571,1988.36 
106.546476,-7.142192,1990.65 
106.544783,-7.142813,1992.6 
106.54309,-7.143434,1993.87 
106.541397,-7.144055,1991 
106.541397,-7.144055,1991 
106.54309,-7.143434,1979.78 
106.544783,-7.142813,1972.7 
106.546476,-7.142192,1966.3 
106.548169,-7.141571,1960.27 
106.549862,-7.14095,1954.47 
106.551555,-7.140329,1948.83 
106.553248,-7.139708,1943.32 
106.55494,-7.139087,1937.92 
106.556633,-7.138466,1932.6 
106.558326,-7.137845,1927.35 
106.560019,-7.137224,1922.16 
106.561712,-7.136603,1917.03 
106.563405,-7.135982,1911.95 
106.565098,-7.135361,1906.91 
106.566791,-7.13474,1901.91 
106.568484,-7.134119,1896.95 
106.570176,-7.133498,1892.02 
106.571869,-7.132877,1887.13 
106.573562,-7.132256,1882.26 
106.575255,-7.131635,1877.42 
106.576948,-7.131013,1872.6 
106.578641,-7.130392,1867.81 
106.580333,-7.129771,1863.04 
106.582026,-7.12915,1858.3 
106.583719,-7.128529,1853.57 
106.585412,-7.127908,1848.87 
106.587105,-7.127287,1844.18 
106.588798,-7.126666,1839.51 
106.59049,-7.126045,1834.86 
106.592183,-7.125423,1830.23 
106.593876,-7.124802,1825.61 
106.595569,-7.124181,1821.01 
106.597262,-7.12356,1816.42 
106.598954,-7.122939,1811.85 
106.600647,-7.122318,1807.3 
106.60234,-7.121696,1802.76 
106.604033,-7.121075,1798.23 
106.605725,-7.120454,1793.71 
106.607418,-7.119833,1789.21 
106.609111,-7.119212,1784.72 
106.610804,-7.118591,1780.25 
106.612496,-7.117969,1775.78 
106.614189,-7.117348,1771.33 
106.615882,-7.116727,1766.89 
106.617575,-7.116106,1762.46 
106.619267,-7.115484,1758.05 
106.62096,-7.114863,1753.64 
106.622653,-7.114242,1749.25 
106.624346,-7.113621,1744.86 
106.626038,-7.112999,1740.49 
106.627731,-7.112378,1736.13 
106.629424,-7.111757,1731.78 
106.631116,-7.111136,1727.43 
106.632809,-7.110514,1723.1 
106.634502,-7.109893,1718.78 
106.636194,-7.109272,1714.47 
106.637887,-7.10865,1710.17 
106.63958,-7.108029,1705.87 
106.641272,-7.107408,1701.59 
106.642965,-7.106786,1697.32 
106.644658,-7.106165,1693.05 
106.64635,-7.105544,1688.79 
106.648043,-7.104922,1684.55 
106.649736,-7.104301,1680.31 
106.651428,-7.10368,1676.08 
106.653121,-7.103058,1671.86 
106.654814,-7.102437,1667.65 
106.656506,-7.101816,1663.45 
106.658199,-7.101194,1659.26 
106.659891,-7.100573,1655.07 
106.661584,-7.099952,1650.89 
106.663277,-7.09933,1646.73 
106.664969,-7.098709,1642.57 
106.666662,-7.098087,1638.41 
106.668354,-7.097466,1634.27 
106.670047,-7.096844,1630.13 
106.67174,-7.096223,1626.01 
106.673432,-7.095602,1621.89 
106.675125,-7.09498,1617.78 
106.676817,-7.094359,1613.67 
106.67851,-7.093737,1609.58 
106.680203,-7.093116,1605.49 
106.681895,-7.092494,1601.41 
106.683588,-7.091873,1597.34 
106.68528,-7.091251,1593.27 
106.686973,-7.09063,1589.22 
106.688665,-7.090008,1585.17 
106.690358,-7.089387,1581.13 
106.69205,-7.088765,1577.09 
106.693743,-7.088144,1573.06 
106.695435,-7.087522,1569.05 
106.697128,-7.086901,1565.03 
106.69882,-7.086279,1561.03 
106.700513,-7.085658,1557.03 
106.702205,-7.085036,1553.04 
106.703898,-7.084415,1549.06 
106.70559,-7.083793,1545.08 
106.707283,-7.083172,1541.12 
106.708975,-7.08255,1537.16 
106.710668,-7.081929,1533.2 
106.71236,-7.081307,1529.26 
106.714053,-7.080685,1525.32 
106.715745,-7.080064,1521.38 
106.717438,-7.079442,1517.46 
106.71913,-7.078821,1513.54 
106.720823,-7.078199,1509.63 
106.722515,-7.077577,1505.73 
106.724208,-7.076956,1501.83 
106.7259,-7.076334,1497.94 
106.727592,-7.075713,1494.05 
106.729285,-7.075091,1490.18 
106.730977,-7.074469,1486.31 
106.73267,-7.073848,1482.45 
106.734362,-7.073226,1478.59 
106.736055,-7.072604,1474.74 
106.737747,-7.071983,1470.9 
106.739439,-7.071361,1467.06 
106.741132,-7.070739,1463.23 
106.742824,-7.070118,1459.41 
106.744517,-7.069496,1455.6 
106.746209,-7.068874,1451.79 
106.747901,-7.068253,1447.99 
106.749594,-7.067631,1444.19 
106.751286,-7.067009,1440.4 
106.752978,-7.066387,1436.62 
106.754671,-7.065766,1432.85 
106.756363,-7.065144,1429.08 
106.758056,-7.064522,1425.31 
106.759748,-7.0639,1421.56 
106.76144,-7.063279,1417.81 
106.763133,-7.062657,1414.07 
106.764825,-7.062035,1410.33 
106.766517,-7.061413,1406.6 
106.76821,-7.060792,1402.88 
106.769902,-7.06017,1399.16 
106.771594,-7.059548,1395.45 
106.773287,-7.058926,1391.75 
106.774979,-7.058304,1388.05 
106.776671,-7.057683,1384.36 
106.778363,-7.057061,1380.68 
106.780056,-7.056439,1377 
106.781748,-7.055817,1373.33 
106.78344,-7.055195,1369.66 
106.785133,-7.054574,1366 
106.786825,-7.053952,1362.35 
106.788517,-7.05333,1358.71 
106.790209,-7.052708,1355.07 
106.791902,-7.052086,1351.43 
106.793594,-7.051464,1347.81 
106.795286,-7.050842,1344.19 
106.796978,-7.050221,1340.57 
106.798671,-7.049599,1336.96 
106.800363,-7.048977,1333.36 
106.802055,-7.048355,1329.77 
106.803747,-7.047733,1326.18 
106.80544,-7.047111,1322.59 
106.807132,-7.046489,1319.02 
106.808824,-7.045867,1315.45 
106.810516,-7.045245,1311.88 
106.812208,-7.044623,1308.33 
106.813901,-7.044001,1304.77 
106.815593,-7.043379,1301.23 
106.817285,-7.042758,1297.69 
106.818977,-7.042136,1294.16 
106.820669,-7.041514,1290.63 
106.822362,-7.040892,1287.11 
106.824054,-7.04027,1283.6 
106.825746,-7.039648,1280.09 
106.827438,-7.039026,1276.59 
106.82913,-7.038404,1273.09 
106.830822,-7.037782,1269.6 
106.832515,-7.03716,1266.12 
106.834207,-7.036538,1262.64 
106.835899,-7.035916,1259.17 
106.837591,-7.035294,1255.7 
106.839283,-7.034672,1252.24 
106.840975,-7.03405,1248.79 
106.842667,-7.033428,1245.34 
106.84436,-7.032805,1241.9 
106.846052,-7.032183,1238.47 
106.847744,-7.031561,1235.04 
106.849436,-7.030939,1231.62 
106.851128,-7.030317,1228.2 
106.85282,-7.029695,1224.79 
106.854512,-7.029073,1221.39 
106.856204,-7.028451,1217.99 
106.857896,-7.027829,1214.6 
106.859588,-7.027207,1211.21 
106.861281,-7.026585,1207.83 
106.862973,-7.025963,1204.46 
106.864665,-7.02534,1201.09 
106.866357,-7.024718,1197.73 
106.868049,-7.024096,1194.37 
106.869741,-7.023474,1191.02 
106.871433,-7.022852,1187.68 
106.873125,-7.02223,1184.34 
106.874817,-7.021608,1181.01 
106.876509,-7.020985,1177.69 
106.878201,-7.020363,1174.37 
106.879893,-7.019741,1171.05 
106.881585,-7.019119,1167.75 
106.883277,-7.018497,1164.45 
106.884969,-7.017874,1161.15 
106.886661,-7.017252,1157.86 
106.888353,-7.01663,1154.58 
106.890045,-7.016008,1151.3 
106.891737,-7.015386,1148.03 
106.893429,-7.014763,1144.76 
106.895121,-7.014141,1141.5 
106.896813,-7.013519,1138.25 
106.898505,-7.012897,1135 
106.900197,-7.012274,1131.76 
106.901889,-7.011652,1128.53 
106.903581,-7.01103,1125.3 
106.905273,-7.010408,1122.07 
106.906965,-7.009785,1118.86 
106.908657,-7.009163,1115.64 
106.910349,-7.008541,1112.44 
106.912041,-7.007919,1109.24 
106.913733,-7.007296,1106.05 
106.915425,-7.006674,1102.86 
106.917117,-7.006052,1099.68 
106.918808,-7.005429,1096.5 
106.9205,-7.004807,1093.33 
106.922192,-7.004185,1090.17 
106.923884,-7.003562,1087.01 
106.925576,-7.00294,1083.86 
106.927268,-7.002318,1080.71 
106.92896,-7.001695,1077.57 
106.930652,-7.001073,1074.44 
106.932344,-7.000451,1071.31 
106.934036,-6.999828,1068.19 
106.935727,-6.999206,1065.07 
106.937419,-6.998583,1061.96 
106.939111,-6.997961,1058.86 
106.940803,-6.997339,1055.76 
106.942495,-6.996716,1052.67 
106.944187,-6.996094,1049.58 
106.945879,-6.995471,1046.5 
106.94757,-6.994849,1043.43 
106.949262,-6.994227,1040.36 
106.950954,-6.993604,1037.29 
106.952646,-6.992982,1034.24 
106.954338,-6.992359,1031.19 
106.95603,-6.991737,1028.14 
106.957721,-6.991114,1025.1 
106.959413,-6.990492,1022.07 
106.961105,-6.989869,1019.04 
106.962797,-6.989247,1016.02 
106.964489,-6.988625,1013.01 
106.96618,-6.988002,1010 
106.967872,-6.98738,1006.99 
106.969564,-6.986757,1004 
106.971256,-6.986135,1001.01 
106.972948,-6.985512,998.02 
106.974639,-6.98489,995.04 
106.976331,-6.984267,992.07 
106.978023,-6.983644,989.1 
106.979715,-6.983022,986.14 
106.981406,-6.982399,983.18 
106.983098,-6.981777,980.23 
106.98479,-6.981154,977.29 
106.986482,-6.980532,974.35 
106.988173,-6.979909,971.42 
106.989865,-6.979287,968.49 
106.991557,-6.978664,965.57 
106.993249,-6.978041,962.66 
106.99494,-6.977419,959.75 
106.996632,-6.976796,956.85 
106.998324,-6.976174,953.95 
107.000015,-6.975551,951.06 
107.001707,-6.974928,948.18 
107.003399,-6.974306,945.3 
107.005091,-6.973683,942.42 
107.006782,-6.973061,939.56 
107.008474,-6.972438,936.7 
107.010166,-6.971815,933.84 
107.011857,-6.971193,930.99 
107.013549,-6.97057,928.15 
107.015241,-6.969947,925.31 
107.016932,-6.969325,922.48 
107.018624,-6.968702,919.66 
107.020316,-6.968079,916.84 
107.022007,-6.967457,914.03 
107.023699,-6.966834,911.22 
107.025391,-6.966211,908.42 
107.027082,-6.965589,905.62 
107.028774,-6.964966,902.83 
107.030465,-6.964343,900.05 
107.032157,-6.96372,897.27 
107.033849,-6.963098,894.5 
107.03554,-6.962475,891.74 
107.037232,-6.961852,888.98 
107.038923,-6.961229,886.23 
107.040615,-6.960607,883.48 
107.042307,-6.959984,880.74 
107.043998,-6.959361,878 
107.04569,-6.958738,875.27 
107.047381,-6.958116,872.55 
107.049073,-6.957493,869.83 
107.050765,-6.95687,867.12 
107.052456,-6.956247,864.42 
107.054148,-6.955625,861.72 
107.055839,-6.955002,859.03 
107.057531,-6.954379,856.34 
107.059222,-6.953756,853.66 
107.060914,-6.953133,850.98 
107.062605,-6.95251,848.31 
107.064297,-6.951888,845.65 
107.065989,-6.951265,842.99 
107.06768,-6.950642,840.34 
107.069372,-6.950019,837.7 
107.071063,-6.949396,835.06 
107.072755,-6.948773,832.43 
107.074446,-6.94815,829.8 
107.076138,-6.947528,827.18 
107.077829,-6.946905,824.57 
107.079521,-6.946282,821.96 
107.081212,-6.945659,819.36 
107.082904,-6.945036,816.76 
107.084595,-6.944413,814.17 
107.086287,-6.94379,811.59 
107.087978,-6.943167,809.01 
107.089669,-6.942544,806.44 
107.091361,-6.941921,803.87 
107.093052,-6.941299,801.31 
107.094744,-6.940676,798.76 
107.096435,-6.940053,796.21 
107.098127,-6.93943,793.67 
107.099818,-6.938807,791.14 
107.10151,-6.938184,788.61 
107.103201,-6.937561,786.09 
107.104892,-6.936938,783.57 
107.106584,-6.936315,781.06 
107.108275,-6.935692,778.56 
107.109967,-6.935069,776.06 
107.111658,-6.934446,773.57 
107.11335,-6.933823,771.08 
107.115041,-6.9332,768.6 
107.116732,-6.932577,766.13 
107.118424,-6.931954,763.66 
107.120115,-6.931331,761.2 
107.121807,-6.930708,758.75 
107.123498,-6.930085,756.3 
107.125189,-6.929462,753.86 
107.126881,-6.928839,751.42 
107.128572,-6.928216,748.99 
107.130263,-6.927592,746.57 
107.131955,-6.926969,744.16 
107.133646,-6.926346,741.75 
107.135337,-6.925723,739.34 
107.137029,-6.9251,736.94 
107.13872,-6.924477,734.55 
107.140411,-6.923854,732.17 
107.142103,-6.923231,729.79 
107.143794,-6.922608,727.42 
107.145485,-6.921985,725.05 
107.147177,-6.921361,722.69 
107.148868,-6.920738,720.34 
107.150559,-6.920115,717.99 
107.152251,-6.919492,715.65 
107.153942,-6.918869,713.32 
107.155633,-6.918246,710.99 
107.157325,-6.917623,708.67 
107.159016,-6.916999,706.36 
107.160707,-6.916376,704.05 
107.162398,-6.915753,701.75 
107.16409,-6.91513,699.45 
107.165781,-6.914507,697.16 
107.167472,-6.913883,694.88 
107.169163,-6.91326,692.61 
107.170855,-6.912637,690.34 
107.172546,-6.912014,688.08 
107.174237,-6.911391,685.82 
107.175928,-6.910767,683.57 
107.17762,-6.910144,681.33 
107.179311,-6.909521,679.09 
107.181002,-6.908898,676.86 
107.182693,-6.908274,674.64 
107.184385,-6.907651,672.43 
107.186076,-6.907028,670.22 
107.187767,-6.906405,668.01 
107.189458,-6.905781,665.82 
107.191149,-6.905158,663.63 
107.192841,-6.904535,661.45 
107.194532,-6.903911,659.27 
107.196223,-6.903288,657.1 
107.197914,-6.902665,654.94 
107.199605,-6.902042,652.79 
107.201297,-6.901418,650.64 
107.202988,-6.900795,648.5 
107.204679,-6.900172,646.36 
107.20637,-6.899548,644.24 
107.208061,-6.898925,642.12 
107.209752,-6.898302,640 
107.211443,-6.897678,637.9 
107.213135,-6.897055,635.8 
107.214826,-6.896431,633.71 
107.216517,-6.895808,631.62 
107.218208,-6.895185,629.54 
107.219899,-6.894561,627.47 
107.22159,-6.893938,625.41 
107.223281,-6.893315,623.35 
107.224973,-6.892691,621.3 
107.226664,-6.892068,619.26 
107.228355,-6.891444,617.23 
107.230046,-6.890821,615.2 
107.231737,-6.890198,613.18 
107.233428,-6.889574,611.17 
107.235119,-6.888951,609.16 
107.23681,-6.888327,607.16 
107.238501,-6.887704,605.17 
107.240192,-6.88708,603.19 
107.241883,-6.886457,601.21 
107.243574,-6.885833,599.25 
107.245266,-6.88521,597.29 
107.246957,-6.884586,595.34 
107.248648,-6.883963,593.39 
107.250339,-6.883339,591.45 
107.25203,-6.882716,589.53 
107.253721,-6.882092,587.6 
107.255412,-6.881469,585.69 
107.257103,-6.880845,583.79 
107.258794,-6.880222,581.89 
107.260485,-6.879598,580 
107.262176,-6.878975,578.12 
107.263867,-6.878351,576.25 
107.265558,-6.877728,574.38 
107.267249,-6.877104,572.53 
107.26894,-6.876481,570.68 
107.270631,-6.875857,568.84 
107.272322,-6.875234,567.01 
107.274013,-6.87461,565.19 
107.275704,-6.873986,563.37 
107.277395,-6.873363,561.57 
107.279086,-6.872739,559.77 
107.280777,-6.872116,557.99 
107.282468,-6.871492,556.21 
107.284159,-6.870868,554.44 
107.28585,-6.870245,552.68 
107.287541,-6.869621,550.93 
107.289231,-6.868998,549.19 
107.290922,-6.868374,547.46 
107.292613,-6.86775,545.73 
107.294304,-6.867127,544.02 
107.295995,-6.866503,542.32 
107.297686,-6.865879,540.63 
107.299377,-6.865256,538.94 
107.301068,-6.864632,537.27 
107.302759,-6.864008,535.61 
107.30445,-6.863385,533.96 
107.306141,-6.862761,532.32 
107.307832,-6.862137,530.69 
107.309522,-6.861514,529.07 
107.311213,-6.86089,527.46 
107.312904,-6.860266,525.87 
107.314595,-6.859642,524.28 
107.316286,-6.859019,522.71 
107.317977,-6.858395,521.15 
107.319668,-6.857771,519.6 
107.321359,-6.857148,518.06 
107.323049,-6.856524,516.54 
107.32474,-6.8559,515.03 
107.326431,-6.855276,513.53 
107.328122,-6.854652,512.05 
107.329813,-6.854029,510.58 
107.331504,-6.853405,509.13 
107.333194,-6.852781,507.69 
107.334885,-6.852157,506.27 
107.336576,-6.851534,504.86 
107.338267,-6.85091,503.47 
107.339958,-6.850286,502.09 
107.341648,-6.849662,500.74 
107.343339,-6.849038,499.4 
107.34503,-6.848415,498.08 
107.346721,-6.847791,496.78 
107.348412,-6.847167,495.5 
107.350102,-6.846543,494.25 
107.351793,-6.845919,493.01 
107.353484,-6.845295,491.8 
107.355175,-6.844671,490.62 
107.356866,-6.844048,489.47 
107.358556,-6.843424,488.34 
107.360247,-6.8428,487.24 
107.361938,-6.842176,486.18 
107.363629,-6.841552,485.15 
107.365319,-6.840928,484.17 
107.36701,-6.840304,483.23 
107.368701,-6.83968,482.33 
107.370392,-6.839057,481.49 
107.372082,-6.838433,480.72 
107.373773,-6.837809,480.01 
107.375464,-6.837185,479.39 
107.377154,-6.836561,478.88 
107.378845,-6.835937,478.49 
107.380536,-6.835313,478.26 
107.382227,-6.834689,478.27 
107.383917,-6.834065,478.64 
107.385608,-6.833441,479.7 
107.387299,-6.832817,484.9 
</coordinates></LineString></Placemark>
<Placemark><name>1.0F2</name>
<LookAt><altitudeMode>absolute</altitudeMode><longitude> 106.964488656977</longitude><latitude>-6.98862451260982</latitude><altitude> 1091.84183016285</altitude><range> 99574.4487954743</range><tilt>80.0</tilt><heading> 159.60965164137</heading></LookAt>
<visibility>0</visibility><Style><LineStyle><color>b00000ff</color><width>2</width></LineStyle></Style>
<LineString><altitudeMode>absolute</altitudeMode><coordinates>
107.387299,-6.832817,484.9 
107.385608,-6.833441,496.71 
107.383917,-6.834065,502.67 
107.382227,-6.834689,507.67 
107.380536,-6.835313,512.17 
107.378845,-6.835937,516.36 
107.377154,-6.836561,520.32 
107.375464,-6.837185,524.12 
107.373773,-6.837809,527.77 
107.372082,-6.838433,531.32 
107.370392,-6.839057,534.78 
107.368701,-6.83968,538.17 
107.36701,-6.840304,541.48 
107.365319,-6.840928,544.74 
107.363629,-6.841552,547.95 
107.361938,-6.842176,551.11 
107.360247,-6.8428,554.24 
107.358556,-6.843424,557.32 
107.356866,-6.844048,560.38 
107.355175,-6.844671,563.4 
107.353484,-6.845295,566.4 
107.351793,-6.845919,569.37 
107.350102,-6.846543,572.32 
107.348412,-6.847167,575.24 
107.346721,-6.847791,578.15 
107.34503,-6.848415,581.04 
107.343339,-6.849038,583.91 
107.341648,-6.849662,586.77 
107.339958,-6.850286,589.61 
107.338267,-6.85091,592.44 
107.336576,-6.851534,595.26 
107.334885,-6.852157,598.06 
107.333194,-6.852781,600.86 
107.331504,-6.853405,603.64 
107.329813,-6.854029,606.41 
107.328122,-6.854652,609.17 
107.326431,-6.855276,611.93 
107.32474,-6.8559,614.67 
107.323049,-6.856524,617.41 
107.321359,-6.857148,620.14 
107.319668,-6.857771,622.87 
107.317977,-6.858395,625.58 
107.316286,-6.859019,628.3 
107.314595,-6.859642,631 
107.312904,-6.860266,633.7 
107.311213,-6.86089,636.4 
107.309522,-6.861514,639.09 
107.307832,-6.862137,641.77 
107.306141,-6.862761,644.45 
107.30445,-6.863385,647.13 
107.302759,-6.864008,649.8 
107.301068,-6.864632,652.47 
107.299377,-6.865256,655.14 
107.297686,-6.865879,657.8 
107.295995,-6.866503,660.47 
107.294304,-6.867127,663.12 
107.292613,-6.86775,665.78 
107.290922,-6.868374,668.43 
107.289231,-6.868998,671.08 
107.287541,-6.869621,673.73 
107.28585,-6.870245,676.38 
107.284159,-6.870868,679.02 
107.282468,-6.871492,681.66 
107.280777,-6.872116,684.3 
107.279086,-6.872739,686.94 
107.277395,-6.873363,689.58 
107.275704,-6.873986,692.22 
107.274013,-6.87461,694.86 
107.272322,-6.875234,697.49 
107.270631,-6.875857,700.13 
107.26894,-6.876481,702.76 
107.267249,-6.877104,705.39 
107.265558,-6.877728,708.02 
107.263867,-6.878351,710.66 
107.262176,-6.878975,713.29 
107.260485,-6.879598,715.92 
107.258794,-6.880222,718.55 
107.257103,-6.880845,721.18 
107.255412,-6.881469,723.81 
107.253721,-6.882092,726.44 
107.25203,-6.882716,729.07 
107.250339,-6.883339,731.7 
107.248648,-6.883963,734.34 
107.246957,-6.884586,736.97 
107.245266,-6.88521,739.6 
107.243574,-6.885833,742.23 
107.241883,-6.886457,744.86 
107.240192,-6.88708,747.5 
107.238501,-6.887704,750.13 
107.23681,-6.888327,752.77 
107.235119,-6.888951,755.4 
107.233428,-6.889574,758.04 
107.231737,-6.890198,760.67 
107.230046,-6.890821,763.31 
107.228355,-6.891444,765.95 
107.226664,-6.892068,768.59 
107.224973,-6.892691,771.23 
107.223281,-6.893315,773.87 
107.22159,-6.893938,776.51 
107.219899,-6.894561,779.16 
107.218208,-6.895185,781.8 
107.216517,-6.895808,784.45 
107.214826,-6.896431,787.1 
107.213135,-6.897055,789.74 
107.211443,-6.897678,792.39 
107.209752,-6.898302,795.05 
107.208061,-6.898925,797.7 
107.20637,-6.899548,800.35 
107.204679,-6.900172,803.01 
107.202988,-6.900795,805.66 
107.201297,-6.901418,808.32 
107.199605,-6.902042,810.98 
107.197914,-6.902665,813.64 
107.196223,-6.903288,816.31 
107.194532,-6.903911,818.97 
107.192841,-6.904535,821.64 
107.191149,-6.905158,824.3 
107.189458,-6.905781,826.97 
107.187767,-6.906405,829.65 
107.186076,-6.907028,832.32 
107.184385,-6.907651,834.99 
107.182693,-6.908274,837.67 
107.181002,-6.908898,840.35 
107.179311,-6.909521,843.03 
107.17762,-6.910144,845.71 
107.175928,-6.910767,848.4 
107.174237,-6.911391,851.08 
107.172546,-6.912014,853.77 
107.170855,-6.912637,856.46 
107.169163,-6.91326,859.15 
107.167472,-6.913883,861.85 
107.165781,-6.914507,864.54 
107.16409,-6.91513,867.24 
107.162398,-6.915753,869.94 
107.160707,-6.916376,872.64 
107.159016,-6.916999,875.35 
107.157325,-6.917623,878.06 
107.155633,-6.918246,880.76 
107.153942,-6.918869,883.48 
107.152251,-6.919492,886.19 
107.150559,-6.920115,888.9 
107.148868,-6.920738,891.62 
107.147177,-6.921361,894.34 
107.145485,-6.921985,897.06 
107.143794,-6.922608,899.79 
107.142103,-6.923231,902.51 
107.140411,-6.923854,905.24 
107.13872,-6.924477,907.97 
107.137029,-6.9251,910.71 
107.135337,-6.925723,913.44 
107.133646,-6.926346,916.18 
107.131955,-6.926969,918.92 
107.130263,-6.927592,921.66 
107.128572,-6.928216,924.41 
107.126881,-6.928839,927.16 
107.125189,-6.929462,929.91 
107.123498,-6.930085,932.66 
107.121807,-6.930708,935.41 
107.120115,-6.931331,938.17 
107.118424,-6.931954,940.93 
107.116732,-6.932577,943.69 
107.115041,-6.9332,946.46 
107.11335,-6.933823,949.23 
107.111658,-6.934446,952 
107.109967,-6.935069,954.77 
107.108275,-6.935692,957.54 
107.106584,-6.936315,960.32 
107.104892,-6.936938,963.1 
107.103201,-6.937561,965.88 
107.10151,-6.938184,968.67 
107.099818,-6.938807,971.45 
107.098127,-6.93943,974.24 
107.096435,-6.940053,977.04 
107.094744,-6.940676,979.83 
107.093052,-6.941299,982.63 
107.091361,-6.941921,985.43 
107.089669,-6.942544,988.23 
107.087978,-6.943167,991.04 
107.086287,-6.94379,993.85 
107.084595,-6.944413,996.66 
107.082904,-6.945036,999.47 
107.081212,-6.945659,1002.29 
107.079521,-6.946282,1005.11 
107.077829,-6.946905,1007.93 
107.076138,-6.947528,1010.75 
107.074446,-6.94815,1013.58 
107.072755,-6.948773,1016.41 
107.071063,-6.949396,1019.24 
107.069372,-6.950019,1022.08 
107.06768,-6.950642,1024.92 
107.065989,-6.951265,1027.76 
107.064297,-6.951888,1030.6 
107.062605,-6.95251,1033.45 
107.060914,-6.953133,1036.29 
107.059222,-6.953756,1039.15 
107.057531,-6.954379,1042 
107.055839,-6.955002,1044.86 
107.054148,-6.955625,1047.72 
107.052456,-6.956247,1050.58 
107.050765,-6.95687,1053.45 
107.049073,-6.957493,1056.31 
107.047381,-6.958116,1059.18 
107.04569,-6.958738,1062.06 
107.043998,-6.959361,1064.93 
107.042307,-6.959984,1067.81 
107.040615,-6.960607,1070.7 
107.038923,-6.961229,1073.58 
107.037232,-6.961852,1076.47 
107.03554,-6.962475,1079.36 
107.033849,-6.963098,1082.25 
107.032157,-6.96372,1085.15 
107.030465,-6.964343,1088.05 
107.028774,-6.964966,1090.95 
107.027082,-6.965589,1093.85 
107.025391,-6.966211,1096.76 
107.023699,-6.966834,1099.67 
107.022007,-6.967457,1102.58 
107.020316,-6.968079,1105.5 
107.018624,-6.968702,1108.42 
107.016932,-6.969325,1111.34 
107.015241,-6.969947,1114.26 
107.013549,-6.97057,1117.19 
107.011857,-6.971193,1120.12 
107.010166,-6.971815,1123.05 
107.008474,-6.972438,1125.99 
107.006782,-6.973061,1128.93 
107.005091,-6.973683,1131.87 
107.003399,-6.974306,1134.81 
107.001707,-6.974928,1137.76 
107.000015,-6.975551,1140.71 
106.998324,-6.976174,1143.67 
106.996632,-6.976796,1146.62 
106.99494,-6.977419,1149.58 
106.993249,-6.978041,1152.54 
106.991557,-6.978664,1155.51 
106.989865,-6.979287,1158.47 
106.988173,-6.979909,1161.44 
106.986482,-6.980532,1164.42 
106.98479,-6.981154,1167.39 
106.983098,-6.981777,1170.37 
106.981406,-6.982399,1173.35 
106.979715,-6.983022,1176.34 
106.978023,-6.983644,1179.33 
106.976331,-6.984267,1182.32 
106.974639,-6.98489,1185.31 
106.972948,-6.985512,1188.31 
106.971256,-6.986135,1191.31 
106.969564,-6.986757,1194.31 
106.967872,-6.98738,1197.31 
106.96618,-6.988002,1200.32 
106.964489,-6.988625,1203.33 
106.962797,-6.989247,1206.35 
106.961105,-6.989869,1209.36 
106.959413,-6.990492,1212.38 
106.957721,-6.991114,1215.4 
106.95603,-6.991737,1218.43 
106.954338,-6.992359,1221.46 
106.952646,-6.992982,1224.49 
106.950954,-6.993604,1227.52 
106.949262,-6.994227,1230.56 
106.94757,-6.994849,1233.6 
106.945879,-6.995471,1236.64 
106.944187,-6.996094,1239.69 
106.942495,-6.996716,1242.73 
106.940803,-6.997339,1245.79 
106.939111,-6.997961,1248.84 
106.937419,-6.998583,1251.9 
106.935727,-6.999206,1254.96 
106.934036,-6.999828,1258.02 
106.932344,-7.000451,1261.08 
106.930652,-7.001073,1264.15 
106.92896,-7.001695,1267.22 
106.927268,-7.002318,1270.3 
106.925576,-7.00294,1273.38 
106.923884,-7.003562,1276.46 
106.922192,-7.004185,1279.54 
106.9205,-7.004807,1282.62 
106.918808,-7.005429,1285.71 
106.917117,-7.006052,1288.8 
106.915425,-7.006674,1291.9 
106.913733,-7.007296,1295 
106.912041,-7.007919,1298.1 
106.910349,-7.008541,1301.2 
106.908657,-7.009163,1304.3 
106.906965,-7.009785,1307.41 
106.905273,-7.010408,1310.52 
106.903581,-7.01103,1313.64 
106.901889,-7.011652,1316.76 
106.900197,-7.012274,1319.88 
106.898505,-7.012897,1323 
106.896813,-7.013519,1326.12 
106.895121,-7.014141,1329.25 
106.893429,-7.014763,1332.38 
106.891737,-7.015386,1335.52 
106.890045,-7.016008,1338.65 
106.888353,-7.01663,1341.79 
106.886661,-7.017252,1344.94 
106.884969,-7.017874,1348.08 
106.883277,-7.018497,1351.23 
106.881585,-7.019119,1354.38 
106.879893,-7.019741,1357.53 
106.878201,-7.020363,1360.69 
106.876509,-7.020985,1363.85 
106.874817,-7.021608,1367.01 
106.873125,-7.02223,1370.18 
106.871433,-7.022852,1373.34 
106.869741,-7.023474,1376.51 
106.868049,-7.024096,1379.69 
106.866357,-7.024718,1382.86 
106.864665,-7.02534,1386.04 
106.862973,-7.025963,1389.22 
106.861281,-7.026585,1392.4 
106.859588,-7.027207,1395.59 
106.857896,-7.027829,1398.78 
106.856204,-7.028451,1401.97 
106.854512,-7.029073,1405.17 
106.85282,-7.029695,1408.36 
106.851128,-7.030317,1411.56 
106.849436,-7.030939,1414.77 
106.847744,-7.031561,1417.97 
106.846052,-7.032183,1421.18 
106.84436,-7.032805,1424.39 
106.842667,-7.033428,1427.61 
106.840975,-7.03405,1430.82 
106.839283,-7.034672,1434.04 
106.837591,-7.035294,1437.26 
106.835899,-7.035916,1440.48 
106.834207,-7.036538,1443.71 
106.832515,-7.03716,1446.94 
106.830822,-7.037782,1450.17 
106.82913,-7.038404,1453.41 
106.827438,-7.039026,1456.64 
106.825746,-7.039648,1459.88 
106.824054,-7.04027,1463.13 
106.822362,-7.040892,1466.37 
106.820669,-7.041514,1469.62 
106.818977,-7.042136,1472.87 
106.817285,-7.042758,1476.12 
106.815593,-7.043379,1479.37 
106.813901,-7.044001,1482.63 
106.812208,-7.044623,1485.89 
106.810516,-7.045245,1489.15 
106.808824,-7.045867,1492.42 
106.807132,-7.046489,1495.68 
106.80544,-7.047111,1498.95 
106.803747,-7.047733,1502.23 
106.802055,-7.048355,1505.5 
106.800363,-7.048977,1508.78 
106.798671,-7.049599,1512.06 
106.796978,-7.050221,1515.34 
106.795286,-7.050842,1518.62 
106.793594,-7.051464,1521.91 
106.791902,-7.052086,1525.2 
106.790209,-7.052708,1528.49 
106.788517,-7.05333,1531.78 
106.786825,-7.053952,1535.08 
106.785133,-7.054574,1538.37 
106.78344,-7.055195,1541.67 
106.781748,-7.055817,1544.98 
106.780056,-7.056439,1548.28 
106.778363,-7.057061,1551.59 
106.776671,-7.057683,1554.9 
106.774979,-7.058304,1558.21 
106.773287,-7.058926,1561.52 
106.771594,-7.059548,1564.84 
106.769902,-7.06017,1568.16 
106.76821,-7.060792,1571.48 
106.766517,-7.061413,1574.8 
106.764825,-7.062035,1578.12 
106.763133,-7.062657,1581.45 
106.76144,-7.063279,1584.78 
106.759748,-7.0639,1588.11 
106.758056,-7.064522,1591.44 
106.756363,-7.065144,1594.77 
106.754671,-7.065766,1598.11 
106.752978,-7.066387,1601.45 
106.751286,-7.067009,1604.79 
106.749594,-7.067631,1608.13 
106.747901,-7.068253,1611.47 
106.746209,-7.068874,1614.82 
106.744517,-7.069496,1618.17 
106.742824,-7.070118,1621.52 
106.741132,-7.070739,1624.87 
106.739439,-7.071361,1628.22 
106.737747,-7.071983,1631.57 
106.736055,-7.072604,1634.93 
106.734362,-7.073226,1638.29 
106.73267,-7.073848,1641.65 
106.730977,-7.074469,1645.01 
106.729285,-7.075091,1648.37 
106.727592,-7.075713,1651.74 
106.7259,-7.076334,1655.1 
106.724208,-7.076956,1658.47 
106.722515,-7.077577,1661.84 
106.720823,-7.078199,1665.21 
106.71913,-7.078821,1668.58 
106.717438,-7.079442,1671.96 
106.715745,-7.080064,1675.33 
106.714053,-7.080685,1678.71 
106.71236,-7.081307,1682.08 
106.710668,-7.081929,1685.46 
106.708975,-7.08255,1688.84 
106.707283,-7.083172,1692.22 
106.70559,-7.083793,1695.6 
106.703898,-7.084415,1698.99 
106.702205,-7.085036,1702.37 
106.700513,-7.085658,1705.76 
106.69882,-7.086279,1709.14 
106.697128,-7.086901,1712.53 
106.695435,-7.087522,1715.92 
106.693743,-7.088144,1719.31 
106.69205,-7.088765,1722.69 
106.690358,-7.089387,1726.08 
106.688665,-7.090008,1729.48 
106.686973,-7.09063,1732.87 
106.68528,-7.091251,1736.26 
106.683588,-7.091873,1739.65 
106.681895,-7.092494,1743.04 
106.680203,-7.093116,1746.44 
106.67851,-7.093737,1749.83 
106.676817,-7.094359,1753.22 
106.675125,-7.09498,1756.62 
106.673432,-7.095602,1760.01 
106.67174,-7.096223,1763.4 
106.670047,-7.096844,1766.8 
106.668354,-7.097466,1770.19 
106.666662,-7.098087,1773.58 
106.664969,-7.098709,1776.98 
106.663277,-7.09933,1780.37 
106.661584,-7.099952,1783.76 
106.659891,-7.100573,1787.15 
106.658199,-7.101194,1790.54 
106.656506,-7.101816,1793.93 
106.654814,-7.102437,1797.32 
106.653121,-7.103058,1800.71 
106.651428,-7.10368,1804.1 
106.649736,-7.104301,1807.48 
106.648043,-7.104922,1810.87 
106.64635,-7.105544,1814.25 
106.644658,-7.106165,1817.63 
106.642965,-7.106786,1821.01 
106.641272,-7.107408,1824.39 
106.63958,-7.108029,1827.77 
106.637887,-7.10865,1831.14 
106.636194,-7.109272,1834.51 
106.634502,-7.109893,1837.88 
106.632809,-7.110514,1841.25 
106.631116,-7.111136,1844.61 
106.629424,-7.111757,1847.97 
106.627731,-7.112378,1851.33 
106.626038,-7.112999,1854.68 
106.624346,-7.113621,1858.04 
106.622653,-7.114242,1861.38 
106.62096,-7.114863,1864.73 
106.619267,-7.115484,1868.06 
106.617575,-7.116106,1871.4 
106.615882,-7.116727,1874.73 
106.614189,-7.117348,1878.05 
106.612496,-7.117969,1881.37 
106.610804,-7.118591,1884.68 
106.609111,-7.119212,1887.99 
106.607418,-7.119833,1891.29 
106.605725,-7.120454,1894.58 
106.604033,-7.121075,1897.87 
106.60234,-7.121696,1901.15 
106.600647,-7.122318,1904.42 
106.598954,-7.122939,1907.68 
106.597262,-7.12356,1910.93 
106.595569,-7.124181,1914.17 
106.593876,-7.124802,1917.41 
106.592183,-7.125423,1920.63 
106.59049,-7.126045,1923.84 
106.588798,-7.126666,1927.03 
106.587105,-7.127287,1930.21 
106.585412,-7.127908,1933.38 
106.583719,-7.128529,1936.53 
106.582026,-7.12915,1939.67 
106.580333,-7.129771,1942.78 
106.578641,-7.130392,1945.88 
106.576948,-7.131013,1948.96 
106.575255,-7.131635,1952.01 
106.573562,-7.132256,1955.04 
106.571869,-7.132877,1958.04 
106.570176,-7.133498,1961.01 
106.568484,-7.134119,1963.95 
106.566791,-7.13474,1966.85 
106.565098,-7.135361,1969.71 
106.563405,-7.135982,1972.53 
106.561712,-7.136603,1975.29 
106.560019,-7.137224,1978 
106.558326,-7.137845,1980.64 
106.556633,-7.138466,1983.21 
106.55494,-7.139087,1985.68 
106.553248,-7.139708,1988.05 
106.551555,-7.140329,1990.28 
106.549862,-7.14095,1992.34 
106.548169,-7.141571,1994.18 
106.546476,-7.142192,1995.7 
106.544783,-7.142813,1996.72 
106.54309,-7.143434,1996.78 
106.541397,-7.144055,1991 
106.541397,-7.144055,1991 
106.54309,-7.143434,1976.86 
106.544783,-7.142813,1968.57 
106.546476,-7.142192,1961.26 
106.548169,-7.141571,1954.45 
106.549862,-7.14095,1947.97 
106.551555,-7.140329,1941.72 
106.553248,-7.139708,1935.65 
106.55494,-7.139087,1929.72 
106.556633,-7.138466,1923.91 
106.558326,-7.137845,1918.21 
106.560019,-7.137224,1912.58 
106.561712,-7.136603,1907.04 
106.563405,-7.135982,1901.56 
106.565098,-7.135361,1896.14 
106.566791,-7.13474,1890.77 
106.568484,-7.134119,1885.46 
106.570176,-7.133498,1880.19 
106.571869,-7.132877,1874.96 
106.573562,-7.132256,1869.77 
106.575255,-7.131635,1864.62 
106.576948,-7.131013,1859.5 
106.578641,-7.130392,1854.42 
106.580333,-7.129771,1849.36 
106.582026,-7.12915,1844.34 
106.583719,-7.128529,1839.34 
106.585412,-7.127908,1834.37 
106.587105,-7.127287,1829.42 
106.588798,-7.126666,1824.5 
106.59049,-7.126045,1819.6 
106.592183,-7.125423,1814.72 
106.593876,-7.124802,1809.86 
106.595569,-7.124181,1805.02 
106.597262,-7.12356,1800.21 
106.598954,-7.122939,1795.41 
106.600647,-7.122318,1790.63 
106.60234,-7.121696,1785.87 
106.604033,-7.121075,1781.13 
106.605725,-7.120454,1776.41 
106.607418,-7.119833,1771.7 
106.609111,-7.119212,1767 
106.610804,-7.118591,1762.33 
106.612496,-7.117969,1757.67 
106.614189,-7.117348,1753.02 
106.615882,-7.116727,1748.39 
106.617575,-7.116106,1743.77 
106.619267,-7.115484,1739.17 
106.62096,-7.114863,1734.58 
106.622653,-7.114242,1730.01 
106.624346,-7.113621,1725.45 
106.626038,-7.112999,1720.9 
106.627731,-7.112378,1716.36 
106.629424,-7.111757,1711.84 
106.631116,-7.111136,1707.33 
106.632809,-7.110514,1702.83 
106.634502,-7.109893,1698.35 
106.636194,-7.109272,1693.87 
106.637887,-7.10865,1689.41 
106.63958,-7.108029,1684.96 
106.641272,-7.107408,1680.52 
106.642965,-7.106786,1676.09 
106.644658,-7.106165,1671.68 
106.64635,-7.105544,1667.27 
106.648043,-7.104922,1662.88 
106.649736,-7.104301,1658.49 
106.651428,-7.10368,1654.12 
106.653121,-7.103058,1649.76 
106.654814,-7.102437,1645.4 
106.656506,-7.101816,1641.06 
106.658199,-7.101194,1636.73 
106.659891,-7.100573,1632.41 
106.661584,-7.099952,1628.1 
106.663277,-7.09933,1623.8 
106.664969,-7.098709,1619.5 
106.666662,-7.098087,1615.22 
106.668354,-7.097466,1610.95 
106.670047,-7.096844,1606.69 
106.67174,-7.096223,1602.43 
106.673432,-7.095602,1598.19 
106.675125,-7.09498,1593.96 
106.676817,-7.094359,1589.73 
106.67851,-7.093737,1585.51 
106.680203,-7.093116,1581.31 
106.681895,-7.092494,1577.11 
106.683588,-7.091873,1572.92 
106.68528,-7.091251,1568.74 
106.686973,-7.09063,1564.57 
106.688665,-7.090008,1560.41 
106.690358,-7.089387,1556.25 
106.69205,-7.088765,1552.11 
106.693743,-7.088144,1547.97 
106.695435,-7.087522,1543.85 
106.697128,-7.086901,1539.73 
106.69882,-7.086279,1535.62 
106.700513,-7.085658,1531.52 
106.702205,-7.085036,1527.42 
106.703898,-7.084415,1523.34 
106.70559,-7.083793,1519.26 
106.707283,-7.083172,1515.19 
106.708975,-7.08255,1511.13 
106.710668,-7.081929,1507.08 
106.71236,-7.081307,1503.04 
106.714053,-7.080685,1499 
106.715745,-7.080064,1494.97 
106.717438,-7.079442,1490.95 
106.71913,-7.078821,1486.94 
106.720823,-7.078199,1482.94 
106.722515,-7.077577,1478.94 
106.724208,-7.076956,1474.95 
106.7259,-7.076334,1470.97 
106.727592,-7.075713,1467 
106.729285,-7.075091,1463.04 
106.730977,-7.074469,1459.08 
106.73267,-7.073848,1455.13 
106.734362,-7.073226,1451.19 
106.736055,-7.072604,1447.26 
106.737747,-7.071983,1443.33 
106.739439,-7.071361,1439.41 
106.741132,-7.070739,1435.5 
106.742824,-7.070118,1431.6 
106.744517,-7.069496,1427.7 
106.746209,-7.068874,1423.82 
106.747901,-7.068253,1419.94 
106.749594,-7.067631,1416.06 
106.751286,-7.067009,1412.2 
106.752978,-7.066387,1408.34 
106.754671,-7.065766,1404.49 
106.756363,-7.065144,1400.65 
106.758056,-7.064522,1396.81 
106.759748,-7.0639,1392.98 
106.76144,-7.063279,1389.16 
106.763133,-7.062657,1385.35 
106.764825,-7.062035,1381.54 
106.766517,-7.061413,1377.74 
106.76821,-7.060792,1373.95 
106.769902,-7.06017,1370.17 
106.771594,-7.059548,1366.39 
106.773287,-7.058926,1362.62 
106.774979,-7.058304,1358.86 
106.776671,-7.057683,1355.1 
106.778363,-7.057061,1351.35 
106.780056,-7.056439,1347.61 
106.781748,-7.055817,1343.88 
106.78344,-7.055195,1340.15 
106.785133,-7.054574,1336.43 
106.786825,-7.053952,1332.72 
106.788517,-7.05333,1329.01 
106.790209,-7.052708,1325.31 
106.791902,-7.052086,1321.62 
106.793594,-7.051464,1317.93 
106.795286,-7.050842,1314.26 
106.796978,-7.050221,1310.59 
106.798671,-7.049599,1306.92 
106.800363,-7.048977,1303.27 
106.802055,-7.048355,1299.62 
106.803747,-7.047733,1295.97 
106.80544,-7.047111,1292.34 
106.807132,-7.046489,1288.71 
106.808824,-7.045867,1285.08 
106.810516,-7.045245,1281.47 
106.812208,-7.044623,1277.86 
106.813901,-7.044001,1274.26 
106.815593,-7.043379,1270.66 
106.817285,-7.042758,1267.08 
106.818977,-7.042136,1263.5 
106.820669,-7.041514,1259.92 
106.822362,-7.040892,1256.35 
106.824054,-7.04027,1252.79 
106.825746,-7.039648,1249.24 
106.827438,-7.039026,1245.69 
106.82913,-7.038404,1242.15 
106.830822,-7.037782,1238.62 
106.832515,-7.03716,1235.09 
106.834207,-7.036538,1231.57 
106.835899,-7.035916,1228.06 
106.837591,-7.035294,1224.55 
106.839283,-7.034672,1221.05 
106.840975,-7.03405,1217.56 
106.842667,-7.033428,1214.07 
106.84436,-7.032805,1210.59 
106.846052,-7.032183,1207.12 
106.847744,-7.031561,1203.65 
106.849436,-7.030939,1200.19 
106.851128,-7.030317,1196.74 
106.85282,-7.029695,1193.3 
106.854512,-7.029073,1189.86 
106.856204,-7.028451,1186.42 
106.857896,-7.027829,1183 
106.859588,-7.027207,1179.58 
106.861281,-7.026585,1176.16 
106.862973,-7.025963,1172.76 
106.864665,-7.02534,1169.36 
106.866357,-7.024718,1165.97 
106.868049,-7.024096,1162.58 
106.869741,-7.023474,1159.2 
106.871433,-7.022852,1155.83 
106.873125,-7.02223,1152.46 
106.874817,-7.021608,1149.1 
106.876509,-7.020985,1145.75 
106.878201,-7.020363,1142.4 
106.879893,-7.019741,1139.06 
106.881585,-7.019119,1135.73 
106.883277,-7.018497,1132.4 
106.884969,-7.017874,1129.08 
106.886661,-7.017252,1125.76 
106.888353,-7.01663,1122.46 
106.890045,-7.016008,1119.16 
106.891737,-7.015386,1115.86 
106.893429,-7.014763,1112.57 
106.895121,-7.014141,1109.29 
106.896813,-7.013519,1106.02 
106.898505,-7.012897,1102.75 
106.900197,-7.012274,1099.49 
106.901889,-7.011652,1096.23 
106.903581,-7.01103,1092.98 
106.905273,-7.010408,1089.74 
106.906965,-7.009785,1086.51 
106.908657,-7.009163,1083.28 
106.910349,-7.008541,1080.05 
106.912041,-7.007919,1076.84 
106.913733,-7.007296,1073.63 
106.915425,-7.006674,1070.42 
106.917117,-7.006052,1067.23 
106.918808,-7.005429,1064.04 
106.9205,-7.004807,1060.85 
106.922192,-7.004185,1057.68 
106.923884,-7.003562,1054.51 
106.925576,-7.00294,1051.34 
106.927268,-7.002318,1048.18 
106.92896,-7.001695,1045.03 
106.930652,-7.001073,1041.89 
106.932344,-7.000451,1038.75 
106.934036,-6.999828,1035.62 
106.935727,-6.999206,1032.49 
106.937419,-6.998583,1029.37 
106.939111,-6.997961,1026.26 
106.940803,-6.997339,1023.16 
106.942495,-6.996716,1020.06 
106.944187,-6.996094,1016.96 
106.945879,-6.995471,1013.88 
106.94757,-6.994849,1010.8 
106.949262,-6.994227,1007.72 
106.950954,-6.993604,1004.66 
106.952646,-6.992982,1001.6 
106.954338,-6.992359,998.54 
106.95603,-6.991737,995.49 
106.957721,-6.991114,992.45 
106.959413,-6.990492,989.42 
106.961105,-6.989869,986.39 
106.962797,-6.989247,983.37 
106.964489,-6.988625,980.35 
106.96618,-6.988002,977.34 
106.967872,-6.98738,974.34 
106.969564,-6.986757,971.34 
106.971256,-6.986135,968.35 
106.972948,-6.985512,965.37 
106.974639,-6.98489,962.4 
106.976331,-6.984267,959.42 
106.978023,-6.983644,956.46 
106.979715,-6.983022,953.5 
106.981406,-6.982399,950.55 
106.983098,-6.981777,947.61 
106.98479,-6.981154,944.67 
106.986482,-6.980532,941.74 
106.988173,-6.979909,938.81 
106.989865,-6.979287,935.9 
106.991557,-6.978664,932.98 
106.993249,-6.978041,930.08 
106.99494,-6.977419,927.18 
106.996632,-6.976796,924.29 
106.998324,-6.976174,921.4 
107.000015,-6.975551,918.52 
107.001707,-6.974928,915.65 
107.003399,-6.974306,912.78 
107.005091,-6.973683,909.92 
107.006782,-6.973061,907.07 
107.008474,-6.972438,904.22 
107.010166,-6.971815,901.38 
107.011857,-6.971193,898.54 
107.013549,-6.97057,895.72 
107.015241,-6.969947,892.9 
107.016932,-6.969325,890.08 
107.018624,-6.968702,887.27 
107.020316,-6.968079,884.47 
107.022007,-6.967457,881.68 
107.023699,-6.966834,878.89 
107.025391,-6.966211,876.1 
107.027082,-6.965589,873.33 
107.028774,-6.964966,870.56 
107.030465,-6.964343,867.8 
107.032157,-6.96372,865.04 
107.033849,-6.963098,862.29 
107.03554,-6.962475,859.55 
107.037232,-6.961852,856.81 
107.038923,-6.961229,854.08 
107.040615,-6.960607,851.36 
107.042307,-6.959984,848.64 
107.043998,-6.959361,845.93 
107.04569,-6.958738,843.23 
107.047381,-6.958116,840.53 
107.049073,-6.957493,837.84 
107.050765,-6.95687,835.15 
107.052456,-6.956247,832.48 
107.054148,-6.955625,829.81 
107.055839,-6.955002,827.14 
107.057531,-6.954379,824.48 
107.059222,-6.953756,821.83 
107.060914,-6.953133,819.19 
107.062605,-6.95251,816.55 
107.064297,-6.951888,813.92 
107.065989,-6.951265,811.29 
107.06768,-6.950642,808.68 
107.069372,-6.950019,806.06 
107.071063,-6.949396,803.46 
107.072755,-6.948773,800.86 
107.074446,-6.94815,798.27 
107.076138,-6.947528,795.69 
107.077829,-6.946905,793.11 
107.079521,-6.946282,790.54 
107.081212,-6.945659,787.97 
107.082904,-6.945036,785.41 
107.084595,-6.944413,782.86 
107.086287,-6.94379,780.32 
107.087978,-6.943167,777.78 
107.089669,-6.942544,775.25 
107.091361,-6.941921,772.72 
107.093052,-6.941299,770.2 
107.094744,-6.940676,767.69 
107.096435,-6.940053,765.19 
107.098127,-6.93943,762.69 
107.099818,-6.938807,760.2 
107.10151,-6.938184,757.72 
107.103201,-6.937561,755.24 
107.104892,-6.936938,752.77 
107.106584,-6.936315,750.3 
107.108275,-6.935692,747.85 
107.109967,-6.935069,745.4 
107.111658,-6.934446,742.95 
107.11335,-6.933823,740.52 
107.115041,-6.9332,738.09 
107.116732,-6.932577,735.66 
107.118424,-6.931954,733.25 
107.120115,-6.931331,730.84 
107.121807,-6.930708,728.44 
107.123498,-6.930085,726.04 
107.125189,-6.929462,723.65 
107.126881,-6.928839,721.27 
107.128572,-6.928216,718.9 
107.130263,-6.927592,716.53 
107.131955,-6.926969,714.17 
107.133646,-6.926346,711.82 
107.135337,-6.925723,709.47 
107.137029,-6.9251,707.13 
107.13872,-6.924477,704.8 
107.140411,-6.923854,702.47 
107.142103,-6.923231,700.15 
107.143794,-6.922608,697.84 
107.145485,-6.921985,695.54 
107.147177,-6.921361,693.24 
107.148868,-6.920738,690.95 
107.150559,-6.920115,688.67 
107.152251,-6.919492,686.39 
107.153942,-6.918869,684.12 
107.155633,-6.918246,681.86 
107.157325,-6.917623,679.61 
107.159016,-6.916999,677.36 
107.160707,-6.916376,675.12 
107.162398,-6.915753,672.89 
107.16409,-6.91513,670.66 
107.165781,-6.914507,668.45 
107.167472,-6.913883,666.23 
107.169163,-6.91326,664.03 
107.170855,-6.912637,661.84 
107.172546,-6.912014,659.65 
107.174237,-6.911391,657.46 
107.175928,-6.910767,655.29 
107.17762,-6.910144,653.12 
107.179311,-6.909521,650.97 
107.181002,-6.908898,648.81 
107.182693,-6.908274,646.67 
107.184385,-6.907651,644.53 
107.186076,-6.907028,642.4 
107.187767,-6.906405,640.28 
107.189458,-6.905781,638.17 
107.191149,-6.905158,636.06 
107.192841,-6.904535,633.96 
107.194532,-6.903911,631.87 
107.196223,-6.903288,629.79 
107.197914,-6.902665,627.71 
107.199605,-6.902042,625.64 
107.201297,-6.901418,623.58 
107.202988,-6.900795,621.53 
107.204679,-6.900172,619.49 
107.20637,-6.899548,617.45 
107.208061,-6.898925,615.42 
107.209752,-6.898302,613.4 
107.211443,-6.897678,611.39 
107.213135,-6.897055,609.38 
107.214826,-6.896431,607.39 
107.216517,-6.895808,605.4 
107.218208,-6.895185,603.42 
107.219899,-6.894561,601.45 
107.22159,-6.893938,599.48 
107.223281,-6.893315,597.53 
107.224973,-6.892691,595.58 
107.226664,-6.892068,593.64 
107.228355,-6.891444,591.71 
107.230046,-6.890821,589.79 
107.231737,-6.890198,587.87 
107.233428,-6.889574,585.97 
107.235119,-6.888951,584.07 
107.23681,-6.888327,582.18 
107.238501,-6.887704,580.3 
107.240192,-6.88708,578.43 
107.241883,-6.886457,576.57 
107.243574,-6.885833,574.72 
107.245266,-6.88521,572.87 
107.246957,-6.884586,571.04 
107.248648,-6.883963,569.21 
107.250339,-6.883339,567.39 
107.25203,-6.882716,565.58 
107.253721,-6.882092,563.78 
107.255412,-6.881469,561.99 
107.257103,-6.880845,560.21 
107.258794,-6.880222,558.44 
107.260485,-6.879598,556.68 
107.262176,-6.878975,554.93 
107.263867,-6.878351,553.19 
107.265558,-6.877728,551.45 
107.267249,-6.877104,549.73 
107.26894,-6.876481,548.02 
107.270631,-6.875857,546.31 
107.272322,-6.875234,544.62 
107.274013,-6.87461,542.94 
107.275704,-6.873986,541.27 
107.277395,-6.873363,539.6 
107.279086,-6.872739,537.95 
107.280777,-6.872116,536.31 
107.282468,-6.871492,534.68 
107.284159,-6.870868,533.06 
107.28585,-6.870245,531.46 
107.287541,-6.869621,529.86 
107.289231,-6.868998,528.27 
107.290922,-6.868374,526.7 
107.292613,-6.86775,525.14 
107.294304,-6.867127,523.59 
107.295995,-6.866503,522.05 
107.297686,-6.865879,520.52 
107.299377,-6.865256,519.01 
107.301068,-6.864632,517.51 
107.302759,-6.864008,516.02 
107.30445,-6.863385,514.54 
107.306141,-6.862761,513.08 
107.307832,-6.862137,511.63 
107.309522,-6.861514,510.19 
107.311213,-6.86089,508.77 
107.312904,-6.860266,507.36 
107.314595,-6.859642,505.97 
107.316286,-6.859019,504.59 
107.317977,-6.858395,503.23 
107.319668,-6.857771,501.88 
107.321359,-6.857148,500.55 
107.323049,-6.856524,499.23 
107.32474,-6.8559,497.93 
107.326431,-6.855276,496.65 
107.328122,-6.854652,495.39 
107.329813,-6.854029,494.14 
107.331504,-6.853405,492.91 
107.333194,-6.852781,491.71 
107.334885,-6.852157,490.52 
107.336576,-6.851534,489.35 
107.338267,-6.85091,488.2 
107.339958,-6.850286,487.08 
107.341648,-6.849662,485.98 
107.343339,-6.849038,484.9 
107.34503,-6.848415,483.85 
107.346721,-6.847791,482.82 
107.348412,-6.847167,481.82 
107.350102,-6.846543,480.85 
107.351793,-6.845919,479.91 
107.353484,-6.845295,479.01 
107.355175,-6.844671,478.13 
107.356866,-6.844048,477.3 
107.358556,-6.843424,476.5 
107.360247,-6.8428,475.75 
107.361938,-6.842176,475.04 
107.363629,-6.841552,474.38 
107.365319,-6.840928,473.77 
107.36701,-6.840304,473.23 
107.368701,-6.83968,472.75 
107.370392,-6.839057,472.35 
107.372082,-6.838433,472.03 
107.373773,-6.837809,471.82 
107.375464,-6.837185,471.72 
107.377154,-6.836561,471.76 
107.378845,-6.835937,471.99 
107.380536,-6.835313,472.45 
107.382227,-6.834689,473.23 
107.383917,-6.834065,474.52 
107.385608,-6.833441,476.78 
107.387299,-6.832817,484.9 
</coordinates></LineString></Placemark>
<Placemark><name>1.0F3</name>
<LookAt><altitudeMode>absolute</altitudeMode><longitude> 106.964488656977</longitude><latitude>-6.98862451260982</latitude><altitude> 1091.84183016285</altitude><range> 99574.4487954743</range><tilt>80.0</tilt><heading> 159.60965164137</heading></LookAt>
<visibility>0</visibility><Style><LineStyle><color>b00000ff</color><width>2</width></LineStyle></Style>
<LineString><altitudeMode>absolute</altitudeMode><coordinates>
107.387299,-6.832817,484.9 
107.385608,-6.833441,498.95 
107.383917,-6.834065,505.83 
107.382227,-6.834689,511.54 
107.380536,-6.835313,516.64 
107.378845,-6.835937,521.35 
107.377154,-6.836561,525.78 
107.375464,-6.837185,530 
107.373773,-6.837809,534.06 
107.372082,-6.838433,537.99 
107.370392,-6.839057,541.8 
107.368701,-6.83968,545.52 
107.36701,-6.840304,549.15 
107.365319,-6.840928,552.72 
107.363629,-6.841552,556.22 
107.361938,-6.842176,559.66 
107.360247,-6.8428,563.06 
107.358556,-6.843424,566.4 
107.356866,-6.844048,569.71 
107.355175,-6.844671,572.98 
107.353484,-6.845295,576.22 
107.351793,-6.845919,579.42 
107.350102,-6.846543,582.59 
107.348412,-6.847167,585.74 
107.346721,-6.847791,588.86 
107.34503,-6.848415,591.96 
107.343339,-6.849038,595.04 
107.341648,-6.849662,598.1 
107.339958,-6.850286,601.14 
107.338267,-6.85091,604.16 
107.336576,-6.851534,607.16 
107.334885,-6.852157,610.15 
107.333194,-6.852781,613.12 
107.331504,-6.853405,616.08 
107.329813,-6.854029,619.03 
107.328122,-6.854652,621.96 
107.326431,-6.855276,624.88 
107.32474,-6.8559,627.79 
107.323049,-6.856524,630.69 
107.321359,-6.857148,633.58 
107.319668,-6.857771,636.46 
107.317977,-6.858395,639.33 
107.316286,-6.859019,642.2 
107.314595,-6.859642,645.05 
107.312904,-6.860266,647.9 
107.311213,-6.86089,650.74 
107.309522,-6.861514,653.57 
107.307832,-6.862137,656.4 
107.306141,-6.862761,659.22 
107.30445,-6.863385,662.03 
107.302759,-6.864008,664.84 
107.301068,-6.864632,667.64 
107.299377,-6.865256,670.44 
107.297686,-6.865879,673.23 
107.295995,-6.866503,676.02 
107.294304,-6.867127,678.8 
107.292613,-6.86775,681.58 
107.290922,-6.868374,684.36 
107.289231,-6.868998,687.13 
107.287541,-6.869621,689.9 
107.28585,-6.870245,692.66 
107.284159,-6.870868,695.42 
107.282468,-6.871492,698.18 
107.280777,-6.872116,700.93 
107.279086,-6.872739,703.69 
107.277395,-6.873363,706.44 
107.275704,-6.873986,709.18 
107.274013,-6.87461,711.93 
107.272322,-6.875234,714.67 
107.270631,-6.875857,717.41 
107.26894,-6.876481,720.15 
107.267249,-6.877104,722.88 
107.265558,-6.877728,725.62 
107.263867,-6.878351,728.35 
107.262176,-6.878975,731.08 
107.260485,-6.879598,733.81 
107.258794,-6.880222,736.54 
107.257103,-6.880845,739.27 
107.255412,-6.881469,742 
107.253721,-6.882092,744.72 
107.25203,-6.882716,747.45 
107.250339,-6.883339,750.17 
107.248648,-6.883963,752.89 
107.246957,-6.884586,755.61 
107.245266,-6.88521,758.34 
107.243574,-6.885833,761.06 
107.241883,-6.886457,763.78 
107.240192,-6.88708,766.5 
107.238501,-6.887704,769.22 
107.23681,-6.888327,771.94 
107.235119,-6.888951,774.65 
107.233428,-6.889574,777.37 
107.231737,-6.890198,780.09 
107.230046,-6.890821,782.81 
107.228355,-6.891444,785.53 
107.226664,-6.892068,788.25 
107.224973,-6.892691,790.97 
107.223281,-6.893315,793.69 
107.22159,-6.893938,796.41 
107.219899,-6.894561,799.13 
107.218208,-6.895185,801.85 
107.216517,-6.895808,804.57 
107.214826,-6.896431,807.29 
107.213135,-6.897055,810.01 
107.211443,-6.897678,812.73 
107.209752,-6.898302,815.46 
107.208061,-6.898925,818.18 
107.20637,-6.899548,820.9 
107.204679,-6.900172,823.63 
107.202988,-6.900795,826.35 
107.201297,-6.901418,829.08 
107.199605,-6.902042,831.81 
107.197914,-6.902665,834.54 
107.196223,-6.903288,837.27 
107.194532,-6.903911,840 
107.192841,-6.904535,842.73 
107.191149,-6.905158,845.46 
107.189458,-6.905781,848.19 
107.187767,-6.906405,850.93 
107.186076,-6.907028,853.66 
107.184385,-6.907651,856.4 
107.182693,-6.908274,859.13 
107.181002,-6.908898,861.87 
107.179311,-6.909521,864.61 
107.17762,-6.910144,867.35 
107.175928,-6.910767,870.1 
107.174237,-6.911391,872.84 
107.172546,-6.912014,875.59 
107.170855,-6.912637,878.33 
107.169163,-6.91326,881.08 
107.167472,-6.913883,883.83 
107.165781,-6.914507,886.58 
107.16409,-6.91513,889.33 
107.162398,-6.915753,892.09 
107.160707,-6.916376,894.84 
107.159016,-6.916999,897.6 
107.157325,-6.917623,900.36 
107.155633,-6.918246,903.12 
107.153942,-6.918869,905.88 
107.152251,-6.919492,908.64 
107.150559,-6.920115,911.4 
107.148868,-6.920738,914.17 
107.147177,-6.921361,916.94 
107.145485,-6.921985,919.71 
107.143794,-6.922608,922.48 
107.142103,-6.923231,925.25 
107.140411,-6.923854,928.03 
107.13872,-6.924477,930.81 
107.137029,-6.9251,933.58 
107.135337,-6.925723,936.36 
107.133646,-6.926346,939.15 
107.131955,-6.926969,941.93 
107.130263,-6.927592,944.72 
107.128572,-6.928216,947.5 
107.126881,-6.928839,950.29 
107.125189,-6.929462,953.08 
107.123498,-6.930085,955.88 
107.121807,-6.930708,958.67 
107.120115,-6.931331,961.47 
107.118424,-6.931954,964.27 
107.116732,-6.932577,967.07 
107.115041,-6.9332,969.87 
107.11335,-6.933823,972.68 
107.111658,-6.934446,975.49 
107.109967,-6.935069,978.3 
107.108275,-6.935692,981.11 
107.106584,-6.936315,983.92 
107.104892,-6.936938,986.74 
107.103201,-6.937561,989.55 
107.10151,-6.938184,992.37 
107.099818,-6.938807,995.19 
107.098127,-6.93943,998.02 
107.096435,-6.940053,1000.84 
107.094744,-6.940676,1003.67 
107.093052,-6.941299,1006.5 
107.091361,-6.941921,1009.33 
107.089669,-6.942544,1012.17 
107.087978,-6.943167,1015 
107.086287,-6.94379,1017.84 
107.084595,-6.944413,1020.68 
107.082904,-6.945036,1023.53 
107.081212,-6.945659,1026.37 
107.079521,-6.946282,1029.22 
107.077829,-6.946905,1032.07 
107.076138,-6.947528,1034.92 
107.074446,-6.94815,1037.78 
107.072755,-6.948773,1040.63 
107.071063,-6.949396,1043.49 
107.069372,-6.950019,1046.35 
107.06768,-6.950642,1049.22 
107.065989,-6.951265,1052.08 
107.064297,-6.951888,1054.95 
107.062605,-6.95251,1057.82 
107.060914,-6.953133,1060.69 
107.059222,-6.953756,1063.57 
107.057531,-6.954379,1066.44 
107.055839,-6.955002,1069.32 
107.054148,-6.955625,1072.2 
107.052456,-6.956247,1075.09 
107.050765,-6.95687,1077.98 
107.049073,-6.957493,1080.86 
107.047381,-6.958116,1083.75 
107.04569,-6.958738,1086.65 
107.043998,-6.959361,1089.54 
107.042307,-6.959984,1092.44 
107.040615,-6.960607,1095.34 
107.038923,-6.961229,1098.25 
107.037232,-6.961852,1101.15 
107.03554,-6.962475,1104.06 
107.033849,-6.963098,1106.97 
107.032157,-6.96372,1109.88 
107.030465,-6.964343,1112.8 
107.028774,-6.964966,1115.71 
107.027082,-6.965589,1118.63 
107.025391,-6.966211,1121.56 
107.023699,-6.966834,1124.48 
107.022007,-6.967457,1127.41 
107.020316,-6.968079,1130.34 
107.018624,-6.968702,1133.27 
107.016932,-6.969325,1136.2 
107.015241,-6.969947,1139.14 
107.013549,-6.97057,1142.08 
107.011857,-6.971193,1145.02 
107.010166,-6.971815,1147.96 
107.008474,-6.972438,1150.91 
107.006782,-6.973061,1153.86 
107.005091,-6.973683,1156.81 
107.003399,-6.974306,1159.77 
107.001707,-6.974928,1162.72 
107.000015,-6.975551,1165.68 
106.998324,-6.976174,1168.64 
106.996632,-6.976796,1171.61 
106.99494,-6.977419,1174.57 
106.993249,-6.978041,1177.54 
106.991557,-6.978664,1180.51 
106.989865,-6.979287,1183.49 
106.988173,-6.979909,1186.46 
106.986482,-6.980532,1189.44 
106.98479,-6.981154,1192.42 
106.983098,-6.981777,1195.4 
106.981406,-6.982399,1198.39 
106.979715,-6.983022,1201.38 
106.978023,-6.983644,1204.37 
106.976331,-6.984267,1207.36 
106.974639,-6.98489,1210.36 
106.972948,-6.985512,1213.36 
106.971256,-6.986135,1216.36 
106.969564,-6.986757,1219.36 
106.967872,-6.98738,1222.37 
106.96618,-6.988002,1225.38 
106.964489,-6.988625,1228.39 
106.962797,-6.989247,1231.4 
106.961105,-6.989869,1234.42 
106.959413,-6.990492,1237.44 
106.957721,-6.991114,1240.46 
106.95603,-6.991737,1243.48 
106.954338,-6.992359,1246.51 
106.952646,-6.992982,1249.53 
106.950954,-6.993604,1252.57 
106.949262,-6.994227,1255.6 
106.94757,-6.994849,1258.63 
106.945879,-6.995471,1261.67 
106.944187,-6.996094,1264.71 
106.942495,-6.996716,1267.76 
106.940803,-6.997339,1270.8 
106.939111,-6.997961,1273.85 
106.937419,-6.998583,1276.9 
106.935727,-6.999206,1279.96 
106.934036,-6.999828,1283.01 
106.932344,-7.000451,1286.07 
106.930652,-7.001073,1289.13 
106.92896,-7.001695,1292.19 
106.927268,-7.002318,1295.26 
106.925576,-7.00294,1298.33 
106.923884,-7.003562,1301.4 
106.922192,-7.004185,1304.47 
106.9205,-7.004807,1307.55 
106.918808,-7.005429,1310.62 
106.917117,-7.006052,1313.7 
106.915425,-7.006674,1316.79 
106.913733,-7.007296,1319.87 
106.912041,-7.007919,1322.96 
106.910349,-7.008541,1326.05 
106.908657,-7.009163,1329.14 
106.906965,-7.009785,1332.24 
106.905273,-7.010408,1335.33 
106.903581,-7.01103,1338.43 
106.901889,-7.011652,1341.54 
106.900197,-7.012274,1344.64 
106.898505,-7.012897,1347.75 
106.896813,-7.013519,1350.86 
106.895121,-7.014141,1353.97 
106.893429,-7.014763,1357.08 
106.891737,-7.015386,1360.2 
106.890045,-7.016008,1363.32 
106.888353,-7.01663,1366.44 
106.886661,-7.017252,1369.56 
106.884969,-7.017874,1372.69 
106.883277,-7.018497,1375.82 
106.881585,-7.019119,1378.95 
106.879893,-7.019741,1382.08 
106.878201,-7.020363,1385.22 
106.876509,-7.020985,1388.36 
106.874817,-7.021608,1391.5 
106.873125,-7.02223,1394.64 
106.871433,-7.022852,1397.79 
106.869741,-7.023474,1400.93 
106.868049,-7.024096,1404.08 
106.866357,-7.024718,1407.23 
106.864665,-7.02534,1410.39 
106.862973,-7.025963,1413.55 
106.861281,-7.026585,1416.7 
106.859588,-7.027207,1419.87 
106.857896,-7.027829,1423.03 
106.856204,-7.028451,1426.19 
106.854512,-7.029073,1429.36 
106.85282,-7.029695,1432.53 
106.851128,-7.030317,1435.7 
106.849436,-7.030939,1438.88 
106.847744,-7.031561,1442.06 
106.846052,-7.032183,1445.24 
106.84436,-7.032805,1448.42 
106.842667,-7.033428,1451.6 
106.840975,-7.03405,1454.79 
106.839283,-7.034672,1457.97 
106.837591,-7.035294,1461.16 
106.835899,-7.035916,1464.36 
106.834207,-7.036538,1467.55 
106.832515,-7.03716,1470.75 
106.830822,-7.037782,1473.95 
106.82913,-7.038404,1477.15 
106.827438,-7.039026,1480.35 
106.825746,-7.039648,1483.55 
106.824054,-7.04027,1486.76 
106.822362,-7.040892,1489.97 
106.820669,-7.041514,1493.18 
106.818977,-7.042136,1496.39 
106.817285,-7.042758,1499.61 
106.815593,-7.043379,1502.83 
106.813901,-7.044001,1506.05 
106.812208,-7.044623,1509.27 
106.810516,-7.045245,1512.49 
106.808824,-7.045867,1515.72 
106.807132,-7.046489,1518.94 
106.80544,-7.047111,1522.17 
106.803747,-7.047733,1525.4 
106.802055,-7.048355,1528.64 
106.800363,-7.048977,1531.87 
106.798671,-7.049599,1535.11 
106.796978,-7.050221,1538.35 
106.795286,-7.050842,1541.59 
106.793594,-7.051464,1544.83 
106.791902,-7.052086,1548.07 
106.790209,-7.052708,1551.32 
106.788517,-7.05333,1554.57 
106.786825,-7.053952,1557.82 
106.785133,-7.054574,1561.07 
106.78344,-7.055195,1564.32 
106.781748,-7.055817,1567.57 
106.780056,-7.056439,1570.83 
106.778363,-7.057061,1574.09 
106.776671,-7.057683,1577.35 
106.774979,-7.058304,1580.61 
106.773287,-7.058926,1583.87 
106.771594,-7.059548,1587.14 
106.769902,-7.06017,1590.4 
106.76821,-7.060792,1593.67 
106.766517,-7.061413,1596.94 
106.764825,-7.062035,1600.21 
106.763133,-7.062657,1603.48 
106.76144,-7.063279,1606.76 
106.759748,-7.0639,1610.03 
106.758056,-7.064522,1613.31 
106.756363,-7.065144,1616.59 
106.754671,-7.065766,1619.87 
106.752978,-7.066387,1623.15 
106.751286,-7.067009,1626.43 
106.749594,-7.067631,1629.71 
106.747901,-7.068253,1633 
106.746209,-7.068874,1636.28 
106.744517,-7.069496,1639.57 
106.742824,-7.070118,1642.86 
106.741132,-7.070739,1646.15 
106.739439,-7.071361,1649.44 
106.737747,-7.071983,1652.73 
106.736055,-7.072604,1656.02 
106.734362,-7.073226,1659.31 
106.73267,-7.073848,1662.61 
106.730977,-7.074469,1665.9 
106.729285,-7.075091,1669.2 
106.727592,-7.075713,1672.5 
106.7259,-7.076334,1675.8 
106.724208,-7.076956,1679.09 
106.722515,-7.077577,1682.39 
106.720823,-7.078199,1685.69 
106.71913,-7.078821,1688.99 
106.717438,-7.079442,1692.3 
106.715745,-7.080064,1695.6 
106.714053,-7.080685,1698.9 
106.71236,-7.081307,1702.2 
106.710668,-7.081929,1705.51 
106.708975,-7.08255,1708.81 
106.707283,-7.083172,1712.12 
106.70559,-7.083793,1715.42 
106.703898,-7.084415,1718.73 
106.702205,-7.085036,1722.03 
106.700513,-7.085658,1725.34 
106.69882,-7.086279,1728.64 
106.697128,-7.086901,1731.95 
106.695435,-7.087522,1735.25 
106.693743,-7.088144,1738.56 
106.69205,-7.088765,1741.86 
106.690358,-7.089387,1745.17 
106.688665,-7.090008,1748.47 
106.686973,-7.09063,1751.78 
106.68528,-7.091251,1755.08 
106.683588,-7.091873,1758.39 
106.681895,-7.092494,1761.69 
106.680203,-7.093116,1764.99 
106.67851,-7.093737,1768.29 
106.676817,-7.094359,1771.59 
106.675125,-7.09498,1774.89 
106.673432,-7.095602,1778.19 
106.67174,-7.096223,1781.49 
106.670047,-7.096844,1784.79 
106.668354,-7.097466,1788.08 
106.666662,-7.098087,1791.38 
106.664969,-7.098709,1794.67 
106.663277,-7.09933,1797.96 
106.661584,-7.099952,1801.25 
106.659891,-7.100573,1804.54 
106.658199,-7.101194,1807.83 
106.656506,-7.101816,1811.11 
106.654814,-7.102437,1814.39 
106.653121,-7.103058,1817.67 
106.651428,-7.10368,1820.95 
106.649736,-7.104301,1824.22 
106.648043,-7.104922,1827.5 
106.64635,-7.105544,1830.77 
106.644658,-7.106165,1834.03 
106.642965,-7.106786,1837.3 
106.641272,-7.107408,1840.56 
106.63958,-7.108029,1843.81 
106.637887,-7.10865,1847.07 
106.636194,-7.109272,1850.32 
106.634502,-7.109893,1853.56 
106.632809,-7.110514,1856.8 
106.631116,-7.111136,1860.04 
106.629424,-7.111757,1863.27 
106.627731,-7.112378,1866.5 
106.626038,-7.112999,1869.72 
106.624346,-7.113621,1872.94 
106.622653,-7.114242,1876.15 
106.62096,-7.114863,1879.35 
106.619267,-7.115484,1882.55 
106.617575,-7.116106,1885.74 
106.615882,-7.116727,1888.92 
106.614189,-7.117348,1892.1 
106.612496,-7.117969,1895.27 
106.610804,-7.118591,1898.43 
106.609111,-7.119212,1901.59 
106.607418,-7.119833,1904.73 
106.605725,-7.120454,1907.86 
106.604033,-7.121075,1910.99 
106.60234,-7.121696,1914.1 
106.600647,-7.122318,1917.21 
106.598954,-7.122939,1920.3 
106.597262,-7.12356,1923.37 
106.595569,-7.124181,1926.44 
106.593876,-7.124802,1929.49 
106.592183,-7.125423,1932.53 
106.59049,-7.126045,1935.55 
106.588798,-7.126666,1938.55 
106.587105,-7.127287,1941.54 
106.585412,-7.127908,1944.51 
106.583719,-7.128529,1947.45 
106.582026,-7.12915,1950.38 
106.580333,-7.129771,1953.28 
106.578641,-7.130392,1956.16 
106.576948,-7.131013,1959.01 
106.575255,-7.131635,1961.83 
106.573562,-7.132256,1964.62 
106.571869,-7.132877,1967.37 
106.570176,-7.133498,1970.09 
106.568484,-7.134119,1972.77 
106.566791,-7.13474,1975.4 
106.565098,-7.135361,1977.98 
106.563405,-7.135982,1980.5 
106.561712,-7.136603,1982.96 
106.560019,-7.137224,1985.35 
106.558326,-7.137845,1987.66 
106.556633,-7.138466,1989.87 
106.55494,-7.139087,1991.97 
106.553248,-7.139708,1993.93 
106.551555,-7.140329,1995.73 
106.549862,-7.14095,1997.33 
106.548169,-7.141571,1998.64 
106.546476,-7.142192,1999.57 
106.544783,-7.142813,1999.88 
106.54309,-7.143434,1999.02 
106.541397,-7.144055,1991 
106.541397,-7.144055,1991 
106.54309,-7.143434,1974.62 
106.544783,-7.142813,1965.41 
106.546476,-7.142192,1957.39 
106.548169,-7.141571,1949.98 
106.549862,-7.14095,1942.98 
106.551555,-7.140329,1936.26 
106.553248,-7.139708,1929.76 
106.55494,-7.139087,1923.43 
106.556633,-7.138466,1917.25 
106.558326,-7.137845,1911.19 
106.560019,-7.137224,1905.23 
106.561712,-7.136603,1899.37 
106.563405,-7.135982,1893.58 
106.565098,-7.135361,1887.87 
106.566791,-7.13474,1882.22 
106.568484,-7.134119,1876.64 
106.570176,-7.133498,1871.11 
106.571869,-7.132877,1865.62 
106.573562,-7.132256,1860.19 
106.575255,-7.131635,1854.8 
106.576948,-7.131013,1849.45 
106.578641,-7.130392,1844.14 
106.580333,-7.129771,1838.86 
106.582026,-7.12915,1833.62 
106.583719,-7.128529,1828.42 
106.585412,-7.127908,1823.24 
106.587105,-7.127287,1818.09 
106.588798,-7.126666,1812.97 
106.59049,-7.126045,1807.88 
106.592183,-7.125423,1802.82 
106.593876,-7.124802,1797.78 
106.595569,-7.124181,1792.76 
106.597262,-7.12356,1787.77 
106.598954,-7.122939,1782.8 
106.600647,-7.122318,1777.85 
106.60234,-7.121696,1772.92 
106.604033,-7.121075,1768.01 
106.605725,-7.120454,1763.13 
106.607418,-7.119833,1758.26 
106.609111,-7.119212,1753.41 
106.610804,-7.118591,1748.58 
106.612496,-7.117969,1743.77 
106.614189,-7.117348,1738.97 
106.615882,-7.116727,1734.19 
106.617575,-7.116106,1729.43 
106.619267,-7.115484,1724.69 
106.62096,-7.114863,1719.96 
106.622653,-7.114242,1715.24 
106.624346,-7.113621,1710.55 
106.626038,-7.112999,1705.86 
106.627731,-7.112378,1701.19 
106.629424,-7.111757,1696.54 
106.631116,-7.111136,1691.9 
106.632809,-7.110514,1687.28 
106.634502,-7.109893,1682.67 
106.636194,-7.109272,1678.07 
106.637887,-7.10865,1673.48 
106.63958,-7.108029,1668.91 
106.641272,-7.107408,1664.35 
106.642965,-7.106786,1659.81 
106.644658,-7.106165,1655.27 
106.64635,-7.105544,1650.75 
106.648043,-7.104922,1646.25 
106.649736,-7.104301,1641.75 
106.651428,-7.10368,1637.27 
106.653121,-7.103058,1632.79 
106.654814,-7.102437,1628.33 
106.656506,-7.101816,1623.88 
106.658199,-7.101194,1619.45 
106.659891,-7.100573,1615.02 
106.661584,-7.099952,1610.61 
106.663277,-7.09933,1606.2 
106.664969,-7.098709,1601.81 
106.666662,-7.098087,1597.43 
106.668354,-7.097466,1593.06 
106.670047,-7.096844,1588.7 
106.67174,-7.096223,1584.35 
106.673432,-7.095602,1580.01 
106.675125,-7.09498,1575.68 
106.676817,-7.094359,1571.36 
106.67851,-7.093737,1567.05 
106.680203,-7.093116,1562.75 
106.681895,-7.092494,1558.46 
106.683588,-7.091873,1554.19 
106.68528,-7.091251,1549.92 
106.686973,-7.09063,1545.66 
106.688665,-7.090008,1541.41 
106.690358,-7.089387,1537.17 
106.69205,-7.088765,1532.94 
106.693743,-7.088144,1528.72 
106.695435,-7.087522,1524.51 
106.697128,-7.086901,1520.31 
106.69882,-7.086279,1516.12 
106.700513,-7.085658,1511.94 
106.702205,-7.085036,1507.76 
106.703898,-7.084415,1503.6 
106.70559,-7.083793,1499.44 
106.707283,-7.083172,1495.3 
106.708975,-7.08255,1491.16 
106.710668,-7.081929,1487.03 
106.71236,-7.081307,1482.91 
106.714053,-7.080685,1478.81 
106.715745,-7.080064,1474.7 
106.717438,-7.079442,1470.61 
106.71913,-7.078821,1466.53 
106.720823,-7.078199,1462.45 
106.722515,-7.077577,1458.39 
106.724208,-7.076956,1454.33 
106.7259,-7.076334,1450.28 
106.727592,-7.075713,1446.24 
106.729285,-7.075091,1442.21 
106.730977,-7.074469,1438.19 
106.73267,-7.073848,1434.17 
106.734362,-7.073226,1430.17 
106.736055,-7.072604,1426.17 
106.737747,-7.071983,1422.18 
106.739439,-7.071361,1418.2 
106.741132,-7.070739,1414.22 
106.742824,-7.070118,1410.26 
106.744517,-7.069496,1406.3 
106.746209,-7.068874,1402.35 
106.747901,-7.068253,1398.41 
106.749594,-7.067631,1394.48 
106.751286,-7.067009,1390.56 
106.752978,-7.066387,1386.64 
106.754671,-7.065766,1382.73 
106.756363,-7.065144,1378.83 
106.758056,-7.064522,1374.94 
106.759748,-7.0639,1371.06 
106.76144,-7.063279,1367.18 
106.763133,-7.062657,1363.31 
106.764825,-7.062035,1359.45 
106.766517,-7.061413,1355.6 
106.76821,-7.060792,1351.76 
106.769902,-7.06017,1347.92 
106.771594,-7.059548,1344.09 
106.773287,-7.058926,1340.27 
106.774979,-7.058304,1336.46 
106.776671,-7.057683,1332.65 
106.778363,-7.057061,1328.85 
106.780056,-7.056439,1325.06 
106.781748,-7.055817,1321.28 
106.78344,-7.055195,1317.5 
106.785133,-7.054574,1313.74 
106.786825,-7.053952,1309.98 
106.788517,-7.05333,1306.22 
106.790209,-7.052708,1302.48 
106.791902,-7.052086,1298.74 
106.793594,-7.051464,1295.01 
106.795286,-7.050842,1291.29 
106.796978,-7.050221,1287.58 
106.798671,-7.049599,1283.87 
106.800363,-7.048977,1280.17 
106.802055,-7.048355,1276.48 
106.803747,-7.047733,1272.8 
106.80544,-7.047111,1269.12 
106.807132,-7.046489,1265.45 
106.808824,-7.045867,1261.79 
106.810516,-7.045245,1258.13 
106.812208,-7.044623,1254.48 
106.813901,-7.044001,1250.84 
106.815593,-7.043379,1247.21 
106.817285,-7.042758,1243.59 
106.818977,-7.042136,1239.97 
106.820669,-7.041514,1236.36 
106.822362,-7.040892,1232.75 
106.824054,-7.04027,1229.16 
106.825746,-7.039648,1225.57 
106.827438,-7.039026,1221.99 
106.82913,-7.038404,1218.41 
106.830822,-7.037782,1214.85 
106.832515,-7.03716,1211.29 
106.834207,-7.036538,1207.73 
106.835899,-7.035916,1204.19 
106.837591,-7.035294,1200.65 
106.839283,-7.034672,1197.12 
106.840975,-7.03405,1193.59 
106.842667,-7.033428,1190.08 
106.84436,-7.032805,1186.57 
106.846052,-7.032183,1183.07 
106.847744,-7.031561,1179.57 
106.849436,-7.030939,1176.08 
106.851128,-7.030317,1172.6 
106.85282,-7.029695,1169.13 
106.854512,-7.029073,1165.66 
106.856204,-7.028451,1162.2 
106.857896,-7.027829,1158.75 
106.859588,-7.027207,1155.3 
106.861281,-7.026585,1151.87 
106.862973,-7.025963,1148.43 
106.864665,-7.02534,1145.01 
106.866357,-7.024718,1141.59 
106.868049,-7.024096,1138.18 
106.869741,-7.023474,1134.78 
106.871433,-7.022852,1131.38 
106.873125,-7.02223,1127.99 
106.874817,-7.021608,1124.61 
106.876509,-7.020985,1121.24 
106.878201,-7.020363,1117.87 
106.879893,-7.019741,1114.51 
106.881585,-7.019119,1111.15 
106.883277,-7.018497,1107.81 
106.884969,-7.017874,1104.47 
106.886661,-7.017252,1101.13 
106.888353,-7.01663,1097.81 
106.890045,-7.016008,1094.49 
106.891737,-7.015386,1091.18 
106.893429,-7.014763,1087.87 
106.895121,-7.014141,1084.57 
106.896813,-7.013519,1081.28 
106.898505,-7.012897,1078 
106.900197,-7.012274,1074.72 
106.901889,-7.011652,1071.45 
106.903581,-7.01103,1068.19 
106.905273,-7.010408,1064.93 
106.906965,-7.009785,1061.68 
106.908657,-7.009163,1058.44 
106.910349,-7.008541,1055.2 
106.912041,-7.007919,1051.97 
106.913733,-7.007296,1048.75 
106.915425,-7.006674,1045.54 
106.917117,-7.006052,1042.33 
106.918808,-7.005429,1039.13 
106.9205,-7.004807,1035.93 
106.922192,-7.004185,1032.75 
106.923884,-7.003562,1029.57 
106.925576,-7.00294,1026.39 
106.927268,-7.002318,1023.22 
106.92896,-7.001695,1020.07 
106.930652,-7.001073,1016.91 
106.932344,-7.000451,1013.77 
106.934036,-6.999828,1010.63 
106.935727,-6.999206,1007.49 
106.937419,-6.998583,1004.37 
106.939111,-6.997961,1001.25 
106.940803,-6.997339,998.14 
106.942495,-6.996716,995.03 
106.944187,-6.996094,991.94 
106.945879,-6.995471,988.84 
106.94757,-6.994849,985.76 
106.949262,-6.994227,982.68 
106.950954,-6.993604,979.61 
106.952646,-6.992982,976.55 
106.954338,-6.992359,973.49 
106.95603,-6.991737,970.44 
106.957721,-6.991114,967.4 
106.959413,-6.990492,964.36 
106.961105,-6.989869,961.33 
106.962797,-6.989247,958.31 
106.964489,-6.988625,955.3 
106.96618,-6.988002,952.29 
106.967872,-6.98738,949.28 
106.969564,-6.986757,946.29 
106.971256,-6.986135,943.3 
106.972948,-6.985512,940.32 
106.974639,-6.98489,937.35 
106.976331,-6.984267,934.38 
106.978023,-6.983644,931.42 
106.979715,-6.983022,928.46 
106.981406,-6.982399,925.52 
106.983098,-6.981777,922.58 
106.98479,-6.981154,919.64 
106.986482,-6.980532,916.72 
106.988173,-6.979909,913.8 
106.989865,-6.979287,910.88 
106.991557,-6.978664,907.98 
106.993249,-6.978041,905.08 
106.99494,-6.977419,902.19 
106.996632,-6.976796,899.3 
106.998324,-6.976174,896.42 
107.000015,-6.975551,893.55 
107.001707,-6.974928,890.69 
107.003399,-6.974306,887.83 
107.005091,-6.973683,884.98 
107.006782,-6.973061,882.14 
107.008474,-6.972438,879.3 
107.010166,-6.971815,876.47 
107.011857,-6.971193,873.65 
107.013549,-6.97057,870.83 
107.015241,-6.969947,868.02 
107.016932,-6.969325,865.22 
107.018624,-6.968702,862.42 
107.020316,-6.968079,859.63 
107.022007,-6.967457,856.85 
107.023699,-6.966834,854.08 
107.025391,-6.966211,851.31 
107.027082,-6.965589,848.55 
107.028774,-6.964966,845.79 
107.030465,-6.964343,843.05 
107.032157,-6.96372,840.31 
107.033849,-6.963098,837.57 
107.03554,-6.962475,834.85 
107.037232,-6.961852,832.13 
107.038923,-6.961229,829.42 
107.040615,-6.960607,826.71 
107.042307,-6.959984,824.01 
107.043998,-6.959361,821.32 
107.04569,-6.958738,818.64 
107.047381,-6.958116,815.96 
107.049073,-6.957493,813.29 
107.050765,-6.95687,810.62 
107.052456,-6.956247,807.97 
107.054148,-6.955625,805.32 
107.055839,-6.955002,802.68 
107.057531,-6.954379,800.04 
107.059222,-6.953756,797.41 
107.060914,-6.953133,794.79 
107.062605,-6.95251,792.18 
107.064297,-6.951888,789.57 
107.065989,-6.951265,786.97 
107.06768,-6.950642,784.38 
107.069372,-6.950019,781.79 
107.071063,-6.949396,779.21 
107.072755,-6.948773,776.64 
107.074446,-6.94815,774.08 
107.076138,-6.947528,771.52 
107.077829,-6.946905,768.97 
107.079521,-6.946282,766.42 
107.081212,-6.945659,763.89 
107.082904,-6.945036,761.36 
107.084595,-6.944413,758.84 
107.086287,-6.94379,756.32 
107.087978,-6.943167,753.81 
107.089669,-6.942544,751.31 
107.091361,-6.941921,748.82 
107.093052,-6.941299,746.33 
107.094744,-6.940676,743.85 
107.096435,-6.940053,741.38 
107.098127,-6.93943,738.92 
107.099818,-6.938807,736.46 
107.10151,-6.938184,734.01 
107.103201,-6.937561,731.57 
107.104892,-6.936938,729.13 
107.106584,-6.936315,726.7 
107.108275,-6.935692,724.28 
107.109967,-6.935069,721.87 
107.111658,-6.934446,719.46 
107.11335,-6.933823,717.06 
107.115041,-6.9332,714.67 
107.116732,-6.932577,712.29 
107.118424,-6.931954,709.91 
107.120115,-6.931331,707.54 
107.121807,-6.930708,705.18 
107.123498,-6.930085,702.82 
107.125189,-6.929462,700.48 
107.126881,-6.928839,698.14 
107.128572,-6.928216,695.8 
107.130263,-6.927592,693.48 
107.131955,-6.926969,691.16 
107.133646,-6.926346,688.85 
107.135337,-6.925723,686.55 
107.137029,-6.9251,684.25 
107.13872,-6.924477,681.97 
107.140411,-6.923854,679.69 
107.142103,-6.923231,677.42 
107.143794,-6.922608,675.15 
107.145485,-6.921985,672.89 
107.147177,-6.921361,670.64 
107.148868,-6.920738,668.4 
107.150559,-6.920115,666.17 
107.152251,-6.919492,663.94 
107.153942,-6.918869,661.72 
107.155633,-6.918246,659.51 
107.157325,-6.917623,657.31 
107.159016,-6.916999,655.11 
107.160707,-6.916376,652.93 
107.162398,-6.915753,650.75 
107.16409,-6.91513,648.57 
107.165781,-6.914507,646.41 
107.167472,-6.913883,644.25 
107.169163,-6.91326,642.1 
107.170855,-6.912637,639.96 
107.172546,-6.912014,637.83 
107.174237,-6.911391,635.71 
107.175928,-6.910767,633.59 
107.17762,-6.910144,631.48 
107.179311,-6.909521,629.38 
107.181002,-6.908898,627.29 
107.182693,-6.908274,625.21 
107.184385,-6.907651,623.13 
107.186076,-6.907028,621.06 
107.187767,-6.906405,619 
107.189458,-6.905781,616.95 
107.191149,-6.905158,614.91 
107.192841,-6.904535,612.87 
107.194532,-6.903911,610.85 
107.196223,-6.903288,608.83 
107.197914,-6.902665,606.82 
107.199605,-6.902042,604.82 
107.201297,-6.901418,602.83 
107.202988,-6.900795,600.84 
107.204679,-6.900172,598.87 
107.20637,-6.899548,596.9 
107.208061,-6.898925,594.94 
107.209752,-6.898302,592.99 
107.211443,-6.897678,591.05 
107.213135,-6.897055,589.12 
107.214826,-6.896431,587.19 
107.216517,-6.895808,585.28 
107.218208,-6.895185,583.37 
107.219899,-6.894561,581.48 
107.22159,-6.893938,579.59 
107.223281,-6.893315,577.71 
107.224973,-6.892691,575.84 
107.226664,-6.892068,573.98 
107.228355,-6.891444,572.13 
107.230046,-6.890821,570.29 
107.231737,-6.890198,568.45 
107.233428,-6.889574,566.63 
107.235119,-6.888951,564.82 
107.23681,-6.888327,563.01 
107.238501,-6.887704,561.22 
107.240192,-6.88708,559.43 
107.241883,-6.886457,557.66 
107.243574,-6.885833,555.89 
107.245266,-6.88521,554.13 
107.246957,-6.884586,552.39 
107.248648,-6.883963,550.65 
107.250339,-6.883339,548.93 
107.25203,-6.882716,547.21 
107.253721,-6.882092,545.5 
107.255412,-6.881469,543.81 
107.257103,-6.880845,542.12 
107.258794,-6.880222,540.45 
107.260485,-6.879598,538.79 
107.262176,-6.878975,537.13 
107.263867,-6.878351,535.49 
107.265558,-6.877728,533.86 
107.267249,-6.877104,532.24 
107.26894,-6.876481,530.63 
107.270631,-6.875857,529.03 
107.272322,-6.875234,527.44 
107.274013,-6.87461,525.87 
107.275704,-6.873986,524.3 
107.277395,-6.873363,522.75 
107.279086,-6.872739,521.21 
107.280777,-6.872116,519.68 
107.282468,-6.871492,518.17 
107.284159,-6.870868,516.66 
107.28585,-6.870245,515.17 
107.287541,-6.869621,513.69 
107.289231,-6.868998,512.23 
107.290922,-6.868374,510.77 
107.292613,-6.86775,509.33 
107.294304,-6.867127,507.91 
107.295995,-6.866503,506.49 
107.297686,-6.865879,505.1 
107.299377,-6.865256,503.71 
107.301068,-6.864632,502.34 
107.302759,-6.864008,500.98 
107.30445,-6.863385,499.64 
107.306141,-6.862761,498.32 
107.307832,-6.862137,497 
107.309522,-6.861514,495.71 
107.311213,-6.86089,494.43 
107.312904,-6.860266,493.17 
107.314595,-6.859642,491.92 
107.316286,-6.859019,490.69 
107.317977,-6.858395,489.48 
107.319668,-6.857771,488.29 
107.321359,-6.857148,487.11 
107.323049,-6.856524,485.95 
107.32474,-6.8559,484.82 
107.326431,-6.855276,483.7 
107.328122,-6.854652,482.6 
107.329813,-6.854029,481.53 
107.331504,-6.853405,480.47 
107.333194,-6.852781,479.44 
107.334885,-6.852157,478.43 
107.336576,-6.851534,477.45 
107.338267,-6.85091,476.49 
107.339958,-6.850286,475.56 
107.341648,-6.849662,474.65 
107.343339,-6.849038,473.77 
107.34503,-6.848415,472.93 
107.346721,-6.847791,472.11 
107.348412,-6.847167,471.32 
107.350102,-6.846543,470.57 
107.351793,-6.845919,469.86 
107.353484,-6.845295,469.19 
107.355175,-6.844671,468.55 
107.356866,-6.844048,467.96 
107.358556,-6.843424,467.42 
107.360247,-6.8428,466.93 
107.361938,-6.842176,466.49 
107.363629,-6.841552,466.11 
107.365319,-6.840928,465.8 
107.36701,-6.840304,465.56 
107.368701,-6.83968,465.4 
107.370392,-6.839057,465.33 
107.372082,-6.838433,465.37 
107.373773,-6.837809,465.53 
107.375464,-6.837185,465.83 
107.377154,-6.836561,466.31 
107.378845,-6.835937,467 
107.380536,-6.835313,467.98 
107.382227,-6.834689,469.36 
107.383917,-6.834065,471.36 
107.385608,-6.833441,474.54 
107.387299,-6.832817,484.9 
</coordinates></LineString></Placemark>

</Folder>
<Folder><name>Land cover</name>

<Placemark><name>Wooded Grassland</name>
<LookAt><altitudeMode>absolute</altitudeMode><longitude> 106.964488656977</longitude><latitude>-6.98862451260982</latitude><altitude> 1091.84183016285</altitude><range> 99574.4487954743</range><tilt>80.0</tilt><heading> 159.60965164137</heading></LookAt>
<visibility>1</visibility><Style><LineStyle><color>b000CEDC</color><width>10</width></LineStyle></Style><MultiGeometry>
<LineString><altitudeMode>absolute</altitudeMode><coordinates>107.351793,-6.845919,323 107.351793,-6.845919,328 </coordinates></LineString>
<LineString><altitudeMode>absolute</altitudeMode><coordinates>107.350102,-6.846543,305.5 107.350102,-6.846543,310.5 </coordinates></LineString>
<LineString><altitudeMode>absolute</altitudeMode><coordinates>107.348412,-6.847167,283.1 107.348412,-6.847167,288.1 </coordinates></LineString>
<LineString><altitudeMode>absolute</altitudeMode><coordinates>107.302759,-6.864008,318.3 107.302759,-6.864008,323.3 </coordinates></LineString>
<LineString><altitudeMode>absolute</altitudeMode><coordinates>107.301068,-6.864632,347.1 107.301068,-6.864632,352.1 </coordinates></LineString>
<LineString><altitudeMode>absolute</altitudeMode><coordinates>107.294304,-6.867127,440.2 107.294304,-6.867127,445.2 </coordinates></LineString>
<LineString><altitudeMode>absolute</altitudeMode><coordinates>107.292613,-6.86775,443.5 107.292613,-6.86775,448.5 </coordinates></LineString>
<LineString><altitudeMode>absolute</altitudeMode><coordinates>107.290922,-6.868374,397.1 107.290922,-6.868374,402.1 </coordinates></LineString>
<LineString><altitudeMode>absolute</altitudeMode><coordinates>107.289231,-6.868998,403.5 107.289231,-6.868998,408.5 </coordinates></LineString>
<LineString><altitudeMode>absolute</altitudeMode><coordinates>107.287541,-6.869621,408.5 107.287541,-6.869621,413.5 </coordinates></LineString>
<LineString><altitudeMode>absolute</altitudeMode><coordinates>107.28585,-6.870245,404.2 107.28585,-6.870245,409.2 </coordinates></LineString>
<LineString><altitudeMode>absolute</altitudeMode><coordinates>107.284159,-6.870868,406.1 107.284159,-6.870868,411.1 </coordinates></LineString>
<LineString><altitudeMode>absolute</altitudeMode><coordinates>107.282468,-6.871492,413.2 107.282468,-6.871492,418.2 </coordinates></LineString>
<LineString><altitudeMode>absolute</altitudeMode><coordinates>107.280777,-6.872116,422.8 107.280777,-6.872116,427.8 </coordinates></LineString>
<LineString><altitudeMode>absolute</altitudeMode><coordinates>107.279086,-6.872739,420.6 107.279086,-6.872739,425.6 </coordinates></LineString>
<LineString><altitudeMode>absolute</altitudeMode><coordinates>107.277395,-6.873363,434.5 107.277395,-6.873363,439.5 </coordinates></LineString>
<LineString><altitudeMode>absolute</altitudeMode><coordinates>107.275704,-6.873986,415.2 107.275704,-6.873986,420.2 </coordinates></LineString>
<LineString><altitudeMode>absolute</altitudeMode><coordinates>107.274013,-6.87461,394.4 107.274013,-6.87461,399.4 </coordinates></LineString>
<LineString><altitudeMode>absolute</altitudeMode><coordinates>107.272322,-6.875234,391.7 107.272322,-6.875234,396.7 </coordinates></LineString>
<LineString><altitudeMode>absolute</altitudeMode><coordinates>107.270631,-6.875857,425.7 107.270631,-6.875857,430.7 </coordinates></LineString>
<LineString><altitudeMode>absolute</altitudeMode><coordinates>107.26894,-6.876481,441.7 107.26894,-6.876481,446.7 </coordinates></LineString>
<LineString><altitudeMode>absolute</altitudeMode><coordinates>107.267249,-6.877104,445.6 107.267249,-6.877104,450.6 </coordinates></LineString>
<LineString><altitudeMode>absolute</altitudeMode><coordinates>107.265558,-6.877728,438 107.265558,-6.877728,443 </coordinates></LineString>
<LineString><altitudeMode>absolute</altitudeMode><coordinates>107.263867,-6.878351,458.5 107.263867,-6.878351,463.5 </coordinates></LineString>
<LineString><altitudeMode>absolute</altitudeMode><coordinates>107.262176,-6.878975,488.7 107.262176,-6.878975,493.7 </coordinates></LineString>
<LineString><altitudeMode>absolute</altitudeMode><coordinates>107.260485,-6.879598,523 107.260485,-6.879598,528 </coordinates></LineString>
<LineString><altitudeMode>absolute</altitudeMode><coordinates>107.258794,-6.880222,499.9 107.258794,-6.880222,504.9 </coordinates></LineString>
<LineString><altitudeMode>absolute</altitudeMode><coordinates>107.257103,-6.880845,472.2 107.257103,-6.880845,477.2 </coordinates></LineString>
<LineString><altitudeMode>absolute</altitudeMode><coordinates>107.255412,-6.881469,478.4 107.255412,-6.881469,483.4 </coordinates></LineString>
<LineString><altitudeMode>absolute</altitudeMode><coordinates>107.253721,-6.882092,489.5 107.253721,-6.882092,494.5 </coordinates></LineString>
<LineString><altitudeMode>absolute</altitudeMode><coordinates>107.25203,-6.882716,491.3 107.25203,-6.882716,496.3 </coordinates></LineString>
<LineString><altitudeMode>absolute</altitudeMode><coordinates>107.250339,-6.883339,472.2 107.250339,-6.883339,477.2 </coordinates></LineString>
<LineString><altitudeMode>absolute</altitudeMode><coordinates>107.248648,-6.883963,425.3 107.248648,-6.883963,430.3 </coordinates></LineString>
<LineString><altitudeMode>absolute</altitudeMode><coordinates>107.241883,-6.886457,373.5 107.241883,-6.886457,378.5 </coordinates></LineString>
<LineString><altitudeMode>absolute</altitudeMode><coordinates>107.235119,-6.888951,365.2 107.235119,-6.888951,370.2 </coordinates></LineString>
<LineString><altitudeMode>absolute</altitudeMode><coordinates>107.233428,-6.889574,385.5 107.233428,-6.889574,390.5 </coordinates></LineString>
<LineString><altitudeMode>absolute</altitudeMode><coordinates>107.231737,-6.890198,423.3 107.231737,-6.890198,428.3 </coordinates></LineString>
<LineString><altitudeMode>absolute</altitudeMode><coordinates>107.230046,-6.890821,422.2 107.230046,-6.890821,427.2 </coordinates></LineString>
<LineString><altitudeMode>absolute</altitudeMode><coordinates>107.228355,-6.891444,408.9 107.228355,-6.891444,413.9 </coordinates></LineString>
<LineString><altitudeMode>absolute</altitudeMode><coordinates>107.226664,-6.892068,388.5 107.226664,-6.892068,393.5 </coordinates></LineString>
<LineString><altitudeMode>absolute</altitudeMode><coordinates>107.224973,-6.892691,382.3 107.224973,-6.892691,387.3 </coordinates></LineString>
<LineString><altitudeMode>absolute</altitudeMode><coordinates>107.223281,-6.893315,380.5 107.223281,-6.893315,385.5 </coordinates></LineString>
<LineString><altitudeMode>absolute</altitudeMode><coordinates>107.211443,-6.897678,370.7 107.211443,-6.897678,375.7 </coordinates></LineString>
<LineString><altitudeMode>absolute</altitudeMode><coordinates>107.209752,-6.898302,373 107.209752,-6.898302,378 </coordinates></LineString>
<LineString><altitudeMode>absolute</altitudeMode><coordinates>107.196223,-6.903288,374.2 107.196223,-6.903288,379.2 </coordinates></LineString>
<LineString><altitudeMode>absolute</altitudeMode><coordinates>107.194532,-6.903911,373.4 107.194532,-6.903911,378.4 </coordinates></LineString>
<LineString><altitudeMode>absolute</altitudeMode><coordinates>107.165781,-6.914507,403.1 107.165781,-6.914507,408.1 </coordinates></LineString>
<LineString><altitudeMode>absolute</altitudeMode><coordinates>107.16409,-6.91513,399.1 107.16409,-6.91513,404.1 </coordinates></LineString>
<LineString><altitudeMode>absolute</altitudeMode><coordinates>107.115041,-6.9332,518 107.115041,-6.9332,523 </coordinates></LineString>
<LineString><altitudeMode>absolute</altitudeMode><coordinates>107.11335,-6.933823,513.7 107.11335,-6.933823,518.7 </coordinates></LineString>
<LineString><altitudeMode>absolute</altitudeMode><coordinates>107.111658,-6.934446,503.4 107.111658,-6.934446,508.4 </coordinates></LineString>
<LineString><altitudeMode>absolute</altitudeMode><coordinates>107.109967,-6.935069,524.2 107.109967,-6.935069,529.2 </coordinates></LineString>
<LineString><altitudeMode>absolute</altitudeMode><coordinates>107.108275,-6.935692,537.7 107.108275,-6.935692,542.7 </coordinates></LineString>
<LineString><altitudeMode>absolute</altitudeMode><coordinates>107.106584,-6.936315,575.1 107.106584,-6.936315,580.1 </coordinates></LineString>
<LineString><altitudeMode>absolute</altitudeMode><coordinates>107.104892,-6.936938,644.7 107.104892,-6.936938,649.7 </coordinates></LineString>
<LineString><altitudeMode>absolute</altitudeMode><coordinates>107.103201,-6.937561,697.2 107.103201,-6.937561,702.2 </coordinates></LineString>
<LineString><altitudeMode>absolute</altitudeMode><coordinates>107.10151,-6.938184,708.5 107.10151,-6.938184,713.5 </coordinates></LineString>
<LineString><altitudeMode>absolute</altitudeMode><coordinates>107.099818,-6.938807,678.8 107.099818,-6.938807,683.8 </coordinates></LineString>
<LineString><altitudeMode>absolute</altitudeMode><coordinates>107.098127,-6.93943,647.1 107.098127,-6.93943,652.1 </coordinates></LineString>
<LineString><altitudeMode>absolute</altitudeMode><coordinates>107.096435,-6.940053,603.3 107.096435,-6.940053,608.3 </coordinates></LineString>
<LineString><altitudeMode>absolute</altitudeMode><coordinates>107.094744,-6.940676,593.2 107.094744,-6.940676,598.2 </coordinates></LineString>
<LineString><altitudeMode>absolute</altitudeMode><coordinates>107.093052,-6.941299,601.7 107.093052,-6.941299,606.7 </coordinates></LineString>
<LineString><altitudeMode>absolute</altitudeMode><coordinates>107.091361,-6.941921,592.9 107.091361,-6.941921,597.9 </coordinates></LineString>
<LineString><altitudeMode>absolute</altitudeMode><coordinates>107.089669,-6.942544,569.4 107.089669,-6.942544,574.4 </coordinates></LineString>
<LineString><altitudeMode>absolute</altitudeMode><coordinates>107.087978,-6.943167,577.1 107.087978,-6.943167,582.1 </coordinates></LineString>
<LineString><altitudeMode>absolute</altitudeMode><coordinates>107.086287,-6.94379,585.2 107.086287,-6.94379,590.2 </coordinates></LineString>
<LineString><altitudeMode>absolute</altitudeMode><coordinates>107.084595,-6.944413,591 107.084595,-6.944413,596 </coordinates></LineString>
<LineString><altitudeMode>absolute</altitudeMode><coordinates>107.076138,-6.947528,641.8 107.076138,-6.947528,646.8 </coordinates></LineString>
<LineString><altitudeMode>absolute</altitudeMode><coordinates>107.074446,-6.94815,667.3 107.074446,-6.94815,672.3 </coordinates></LineString>
<LineString><altitudeMode>absolute</altitudeMode><coordinates>107.072755,-6.948773,685.2 107.072755,-6.948773,690.2 </coordinates></LineString>
<LineString><altitudeMode>absolute</altitudeMode><coordinates>107.071063,-6.949396,676.3 107.071063,-6.949396,681.3 </coordinates></LineString>
<LineString><altitudeMode>absolute</altitudeMode><coordinates>107.069372,-6.950019,656.6 107.069372,-6.950019,661.6 </coordinates></LineString>
<LineString><altitudeMode>absolute</altitudeMode><coordinates>107.06768,-6.950642,648.2 107.06768,-6.950642,653.2 </coordinates></LineString>
<LineString><altitudeMode>absolute</altitudeMode><coordinates>107.065989,-6.951265,656.7 107.065989,-6.951265,661.7 </coordinates></LineString>
<LineString><altitudeMode>absolute</altitudeMode><coordinates>107.064297,-6.951888,661.2 107.064297,-6.951888,666.2 </coordinates></LineString>
<LineString><altitudeMode>absolute</altitudeMode><coordinates>107.062605,-6.95251,678.5 107.062605,-6.95251,683.5 </coordinates></LineString>
<LineString><altitudeMode>absolute</altitudeMode><coordinates>107.060914,-6.953133,697 107.060914,-6.953133,702 </coordinates></LineString>
<LineString><altitudeMode>absolute</altitudeMode><coordinates>107.059222,-6.953756,712.4 107.059222,-6.953756,717.4 </coordinates></LineString>
<LineString><altitudeMode>absolute</altitudeMode><coordinates>107.057531,-6.954379,708.2 107.057531,-6.954379,713.2 </coordinates></LineString>
<LineString><altitudeMode>absolute</altitudeMode><coordinates>107.055839,-6.955002,668.7 107.055839,-6.955002,673.7 </coordinates></LineString>
<LineString><altitudeMode>absolute</altitudeMode><coordinates>107.054148,-6.955625,636.7 107.054148,-6.955625,641.7 </coordinates></LineString>
<LineString><altitudeMode>absolute</altitudeMode><coordinates>107.052456,-6.956247,618 107.052456,-6.956247,623 </coordinates></LineString>
<LineString><altitudeMode>absolute</altitudeMode><coordinates>107.050765,-6.95687,616.2 107.050765,-6.95687,621.2 </coordinates></LineString>
<LineString><altitudeMode>absolute</altitudeMode><coordinates>107.049073,-6.957493,613.4 107.049073,-6.957493,618.4 </coordinates></LineString>
<LineString><altitudeMode>absolute</altitudeMode><coordinates>107.047381,-6.958116,608.4 107.047381,-6.958116,613.4 </coordinates></LineString>
<LineString><altitudeMode>absolute</altitudeMode><coordinates>107.027082,-6.965589,715.9 107.027082,-6.965589,720.9 </coordinates></LineString>
<LineString><altitudeMode>absolute</altitudeMode><coordinates>107.025391,-6.966211,710.7 107.025391,-6.966211,715.7 </coordinates></LineString>
<LineString><altitudeMode>absolute</altitudeMode><coordinates>107.023699,-6.966834,676.2 107.023699,-6.966834,681.2 </coordinates></LineString>
<LineString><altitudeMode>absolute</altitudeMode><coordinates>107.022007,-6.967457,641.5 107.022007,-6.967457,646.5 </coordinates></LineString>
<LineString><altitudeMode>absolute</altitudeMode><coordinates>107.020316,-6.968079,633.8 107.020316,-6.968079,638.8 </coordinates></LineString>
<LineString><altitudeMode>absolute</altitudeMode><coordinates>107.018624,-6.968702,642.1 107.018624,-6.968702,647.1 </coordinates></LineString>
<LineString><altitudeMode>absolute</altitudeMode><coordinates>107.016932,-6.969325,668.1 107.016932,-6.969325,673.1 </coordinates></LineString>
<LineString><altitudeMode>absolute</altitudeMode><coordinates>107.015241,-6.969947,664.5 107.015241,-6.969947,669.5 </coordinates></LineString>
<LineString><altitudeMode>absolute</altitudeMode><coordinates>107.013549,-6.97057,644.2 107.013549,-6.97057,649.2 </coordinates></LineString>
<LineString><altitudeMode>absolute</altitudeMode><coordinates>107.011857,-6.971193,631.5 107.011857,-6.971193,636.5 </coordinates></LineString>
<LineString><altitudeMode>absolute</altitudeMode><coordinates>107.008474,-6.972438,622.5 107.008474,-6.972438,627.5 </coordinates></LineString>
<LineString><altitudeMode>absolute</altitudeMode><coordinates>107.006782,-6.973061,618.7 107.006782,-6.973061,623.7 </coordinates></LineString>
<LineString><altitudeMode>absolute</altitudeMode><coordinates>107.005091,-6.973683,614.3 107.005091,-6.973683,619.3 </coordinates></LineString>
<LineString><altitudeMode>absolute</altitudeMode><coordinates>107.003399,-6.974306,612.9 107.003399,-6.974306,617.9 </coordinates></LineString>
<LineString><altitudeMode>absolute</altitudeMode><coordinates>107.001707,-6.974928,614 107.001707,-6.974928,619 </coordinates></LineString>
<LineString><altitudeMode>absolute</altitudeMode><coordinates>106.998324,-6.976174,613.3 106.998324,-6.976174,618.3 </coordinates></LineString>
<LineString><altitudeMode>absolute</altitudeMode><coordinates>106.991557,-6.978664,617.7 106.991557,-6.978664,622.7 </coordinates></LineString>
<LineString><altitudeMode>absolute</altitudeMode><coordinates>106.989865,-6.979287,616.6 106.989865,-6.979287,621.6 </coordinates></LineString>
<LineString><altitudeMode>absolute</altitudeMode><coordinates>106.988173,-6.979909,616.8 106.988173,-6.979909,621.8 </coordinates></LineString>
<LineString><altitudeMode>absolute</altitudeMode><coordinates>106.986482,-6.980532,613.3 106.986482,-6.980532,618.3 </coordinates></LineString>
<LineString><altitudeMode>absolute</altitudeMode><coordinates>106.98479,-6.981154,614.1 106.98479,-6.981154,619.1 </coordinates></LineString>
<LineString><altitudeMode>absolute</altitudeMode><coordinates>106.983098,-6.981777,600.3 106.983098,-6.981777,605.3 </coordinates></LineString>
<LineString><altitudeMode>absolute</altitudeMode><coordinates>106.981406,-6.982399,596.2 106.981406,-6.982399,601.2 </coordinates></LineString>
<LineString><altitudeMode>absolute</altitudeMode><coordinates>106.979715,-6.983022,592.7 106.979715,-6.983022,597.7 </coordinates></LineString>
<LineString><altitudeMode>absolute</altitudeMode><coordinates>106.978023,-6.983644,588.6 106.978023,-6.983644,593.6 </coordinates></LineString>
<LineString><altitudeMode>absolute</altitudeMode><coordinates>106.976331,-6.984267,586.9 106.976331,-6.984267,591.9 </coordinates></LineString>
<LineString><altitudeMode>absolute</altitudeMode><coordinates>106.971256,-6.986135,625.7 106.971256,-6.986135,630.7 </coordinates></LineString>
<LineString><altitudeMode>absolute</altitudeMode><coordinates>106.969564,-6.986757,625.5 106.969564,-6.986757,630.5 </coordinates></LineString>
<LineString><altitudeMode>absolute</altitudeMode><coordinates>106.967872,-6.98738,628.9 106.967872,-6.98738,633.9 </coordinates></LineString>
<LineString><altitudeMode>absolute</altitudeMode><coordinates>106.96618,-6.988002,635.1 106.96618,-6.988002,640.1 </coordinates></LineString>
<LineString><altitudeMode>absolute</altitudeMode><coordinates>106.964489,-6.988625,625.7 106.964489,-6.988625,630.7 </coordinates></LineString>
<LineString><altitudeMode>absolute</altitudeMode><coordinates>106.962797,-6.989247,624.3 106.962797,-6.989247,629.3 </coordinates></LineString>
<LineString><altitudeMode>absolute</altitudeMode><coordinates>106.961105,-6.989869,619.3 106.961105,-6.989869,624.3 </coordinates></LineString>
<LineString><altitudeMode>absolute</altitudeMode><coordinates>106.959413,-6.990492,605.7 106.959413,-6.990492,610.7 </coordinates></LineString>
<LineString><altitudeMode>absolute</altitudeMode><coordinates>106.957721,-6.991114,609.2 106.957721,-6.991114,614.2 </coordinates></LineString>
<LineString><altitudeMode>absolute</altitudeMode><coordinates>106.95603,-6.991737,609.2 106.95603,-6.991737,614.2 </coordinates></LineString>
<LineString><altitudeMode>absolute</altitudeMode><coordinates>106.954338,-6.992359,617.7 106.954338,-6.992359,622.7 </coordinates></LineString>
<LineString><altitudeMode>absolute</altitudeMode><coordinates>106.952646,-6.992982,639 106.952646,-6.992982,644 </coordinates></LineString>
<LineString><altitudeMode>absolute</altitudeMode><coordinates>106.950954,-6.993604,634.1 106.950954,-6.993604,639.1 </coordinates></LineString>
<LineString><altitudeMode>absolute</altitudeMode><coordinates>106.949262,-6.994227,625.8 106.949262,-6.994227,630.8 </coordinates></LineString>
<LineString><altitudeMode>absolute</altitudeMode><coordinates>106.94757,-6.994849,615.4 106.94757,-6.994849,620.4 </coordinates></LineString>
<LineString><altitudeMode>absolute</altitudeMode><coordinates>106.945879,-6.995471,614.4 106.945879,-6.995471,619.4 </coordinates></LineString>
<LineString><altitudeMode>absolute</altitudeMode><coordinates>106.944187,-6.996094,600.2 106.944187,-6.996094,605.2 </coordinates></LineString>
<LineString><altitudeMode>absolute</altitudeMode><coordinates>106.942495,-6.996716,603.4 106.942495,-6.996716,608.4 </coordinates></LineString>
<LineString><altitudeMode>absolute</altitudeMode><coordinates>106.940803,-6.997339,586.5 106.940803,-6.997339,591.5 </coordinates></LineString>
<LineString><altitudeMode>absolute</altitudeMode><coordinates>106.939111,-6.997961,559.9 106.939111,-6.997961,564.9 </coordinates></LineString>
<LineString><altitudeMode>absolute</altitudeMode><coordinates>106.937419,-6.998583,538.3 106.937419,-6.998583,543.3 </coordinates></LineString>
<LineString><altitudeMode>absolute</altitudeMode><coordinates>106.932344,-7.000451,553.4 106.932344,-7.000451,558.4 </coordinates></LineString>
<LineString><altitudeMode>absolute</altitudeMode><coordinates>106.930652,-7.001073,546.5 106.930652,-7.001073,551.5 </coordinates></LineString>
<LineString><altitudeMode>absolute</altitudeMode><coordinates>106.92896,-7.001695,534.5 106.92896,-7.001695,539.5 </coordinates></LineString>
<LineString><altitudeMode>absolute</altitudeMode><coordinates>106.927268,-7.002318,520 106.927268,-7.002318,525 </coordinates></LineString>
<LineString><altitudeMode>absolute</altitudeMode><coordinates>106.925576,-7.00294,508.1 106.925576,-7.00294,513.1 </coordinates></LineString>
<LineString><altitudeMode>absolute</altitudeMode><coordinates>106.923884,-7.003562,504 106.923884,-7.003562,509 </coordinates></LineString>
<LineString><altitudeMode>absolute</altitudeMode><coordinates>106.922192,-7.004185,495.8 106.922192,-7.004185,500.8 </coordinates></LineString>
<LineString><altitudeMode>absolute</altitudeMode><coordinates>106.9205,-7.004807,491 106.9205,-7.004807,496 </coordinates></LineString>
<LineString><altitudeMode>absolute</altitudeMode><coordinates>106.918808,-7.005429,502.1 106.918808,-7.005429,507.1 </coordinates></LineString>
<LineString><altitudeMode>absolute</altitudeMode><coordinates>106.917117,-7.006052,508.6 106.917117,-7.006052,513.6 </coordinates></LineString>
<LineString><altitudeMode>absolute</altitudeMode><coordinates>106.915425,-7.006674,506 106.915425,-7.006674,511 </coordinates></LineString>
<LineString><altitudeMode>absolute</altitudeMode><coordinates>106.913733,-7.007296,502.3 106.913733,-7.007296,507.3 </coordinates></LineString>
<LineString><altitudeMode>absolute</altitudeMode><coordinates>106.912041,-7.007919,502.5 106.912041,-7.007919,507.5 </coordinates></LineString>
<LineString><altitudeMode>absolute</altitudeMode><coordinates>106.910349,-7.008541,535.9 106.910349,-7.008541,540.9 </coordinates></LineString>
<LineString><altitudeMode>absolute</altitudeMode><coordinates>106.908657,-7.009163,557.6 106.908657,-7.009163,562.6 </coordinates></LineString>
<LineString><altitudeMode>absolute</altitudeMode><coordinates>106.906965,-7.009785,552.3 106.906965,-7.009785,557.3 </coordinates></LineString>
<LineString><altitudeMode>absolute</altitudeMode><coordinates>106.905273,-7.010408,515 106.905273,-7.010408,520 </coordinates></LineString>
<LineString><altitudeMode>absolute</altitudeMode><coordinates>106.903581,-7.01103,566.8 106.903581,-7.01103,571.8 </coordinates></LineString>
<LineString><altitudeMode>absolute</altitudeMode><coordinates>106.901889,-7.011652,539.1 106.901889,-7.011652,544.1 </coordinates></LineString>
<LineString><altitudeMode>absolute</altitudeMode><coordinates>106.900197,-7.012274,491.1 106.900197,-7.012274,496.1 </coordinates></LineString>
<LineString><altitudeMode>absolute</altitudeMode><coordinates>106.898505,-7.012897,508.1 106.898505,-7.012897,513.1 </coordinates></LineString>
<LineString><altitudeMode>absolute</altitudeMode><coordinates>106.896813,-7.013519,531.5 106.896813,-7.013519,536.5 </coordinates></LineString>
<LineString><altitudeMode>absolute</altitudeMode><coordinates>106.895121,-7.014141,537.9 106.895121,-7.014141,542.9 </coordinates></LineString>
<LineString><altitudeMode>absolute</altitudeMode><coordinates>106.893429,-7.014763,526.7 106.893429,-7.014763,531.7 </coordinates></LineString>
<LineString><altitudeMode>absolute</altitudeMode><coordinates>106.891737,-7.015386,555.6 106.891737,-7.015386,560.6 </coordinates></LineString>
<LineString><altitudeMode>absolute</altitudeMode><coordinates>106.890045,-7.016008,578 106.890045,-7.016008,583 </coordinates></LineString>
<LineString><altitudeMode>absolute</altitudeMode><coordinates>106.888353,-7.01663,579.9 106.888353,-7.01663,584.9 </coordinates></LineString>
<LineString><altitudeMode>absolute</altitudeMode><coordinates>106.886661,-7.017252,589.7 106.886661,-7.017252,594.7 </coordinates></LineString>
<LineString><altitudeMode>absolute</altitudeMode><coordinates>106.884969,-7.017874,591.4 106.884969,-7.017874,596.4 </coordinates></LineString>
<LineString><altitudeMode>absolute</altitudeMode><coordinates>106.883277,-7.018497,585.8 106.883277,-7.018497,590.8 </coordinates></LineString>
<LineString><altitudeMode>absolute</altitudeMode><coordinates>106.881585,-7.019119,562.7 106.881585,-7.019119,567.7 </coordinates></LineString>
<LineString><altitudeMode>absolute</altitudeMode><coordinates>106.879893,-7.019741,556.7 106.879893,-7.019741,561.7 </coordinates></LineString>
<LineString><altitudeMode>absolute</altitudeMode><coordinates>106.878201,-7.020363,570 106.878201,-7.020363,575 </coordinates></LineString>
<LineString><altitudeMode>absolute</altitudeMode><coordinates>106.876509,-7.020985,577.9 106.876509,-7.020985,582.9 </coordinates></LineString>
<LineString><altitudeMode>absolute</altitudeMode><coordinates>106.874817,-7.021608,590.6 106.874817,-7.021608,595.6 </coordinates></LineString>
<LineString><altitudeMode>absolute</altitudeMode><coordinates>106.873125,-7.02223,606.8 106.873125,-7.02223,611.8 </coordinates></LineString>
<LineString><altitudeMode>absolute</altitudeMode><coordinates>106.871433,-7.022852,625.9 106.871433,-7.022852,630.9 </coordinates></LineString>
<LineString><altitudeMode>absolute</altitudeMode><coordinates>106.869741,-7.023474,648.6 106.869741,-7.023474,653.6 </coordinates></LineString>
<LineString><altitudeMode>absolute</altitudeMode><coordinates>106.868049,-7.024096,667.6 106.868049,-7.024096,672.6 </coordinates></LineString>
<LineString><altitudeMode>absolute</altitudeMode><coordinates>106.866357,-7.024718,674.4 106.866357,-7.024718,679.4 </coordinates></LineString>
<LineString><altitudeMode>absolute</altitudeMode><coordinates>106.864665,-7.02534,655.5 106.864665,-7.02534,660.5 </coordinates></LineString>
<LineString><altitudeMode>absolute</altitudeMode><coordinates>106.862973,-7.025963,605.9 106.862973,-7.025963,610.9 </coordinates></LineString>
<LineString><altitudeMode>absolute</altitudeMode><coordinates>106.861281,-7.026585,578.8 106.861281,-7.026585,583.8 </coordinates></LineString>
<LineString><altitudeMode>absolute</altitudeMode><coordinates>106.859588,-7.027207,562.1 106.859588,-7.027207,567.1 </coordinates></LineString>
<LineString><altitudeMode>absolute</altitudeMode><coordinates>106.849436,-7.030939,567.5 106.849436,-7.030939,572.5 </coordinates></LineString>
<LineString><altitudeMode>absolute</altitudeMode><coordinates>106.847744,-7.031561,573.8 106.847744,-7.031561,578.8 </coordinates></LineString>
<LineString><altitudeMode>absolute</altitudeMode><coordinates>106.846052,-7.032183,574.2 106.846052,-7.032183,579.2 </coordinates></LineString>
<LineString><altitudeMode>absolute</altitudeMode><coordinates>106.84436,-7.032805,555.4 106.84436,-7.032805,560.4 </coordinates></LineString>
<LineString><altitudeMode>absolute</altitudeMode><coordinates>106.842667,-7.033428,529.1 106.842667,-7.033428,534.1 </coordinates></LineString>
<LineString><altitudeMode>absolute</altitudeMode><coordinates>106.840975,-7.03405,480.7 106.840975,-7.03405,485.7 </coordinates></LineString>
<LineString><altitudeMode>absolute</altitudeMode><coordinates>106.839283,-7.034672,421.1 106.839283,-7.034672,426.1 </coordinates></LineString>
<LineString><altitudeMode>absolute</altitudeMode><coordinates>106.837591,-7.035294,463.8 106.837591,-7.035294,468.8 </coordinates></LineString>
<LineString><altitudeMode>absolute</altitudeMode><coordinates>106.827438,-7.039026,706.1 106.827438,-7.039026,711.1 </coordinates></LineString>
<LineString><altitudeMode>absolute</altitudeMode><coordinates>106.825746,-7.039648,710.4 106.825746,-7.039648,715.4 </coordinates></LineString>
<LineString><altitudeMode>absolute</altitudeMode><coordinates>106.824054,-7.04027,691.7 106.824054,-7.04027,696.7 </coordinates></LineString>
<LineString><altitudeMode>absolute</altitudeMode><coordinates>106.822362,-7.040892,664.9 106.822362,-7.040892,669.9 </coordinates></LineString>
<LineString><altitudeMode>absolute</altitudeMode><coordinates>106.820669,-7.041514,627.4 106.820669,-7.041514,632.4 </coordinates></LineString>
<LineString><altitudeMode>absolute</altitudeMode><coordinates>106.818977,-7.042136,603.2 106.818977,-7.042136,608.2 </coordinates></LineString>
<LineString><altitudeMode>absolute</altitudeMode><coordinates>106.817285,-7.042758,591.5 106.817285,-7.042758,596.5 </coordinates></LineString>
<LineString><altitudeMode>absolute</altitudeMode><coordinates>106.815593,-7.043379,579.8 106.815593,-7.043379,584.8 </coordinates></LineString>
<LineString><altitudeMode>absolute</altitudeMode><coordinates>106.813901,-7.044001,570.9 106.813901,-7.044001,575.9 </coordinates></LineString>
<LineString><altitudeMode>absolute</altitudeMode><coordinates>106.812208,-7.044623,556 106.812208,-7.044623,561 </coordinates></LineString>
<LineString><altitudeMode>absolute</altitudeMode><coordinates>106.810516,-7.045245,551.7 106.810516,-7.045245,556.7 </coordinates></LineString>
<LineString><altitudeMode>absolute</altitudeMode><coordinates>106.808824,-7.045867,543.2 106.808824,-7.045867,548.2 </coordinates></LineString>
<LineString><altitudeMode>absolute</altitudeMode><coordinates>106.80544,-7.047111,546.1 106.80544,-7.047111,551.1 </coordinates></LineString>
<LineString><altitudeMode>absolute</altitudeMode><coordinates>106.803747,-7.047733,535.9 106.803747,-7.047733,540.9 </coordinates></LineString>
<LineString><altitudeMode>absolute</altitudeMode><coordinates>106.802055,-7.048355,532.5 106.802055,-7.048355,537.5 </coordinates></LineString>
<LineString><altitudeMode>absolute</altitudeMode><coordinates>106.800363,-7.048977,526.5 106.800363,-7.048977,531.5 </coordinates></LineString>
<LineString><altitudeMode>absolute</altitudeMode><coordinates>106.798671,-7.049599,517.8 106.798671,-7.049599,522.8 </coordinates></LineString>
<LineString><altitudeMode>absolute</altitudeMode><coordinates>106.796978,-7.050221,516 106.796978,-7.050221,521 </coordinates></LineString>
<LineString><altitudeMode>absolute</altitudeMode><coordinates>106.795286,-7.050842,513 106.795286,-7.050842,518 </coordinates></LineString>
<LineString><altitudeMode>absolute</altitudeMode><coordinates>106.793594,-7.051464,515.6 106.793594,-7.051464,520.6 </coordinates></LineString>
<LineString><altitudeMode>absolute</altitudeMode><coordinates>106.791902,-7.052086,540.2 106.791902,-7.052086,545.2 </coordinates></LineString>
<LineString><altitudeMode>absolute</altitudeMode><coordinates>106.781748,-7.055817,566.9 106.781748,-7.055817,571.9 </coordinates></LineString>
<LineString><altitudeMode>absolute</altitudeMode><coordinates>106.780056,-7.056439,543.3 106.780056,-7.056439,548.3 </coordinates></LineString>
<LineString><altitudeMode>absolute</altitudeMode><coordinates>106.778363,-7.057061,552.5 106.778363,-7.057061,557.5 </coordinates></LineString>
<LineString><altitudeMode>absolute</altitudeMode><coordinates>106.776671,-7.057683,532.1 106.776671,-7.057683,537.1 </coordinates></LineString>
<LineString><altitudeMode>absolute</altitudeMode><coordinates>106.759748,-7.0639,657.7 106.759748,-7.0639,662.7 </coordinates></LineString>
<LineString><altitudeMode>absolute</altitudeMode><coordinates>106.741132,-7.070739,685.4 106.741132,-7.070739,690.4 </coordinates></LineString>
<LineString><altitudeMode>absolute</altitudeMode><coordinates>106.739439,-7.071361,685.2 106.739439,-7.071361,690.2 </coordinates></LineString>
<LineString><altitudeMode>absolute</altitudeMode><coordinates>106.737747,-7.071983,690.8 106.737747,-7.071983,695.8 </coordinates></LineString>
<LineString><altitudeMode>absolute</altitudeMode><coordinates>106.729285,-7.075091,734.7 106.729285,-7.075091,739.7 </coordinates></LineString>
<LineString><altitudeMode>absolute</altitudeMode><coordinates>106.727592,-7.075713,730.3 106.727592,-7.075713,735.3 </coordinates></LineString>
<LineString><altitudeMode>absolute</altitudeMode><coordinates>106.7259,-7.076334,711.9 106.7259,-7.076334,716.9 </coordinates></LineString>
<LineString><altitudeMode>absolute</altitudeMode><coordinates>106.724208,-7.076956,703 106.724208,-7.076956,708 </coordinates></LineString>
<LineString><altitudeMode>absolute</altitudeMode><coordinates>106.722515,-7.077577,691.4 106.722515,-7.077577,696.4 </coordinates></LineString>
<LineString><altitudeMode>absolute</altitudeMode><coordinates>106.720823,-7.078199,696.8 106.720823,-7.078199,701.8 </coordinates></LineString>
<LineString><altitudeMode>absolute</altitudeMode><coordinates>106.71913,-7.078821,709.7 106.71913,-7.078821,714.7 </coordinates></LineString>
<LineString><altitudeMode>absolute</altitudeMode><coordinates>106.717438,-7.079442,668.5 106.717438,-7.079442,673.5 </coordinates></LineString>
<LineString><altitudeMode>absolute</altitudeMode><coordinates>106.714053,-7.080685,659.6 106.714053,-7.080685,664.6 </coordinates></LineString>
<LineString><altitudeMode>absolute</altitudeMode><coordinates>106.71236,-7.081307,638.1 106.71236,-7.081307,643.1 </coordinates></LineString>
<LineString><altitudeMode>absolute</altitudeMode><coordinates>106.710668,-7.081929,653.7 106.710668,-7.081929,658.7 </coordinates></LineString>
<LineString><altitudeMode>absolute</altitudeMode><coordinates>106.708975,-7.08255,652.6 106.708975,-7.08255,657.6 </coordinates></LineString>
<LineString><altitudeMode>absolute</altitudeMode><coordinates>106.707283,-7.083172,640.9 106.707283,-7.083172,645.9 </coordinates></LineString>
<LineString><altitudeMode>absolute</altitudeMode><coordinates>106.70559,-7.083793,651.2 106.70559,-7.083793,656.2 </coordinates></LineString>
<LineString><altitudeMode>absolute</altitudeMode><coordinates>106.703898,-7.084415,652.7 106.703898,-7.084415,657.7 </coordinates></LineString>
<LineString><altitudeMode>absolute</altitudeMode><coordinates>106.702205,-7.085036,644.9 106.702205,-7.085036,649.9 </coordinates></LineString>
<LineString><altitudeMode>absolute</altitudeMode><coordinates>106.700513,-7.085658,635.5 106.700513,-7.085658,640.5 </coordinates></LineString>
<LineString><altitudeMode>absolute</altitudeMode><coordinates>106.697128,-7.086901,624.3 106.697128,-7.086901,629.3 </coordinates></LineString>
<LineString><altitudeMode>absolute</altitudeMode><coordinates>106.695435,-7.087522,622.2 106.695435,-7.087522,627.2 </coordinates></LineString>
<LineString><altitudeMode>absolute</altitudeMode><coordinates>106.690358,-7.089387,601.3 106.690358,-7.089387,606.3 </coordinates></LineString>
<LineString><altitudeMode>absolute</altitudeMode><coordinates>106.67174,-7.096223,664.8 106.67174,-7.096223,669.8 </coordinates></LineString>
<LineString><altitudeMode>absolute</altitudeMode><coordinates>106.670047,-7.096844,665.1 106.670047,-7.096844,670.1 </coordinates></LineString>
<LineString><altitudeMode>absolute</altitudeMode><coordinates>106.668354,-7.097466,676.5 106.668354,-7.097466,681.5 </coordinates></LineString>
<LineString><altitudeMode>absolute</altitudeMode><coordinates>106.666662,-7.098087,681.5 106.666662,-7.098087,686.5 </coordinates></LineString>
<LineString><altitudeMode>absolute</altitudeMode><coordinates>106.664969,-7.098709,683 106.664969,-7.098709,688 </coordinates></LineString>
<LineString><altitudeMode>absolute</altitudeMode><coordinates>106.663277,-7.09933,698.2 106.663277,-7.09933,703.2 </coordinates></LineString>
<LineString><altitudeMode>absolute</altitudeMode><coordinates>106.661584,-7.099952,709.1 106.661584,-7.099952,714.1 </coordinates></LineString>
<LineString><altitudeMode>absolute</altitudeMode><coordinates>106.659891,-7.100573,723.6 106.659891,-7.100573,728.6 </coordinates></LineString>
<LineString><altitudeMode>absolute</altitudeMode><coordinates>106.658199,-7.101194,735.1 106.658199,-7.101194,740.1 </coordinates></LineString>
<LineString><altitudeMode>absolute</altitudeMode><coordinates>106.656506,-7.101816,754.6 106.656506,-7.101816,759.6 </coordinates></LineString>
<LineString><altitudeMode>absolute</altitudeMode><coordinates>106.654814,-7.102437,760.9 106.654814,-7.102437,765.9 </coordinates></LineString>
<LineString><altitudeMode>absolute</altitudeMode><coordinates>106.653121,-7.103058,727 106.653121,-7.103058,732 </coordinates></LineString>
<LineString><altitudeMode>absolute</altitudeMode><coordinates>106.651428,-7.10368,693.1 106.651428,-7.10368,698.1 </coordinates></LineString>
<LineString><altitudeMode>absolute</altitudeMode><coordinates>106.649736,-7.104301,695.2 106.649736,-7.104301,700.2 </coordinates></LineString>
<LineString><altitudeMode>absolute</altitudeMode><coordinates>106.648043,-7.104922,705 106.648043,-7.104922,710 </coordinates></LineString>
<LineString><altitudeMode>absolute</altitudeMode><coordinates>106.64635,-7.105544,714 106.64635,-7.105544,719 </coordinates></LineString>
<LineString><altitudeMode>absolute</altitudeMode><coordinates>106.644658,-7.106165,710.1 106.644658,-7.106165,715.1 </coordinates></LineString>
<LineString><altitudeMode>absolute</altitudeMode><coordinates>106.642965,-7.106786,709.7 106.642965,-7.106786,714.7 </coordinates></LineString>
<LineString><altitudeMode>absolute</altitudeMode><coordinates>106.641272,-7.107408,707.5 106.641272,-7.107408,712.5 </coordinates></LineString>
<LineString><altitudeMode>absolute</altitudeMode><coordinates>106.63958,-7.108029,688 106.63958,-7.108029,693 </coordinates></LineString>
<LineString><altitudeMode>absolute</altitudeMode><coordinates>106.637887,-7.10865,659.5 106.637887,-7.10865,664.5 </coordinates></LineString>
<LineString><altitudeMode>absolute</altitudeMode><coordinates>106.636194,-7.109272,691.7 106.636194,-7.109272,696.7 </coordinates></LineString>
<LineString><altitudeMode>absolute</altitudeMode><coordinates>106.568484,-7.134119,653.9 106.568484,-7.134119,658.9 </coordinates></LineString>
<LineString><altitudeMode>absolute</altitudeMode><coordinates>106.566791,-7.13474,637.6 106.566791,-7.13474,642.6 </coordinates></LineString>
<LineString><altitudeMode>absolute</altitudeMode><coordinates>106.565098,-7.135361,622.3 106.565098,-7.135361,627.3 </coordinates></LineString>
<LineString><altitudeMode>absolute</altitudeMode><coordinates>106.563405,-7.135982,619 106.563405,-7.135982,624 </coordinates></LineString>
<LineString><altitudeMode>absolute</altitudeMode><coordinates>106.561712,-7.136603,614.8 106.561712,-7.136603,619.8 </coordinates></LineString>
<LineString><altitudeMode>absolute</altitudeMode><coordinates>106.560019,-7.137224,610.1 106.560019,-7.137224,615.1 </coordinates></LineString>
<LineString><altitudeMode>absolute</altitudeMode><coordinates>106.558326,-7.137845,605.9 106.558326,-7.137845,610.9 </coordinates></LineString>
<LineString><altitudeMode>absolute</altitudeMode><coordinates>106.556633,-7.138466,589.9 106.556633,-7.138466,594.9 </coordinates></LineString>
<LineString><altitudeMode>absolute</altitudeMode><coordinates>106.55494,-7.139087,584.1 106.55494,-7.139087,589.1 </coordinates></LineString>
<LineString><altitudeMode>absolute</altitudeMode><coordinates>106.553248,-7.139708,588.4 106.553248,-7.139708,593.4 </coordinates></LineString>
<LineString><altitudeMode>absolute</altitudeMode><coordinates>106.551555,-7.140329,589.5 106.551555,-7.140329,594.5 </coordinates></LineString>
<LineString><altitudeMode>absolute</altitudeMode><coordinates>106.546476,-7.142192,562.6 106.546476,-7.142192,567.6 </coordinates></LineString>
<LineString><altitudeMode>absolute</altitudeMode><coordinates>106.544783,-7.142813,534.8 106.544783,-7.142813,539.8 </coordinates></LineString>
<LineString><altitudeMode>absolute</altitudeMode><coordinates>106.54309,-7.143434,495.4 106.54309,-7.143434,500.4 </coordinates></LineString>
</MultiGeometry></Placemark>

<Placemark><name>Closed Shrubland</name>
<LookAt><altitudeMode>absolute</altitudeMode><longitude> 106.964488656977</longitude><latitude>-6.98862451260982</latitude><altitude> 1091.84183016285</altitude><range> 99574.4487954743</range><tilt>80.0</tilt><heading> 159.60965164137</heading></LookAt>
<visibility>1</visibility><Style><LineStyle><color>b000ADFF</color><width>10</width></LineStyle></Style><MultiGeometry>
<LineString><altitudeMode>absolute</altitudeMode><coordinates>107.380536,-6.835313,376.1 107.380536,-6.835313,377.1 </coordinates></LineString>
<LineString><altitudeMode>absolute</altitudeMode><coordinates>107.378845,-6.835937,374.8 107.378845,-6.835937,375.8 </coordinates></LineString>
<LineString><altitudeMode>absolute</altitudeMode><coordinates>107.372082,-6.838433,339.7 107.372082,-6.838433,340.7 </coordinates></LineString>
<LineString><altitudeMode>absolute</altitudeMode><coordinates>107.365319,-6.840928,332 107.365319,-6.840928,333 </coordinates></LineString>
<LineString><altitudeMode>absolute</altitudeMode><coordinates>107.22159,-6.893938,368.1 107.22159,-6.893938,369.1 </coordinates></LineString>
<LineString><altitudeMode>absolute</altitudeMode><coordinates>107.219899,-6.894561,358.7 107.219899,-6.894561,359.7 </coordinates></LineString>
<LineString><altitudeMode>absolute</altitudeMode><coordinates>107.218208,-6.895185,356.2 107.218208,-6.895185,357.2 </coordinates></LineString>
<LineString><altitudeMode>absolute</altitudeMode><coordinates>107.216517,-6.895808,357 107.216517,-6.895808,358 </coordinates></LineString>
<LineString><altitudeMode>absolute</altitudeMode><coordinates>107.214826,-6.896431,354.3 107.214826,-6.896431,355.3 </coordinates></LineString>
<LineString><altitudeMode>absolute</altitudeMode><coordinates>107.213135,-6.897055,355.9 107.213135,-6.897055,356.9 </coordinates></LineString>
<LineString><altitudeMode>absolute</altitudeMode><coordinates>107.192841,-6.904535,361.2 107.192841,-6.904535,362.2 </coordinates></LineString>
<LineString><altitudeMode>absolute</altitudeMode><coordinates>107.191149,-6.905158,364.1 107.191149,-6.905158,365.1 </coordinates></LineString>
<LineString><altitudeMode>absolute</altitudeMode><coordinates>107.189458,-6.905781,365.3 107.189458,-6.905781,366.3 </coordinates></LineString>
<LineString><altitudeMode>absolute</altitudeMode><coordinates>107.187767,-6.906405,368 107.187767,-6.906405,369 </coordinates></LineString>
<LineString><altitudeMode>absolute</altitudeMode><coordinates>107.186076,-6.907028,369.6 107.186076,-6.907028,370.6 </coordinates></LineString>
<LineString><altitudeMode>absolute</altitudeMode><coordinates>107.184385,-6.907651,360.6 107.184385,-6.907651,361.6 </coordinates></LineString>
<LineString><altitudeMode>absolute</altitudeMode><coordinates>107.182693,-6.908274,359.7 107.182693,-6.908274,360.7 </coordinates></LineString>
<LineString><altitudeMode>absolute</altitudeMode><coordinates>107.181002,-6.908898,366.1 107.181002,-6.908898,367.1 </coordinates></LineString>
<LineString><altitudeMode>absolute</altitudeMode><coordinates>107.179311,-6.909521,378.5 107.179311,-6.909521,379.5 </coordinates></LineString>
<LineString><altitudeMode>absolute</altitudeMode><coordinates>107.17762,-6.910144,378.2 107.17762,-6.910144,379.2 </coordinates></LineString>
<LineString><altitudeMode>absolute</altitudeMode><coordinates>107.175928,-6.910767,377.4 107.175928,-6.910767,378.4 </coordinates></LineString>
<LineString><altitudeMode>absolute</altitudeMode><coordinates>107.174237,-6.911391,381.1 107.174237,-6.911391,382.1 </coordinates></LineString>
<LineString><altitudeMode>absolute</altitudeMode><coordinates>107.172546,-6.912014,388.9 107.172546,-6.912014,389.9 </coordinates></LineString>
<LineString><altitudeMode>absolute</altitudeMode><coordinates>107.170855,-6.912637,393.4 107.170855,-6.912637,394.4 </coordinates></LineString>
<LineString><altitudeMode>absolute</altitudeMode><coordinates>107.169163,-6.91326,392.7 107.169163,-6.91326,393.7 </coordinates></LineString>
<LineString><altitudeMode>absolute</altitudeMode><coordinates>107.167472,-6.913883,397.1 107.167472,-6.913883,398.1 </coordinates></LineString>
<LineString><altitudeMode>absolute</altitudeMode><coordinates>107.162398,-6.915753,401 107.162398,-6.915753,402 </coordinates></LineString>
<LineString><altitudeMode>absolute</altitudeMode><coordinates>107.160707,-6.916376,410.4 107.160707,-6.916376,411.4 </coordinates></LineString>
<LineString><altitudeMode>absolute</altitudeMode><coordinates>107.159016,-6.916999,423.3 107.159016,-6.916999,424.3 </coordinates></LineString>
<LineString><altitudeMode>absolute</altitudeMode><coordinates>107.157325,-6.917623,422.7 107.157325,-6.917623,423.7 </coordinates></LineString>
<LineString><altitudeMode>absolute</altitudeMode><coordinates>107.155633,-6.918246,418.1 107.155633,-6.918246,419.1 </coordinates></LineString>
<LineString><altitudeMode>absolute</altitudeMode><coordinates>107.153942,-6.918869,416.5 107.153942,-6.918869,417.5 </coordinates></LineString>
<LineString><altitudeMode>absolute</altitudeMode><coordinates>107.152251,-6.919492,420.8 107.152251,-6.919492,421.8 </coordinates></LineString>
<LineString><altitudeMode>absolute</altitudeMode><coordinates>107.150559,-6.920115,424.8 107.150559,-6.920115,425.8 </coordinates></LineString>
<LineString><altitudeMode>absolute</altitudeMode><coordinates>107.148868,-6.920738,426.8 107.148868,-6.920738,427.8 </coordinates></LineString>
<LineString><altitudeMode>absolute</altitudeMode><coordinates>107.147177,-6.921361,427.2 107.147177,-6.921361,428.2 </coordinates></LineString>
<LineString><altitudeMode>absolute</altitudeMode><coordinates>107.145485,-6.921985,428.7 107.145485,-6.921985,429.7 </coordinates></LineString>
<LineString><altitudeMode>absolute</altitudeMode><coordinates>107.143794,-6.922608,426.1 107.143794,-6.922608,427.1 </coordinates></LineString>
<LineString><altitudeMode>absolute</altitudeMode><coordinates>107.142103,-6.923231,426.6 107.142103,-6.923231,427.6 </coordinates></LineString>
<LineString><altitudeMode>absolute</altitudeMode><coordinates>107.140411,-6.923854,428.3 107.140411,-6.923854,429.3 </coordinates></LineString>
<LineString><altitudeMode>absolute</altitudeMode><coordinates>107.13872,-6.924477,430.8 107.13872,-6.924477,431.8 </coordinates></LineString>
<LineString><altitudeMode>absolute</altitudeMode><coordinates>107.137029,-6.9251,433 107.137029,-6.9251,434 </coordinates></LineString>
<LineString><altitudeMode>absolute</altitudeMode><coordinates>107.135337,-6.925723,436.2 107.135337,-6.925723,437.2 </coordinates></LineString>
<LineString><altitudeMode>absolute</altitudeMode><coordinates>107.133646,-6.926346,439.2 107.133646,-6.926346,440.2 </coordinates></LineString>
<LineString><altitudeMode>absolute</altitudeMode><coordinates>107.131955,-6.926969,440.4 107.131955,-6.926969,441.4 </coordinates></LineString>
<LineString><altitudeMode>absolute</altitudeMode><coordinates>107.130263,-6.927592,447.8 107.130263,-6.927592,448.8 </coordinates></LineString>
<LineString><altitudeMode>absolute</altitudeMode><coordinates>107.128572,-6.928216,450.3 107.128572,-6.928216,451.3 </coordinates></LineString>
<LineString><altitudeMode>absolute</altitudeMode><coordinates>107.126881,-6.928839,452.4 107.126881,-6.928839,453.4 </coordinates></LineString>
<LineString><altitudeMode>absolute</altitudeMode><coordinates>107.125189,-6.929462,454.5 107.125189,-6.929462,455.5 </coordinates></LineString>
<LineString><altitudeMode>absolute</altitudeMode><coordinates>107.123498,-6.930085,457.4 107.123498,-6.930085,458.4 </coordinates></LineString>
<LineString><altitudeMode>absolute</altitudeMode><coordinates>107.121807,-6.930708,461.2 107.121807,-6.930708,462.2 </coordinates></LineString>
<LineString><altitudeMode>absolute</altitudeMode><coordinates>107.120115,-6.931331,475.2 107.120115,-6.931331,476.2 </coordinates></LineString>
<LineString><altitudeMode>absolute</altitudeMode><coordinates>107.043998,-6.959361,601.5 107.043998,-6.959361,602.5 </coordinates></LineString>
<LineString><altitudeMode>absolute</altitudeMode><coordinates>107.042307,-6.959984,596.2 107.042307,-6.959984,597.2 </coordinates></LineString>
<LineString><altitudeMode>absolute</altitudeMode><coordinates>107.040615,-6.960607,594.1 107.040615,-6.960607,595.1 </coordinates></LineString>
<LineString><altitudeMode>absolute</altitudeMode><coordinates>107.000015,-6.975551,617.7 107.000015,-6.975551,618.7 </coordinates></LineString>
<LineString><altitudeMode>absolute</altitudeMode><coordinates>106.993249,-6.978041,605.2 106.993249,-6.978041,606.2 </coordinates></LineString>
<LineString><altitudeMode>absolute</altitudeMode><coordinates>106.935727,-6.999206,534.3 106.935727,-6.999206,535.3 </coordinates></LineString>
<LineString><altitudeMode>absolute</altitudeMode><coordinates>106.934036,-6.999828,544.6 106.934036,-6.999828,545.6 </coordinates></LineString>
</MultiGeometry></Placemark>

<Placemark><name>Grassland</name>
<LookAt><altitudeMode>absolute</altitudeMode><longitude> 106.964488656977</longitude><latitude>-6.98862451260982</latitude><altitude> 1091.84183016285</altitude><range> 99574.4487954743</range><tilt>80.0</tilt><heading> 159.60965164137</heading></LookAt>
<visibility>1</visibility><Style><LineStyle><color>b009488C</color><width>10</width></LineStyle></Style><MultiGeometry>
<LineString><altitudeMode>absolute</altitudeMode><coordinates>107.030465,-6.964343,654.7 107.030465,-6.964343,655.7 </coordinates></LineString>
<LineString><altitudeMode>absolute</altitudeMode><coordinates>107.028774,-6.964966,696.2 107.028774,-6.964966,697.2 </coordinates></LineString>
<LineString><altitudeMode>absolute</altitudeMode><coordinates>106.774979,-7.058304,517 106.774979,-7.058304,518 </coordinates></LineString>
</MultiGeometry></Placemark>

<Placemark><name>Cropland</name>
<LookAt><altitudeMode>absolute</altitudeMode><longitude> 106.964488656977</longitude><latitude>-6.98862451260982</latitude><altitude> 1091.84183016285</altitude><range> 99574.4487954743</range><tilt>80.0</tilt><heading> 159.60965164137</heading></LookAt>
<visibility>1</visibility><Style><LineStyle><color>b0FFA5F7</color><width>10</width></LineStyle></Style><MultiGeometry>
<LineString><altitudeMode>absolute</altitudeMode><coordinates>107.387299,-6.832817,434.9 107.387299,-6.832817,435.9 </coordinates></LineString>
<LineString><altitudeMode>absolute</altitudeMode><coordinates>107.385608,-6.833441,432.6 107.385608,-6.833441,433.6 </coordinates></LineString>
<LineString><altitudeMode>absolute</altitudeMode><coordinates>107.383917,-6.834065,416.5 107.383917,-6.834065,417.5 </coordinates></LineString>
<LineString><altitudeMode>absolute</altitudeMode><coordinates>107.382227,-6.834689,394.1 107.382227,-6.834689,395.1 </coordinates></LineString>
<LineString><altitudeMode>absolute</altitudeMode><coordinates>107.377154,-6.836561,376 107.377154,-6.836561,377 </coordinates></LineString>
<LineString><altitudeMode>absolute</altitudeMode><coordinates>107.375464,-6.837185,367.2 107.375464,-6.837185,368.2 </coordinates></LineString>
<LineString><altitudeMode>absolute</altitudeMode><coordinates>107.373773,-6.837809,356.4 107.373773,-6.837809,357.4 </coordinates></LineString>
<LineString><altitudeMode>absolute</altitudeMode><coordinates>107.370392,-6.839057,349.6 107.370392,-6.839057,350.6 </coordinates></LineString>
<LineString><altitudeMode>absolute</altitudeMode><coordinates>107.368701,-6.83968,349.1 107.368701,-6.83968,350.1 </coordinates></LineString>
<LineString><altitudeMode>absolute</altitudeMode><coordinates>107.36701,-6.840304,340.9 107.36701,-6.840304,341.9 </coordinates></LineString>
<LineString><altitudeMode>absolute</altitudeMode><coordinates>107.363629,-6.841552,336.7 107.363629,-6.841552,337.7 </coordinates></LineString>
<LineString><altitudeMode>absolute</altitudeMode><coordinates>107.361938,-6.842176,334.1 107.361938,-6.842176,335.1 </coordinates></LineString>
<LineString><altitudeMode>absolute</altitudeMode><coordinates>107.360247,-6.8428,329.2 107.360247,-6.8428,330.2 </coordinates></LineString>
<LineString><altitudeMode>absolute</altitudeMode><coordinates>107.358556,-6.843424,329.9 107.358556,-6.843424,330.9 </coordinates></LineString>
<LineString><altitudeMode>absolute</altitudeMode><coordinates>107.356866,-6.844048,326.6 107.356866,-6.844048,327.6 </coordinates></LineString>
<LineString><altitudeMode>absolute</altitudeMode><coordinates>107.355175,-6.844671,325.7 107.355175,-6.844671,326.7 </coordinates></LineString>
<LineString><altitudeMode>absolute</altitudeMode><coordinates>107.353484,-6.845295,326 107.353484,-6.845295,327 </coordinates></LineString>
<LineString><altitudeMode>absolute</altitudeMode><coordinates>107.346721,-6.847791,262.4 107.346721,-6.847791,263.4 </coordinates></LineString>
<LineString><altitudeMode>absolute</altitudeMode><coordinates>107.34503,-6.848415,253.1 107.34503,-6.848415,254.1 </coordinates></LineString>
<LineString><altitudeMode>absolute</altitudeMode><coordinates>107.343339,-6.849038,241.8 107.343339,-6.849038,242.8 </coordinates></LineString>
<LineString><altitudeMode>absolute</altitudeMode><coordinates>107.341648,-6.849662,239 107.341648,-6.849662,240 </coordinates></LineString>
<LineString><altitudeMode>absolute</altitudeMode><coordinates>107.339958,-6.850286,241.2 107.339958,-6.850286,242.2 </coordinates></LineString>
<LineString><altitudeMode>absolute</altitudeMode><coordinates>107.338267,-6.85091,236.5 107.338267,-6.85091,237.5 </coordinates></LineString>
<LineString><altitudeMode>absolute</altitudeMode><coordinates>107.336576,-6.851534,264.7 107.336576,-6.851534,265.7 </coordinates></LineString>
<LineString><altitudeMode>absolute</altitudeMode><coordinates>107.334885,-6.852157,253 107.334885,-6.852157,254 </coordinates></LineString>
<LineString><altitudeMode>absolute</altitudeMode><coordinates>107.333194,-6.852781,227.8 107.333194,-6.852781,228.8 </coordinates></LineString>
<LineString><altitudeMode>absolute</altitudeMode><coordinates>107.331504,-6.853405,234.7 107.331504,-6.853405,235.7 </coordinates></LineString>
<LineString><altitudeMode>absolute</altitudeMode><coordinates>107.329813,-6.854029,232.7 107.329813,-6.854029,233.7 </coordinates></LineString>
<LineString><altitudeMode>absolute</altitudeMode><coordinates>107.328122,-6.854652,223.8 107.328122,-6.854652,224.8 </coordinates></LineString>
<LineString><altitudeMode>absolute</altitudeMode><coordinates>107.326431,-6.855276,237.3 107.326431,-6.855276,238.3 </coordinates></LineString>
<LineString><altitudeMode>absolute</altitudeMode><coordinates>107.32474,-6.8559,265.1 107.32474,-6.8559,266.1 </coordinates></LineString>
<LineString><altitudeMode>absolute</altitudeMode><coordinates>107.323049,-6.856524,261.1 107.323049,-6.856524,262.1 </coordinates></LineString>
<LineString><altitudeMode>absolute</altitudeMode><coordinates>107.321359,-6.857148,260.4 107.321359,-6.857148,261.4 </coordinates></LineString>
<LineString><altitudeMode>absolute</altitudeMode><coordinates>107.319668,-6.857771,264 107.319668,-6.857771,265 </coordinates></LineString>
<LineString><altitudeMode>absolute</altitudeMode><coordinates>107.317977,-6.858395,272.3 107.317977,-6.858395,273.3 </coordinates></LineString>
<LineString><altitudeMode>absolute</altitudeMode><coordinates>107.316286,-6.859019,276.7 107.316286,-6.859019,277.7 </coordinates></LineString>
<LineString><altitudeMode>absolute</altitudeMode><coordinates>107.314595,-6.859642,281.7 107.314595,-6.859642,282.7 </coordinates></LineString>
<LineString><altitudeMode>absolute</altitudeMode><coordinates>107.312904,-6.860266,283.6 107.312904,-6.860266,284.6 </coordinates></LineString>
<LineString><altitudeMode>absolute</altitudeMode><coordinates>107.311213,-6.86089,279.2 107.311213,-6.86089,280.2 </coordinates></LineString>
<LineString><altitudeMode>absolute</altitudeMode><coordinates>107.309522,-6.861514,272.2 107.309522,-6.861514,273.2 </coordinates></LineString>
<LineString><altitudeMode>absolute</altitudeMode><coordinates>107.307832,-6.862137,274.8 107.307832,-6.862137,275.8 </coordinates></LineString>
<LineString><altitudeMode>absolute</altitudeMode><coordinates>107.306141,-6.862761,293.1 107.306141,-6.862761,294.1 </coordinates></LineString>
<LineString><altitudeMode>absolute</altitudeMode><coordinates>107.30445,-6.863385,305.9 107.30445,-6.863385,306.9 </coordinates></LineString>
<LineString><altitudeMode>absolute</altitudeMode><coordinates>107.299377,-6.865256,368.7 107.299377,-6.865256,369.7 </coordinates></LineString>
<LineString><altitudeMode>absolute</altitudeMode><coordinates>107.297686,-6.865879,406.1 107.297686,-6.865879,407.1 </coordinates></LineString>
<LineString><altitudeMode>absolute</altitudeMode><coordinates>107.295995,-6.866503,421.3 107.295995,-6.866503,422.3 </coordinates></LineString>
<LineString><altitudeMode>absolute</altitudeMode><coordinates>107.246957,-6.884586,384.3 107.246957,-6.884586,385.3 </coordinates></LineString>
<LineString><altitudeMode>absolute</altitudeMode><coordinates>107.245266,-6.88521,374.4 107.245266,-6.88521,375.4 </coordinates></LineString>
<LineString><altitudeMode>absolute</altitudeMode><coordinates>107.243574,-6.885833,369.7 107.243574,-6.885833,370.7 </coordinates></LineString>
<LineString><altitudeMode>absolute</altitudeMode><coordinates>107.240192,-6.88708,368.5 107.240192,-6.88708,369.5 </coordinates></LineString>
<LineString><altitudeMode>absolute</altitudeMode><coordinates>107.238501,-6.887704,362.2 107.238501,-6.887704,363.2 </coordinates></LineString>
<LineString><altitudeMode>absolute</altitudeMode><coordinates>107.23681,-6.888327,355.5 107.23681,-6.888327,356.5 </coordinates></LineString>
<LineString><altitudeMode>absolute</altitudeMode><coordinates>107.208061,-6.898925,370.3 107.208061,-6.898925,371.3 </coordinates></LineString>
<LineString><altitudeMode>absolute</altitudeMode><coordinates>107.20637,-6.899548,365.6 107.20637,-6.899548,366.6 </coordinates></LineString>
<LineString><altitudeMode>absolute</altitudeMode><coordinates>107.204679,-6.900172,365.9 107.204679,-6.900172,366.9 </coordinates></LineString>
<LineString><altitudeMode>absolute</altitudeMode><coordinates>107.202988,-6.900795,364.8 107.202988,-6.900795,365.8 </coordinates></LineString>
<LineString><altitudeMode>absolute</altitudeMode><coordinates>107.201297,-6.901418,364.8 107.201297,-6.901418,365.8 </coordinates></LineString>
<LineString><altitudeMode>absolute</altitudeMode><coordinates>107.199605,-6.902042,367.9 107.199605,-6.902042,368.9 </coordinates></LineString>
<LineString><altitudeMode>absolute</altitudeMode><coordinates>107.197914,-6.902665,365.6 107.197914,-6.902665,366.6 </coordinates></LineString>
<LineString><altitudeMode>absolute</altitudeMode><coordinates>107.118424,-6.931954,508.1 107.118424,-6.931954,509.1 </coordinates></LineString>
<LineString><altitudeMode>absolute</altitudeMode><coordinates>107.116732,-6.932577,520.7 107.116732,-6.932577,521.7 </coordinates></LineString>
<LineString><altitudeMode>absolute</altitudeMode><coordinates>107.082904,-6.945036,586.6 107.082904,-6.945036,587.6 </coordinates></LineString>
<LineString><altitudeMode>absolute</altitudeMode><coordinates>107.081212,-6.945659,589.8 107.081212,-6.945659,590.8 </coordinates></LineString>
<LineString><altitudeMode>absolute</altitudeMode><coordinates>107.079521,-6.946282,592.8 107.079521,-6.946282,593.8 </coordinates></LineString>
<LineString><altitudeMode>absolute</altitudeMode><coordinates>107.077829,-6.946905,611.9 107.077829,-6.946905,612.9 </coordinates></LineString>
<LineString><altitudeMode>absolute</altitudeMode><coordinates>107.04569,-6.958738,605.9 107.04569,-6.958738,606.9 </coordinates></LineString>
<LineString><altitudeMode>absolute</altitudeMode><coordinates>107.038923,-6.961229,593.7 107.038923,-6.961229,594.7 </coordinates></LineString>
<LineString><altitudeMode>absolute</altitudeMode><coordinates>107.037232,-6.961852,598.6 107.037232,-6.961852,599.6 </coordinates></LineString>
<LineString><altitudeMode>absolute</altitudeMode><coordinates>107.03554,-6.962475,601.4 107.03554,-6.962475,602.4 </coordinates></LineString>
<LineString><altitudeMode>absolute</altitudeMode><coordinates>107.033849,-6.963098,604.2 107.033849,-6.963098,605.2 </coordinates></LineString>
<LineString><altitudeMode>absolute</altitudeMode><coordinates>107.032157,-6.96372,611.7 107.032157,-6.96372,612.7 </coordinates></LineString>
<LineString><altitudeMode>absolute</altitudeMode><coordinates>107.010166,-6.971815,625.2 107.010166,-6.971815,626.2 </coordinates></LineString>
<LineString><altitudeMode>absolute</altitudeMode><coordinates>106.996632,-6.976796,608 106.996632,-6.976796,609 </coordinates></LineString>
<LineString><altitudeMode>absolute</altitudeMode><coordinates>106.99494,-6.977419,604.9 106.99494,-6.977419,605.9 </coordinates></LineString>
<LineString><altitudeMode>absolute</altitudeMode><coordinates>106.974639,-6.98489,593.6 106.974639,-6.98489,594.6 </coordinates></LineString>
<LineString><altitudeMode>absolute</altitudeMode><coordinates>106.972948,-6.985512,612.6 106.972948,-6.985512,613.6 </coordinates></LineString>
<LineString><altitudeMode>absolute</altitudeMode><coordinates>106.857896,-7.027829,547.5 106.857896,-7.027829,548.5 </coordinates></LineString>
<LineString><altitudeMode>absolute</altitudeMode><coordinates>106.856204,-7.028451,546.9 106.856204,-7.028451,547.9 </coordinates></LineString>
<LineString><altitudeMode>absolute</altitudeMode><coordinates>106.854512,-7.029073,555 106.854512,-7.029073,556 </coordinates></LineString>
<LineString><altitudeMode>absolute</altitudeMode><coordinates>106.85282,-7.029695,560 106.85282,-7.029695,561 </coordinates></LineString>
<LineString><altitudeMode>absolute</altitudeMode><coordinates>106.851128,-7.030317,556 106.851128,-7.030317,557 </coordinates></LineString>
<LineString><altitudeMode>absolute</altitudeMode><coordinates>106.835899,-7.035916,490.2 106.835899,-7.035916,491.2 </coordinates></LineString>
<LineString><altitudeMode>absolute</altitudeMode><coordinates>106.834207,-7.036538,522.2 106.834207,-7.036538,523.2 </coordinates></LineString>
<LineString><altitudeMode>absolute</altitudeMode><coordinates>106.832515,-7.03716,565.1 106.832515,-7.03716,566.1 </coordinates></LineString>
<LineString><altitudeMode>absolute</altitudeMode><coordinates>106.830822,-7.037782,611.3 106.830822,-7.037782,612.3 </coordinates></LineString>
<LineString><altitudeMode>absolute</altitudeMode><coordinates>106.82913,-7.038404,672.4 106.82913,-7.038404,673.4 </coordinates></LineString>
<LineString><altitudeMode>absolute</altitudeMode><coordinates>106.807132,-7.046489,543.4 106.807132,-7.046489,544.4 </coordinates></LineString>
<LineString><altitudeMode>absolute</altitudeMode><coordinates>106.790209,-7.052708,581.7 106.790209,-7.052708,582.7 </coordinates></LineString>
<LineString><altitudeMode>absolute</altitudeMode><coordinates>106.788517,-7.05333,587.2 106.788517,-7.05333,588.2 </coordinates></LineString>
<LineString><altitudeMode>absolute</altitudeMode><coordinates>106.786825,-7.053952,586 106.786825,-7.053952,587 </coordinates></LineString>
<LineString><altitudeMode>absolute</altitudeMode><coordinates>106.785133,-7.054574,589.7 106.785133,-7.054574,590.7 </coordinates></LineString>
<LineString><altitudeMode>absolute</altitudeMode><coordinates>106.78344,-7.055195,588.9 106.78344,-7.055195,589.9 </coordinates></LineString>
<LineString><altitudeMode>absolute</altitudeMode><coordinates>106.773287,-7.058926,521.4 106.773287,-7.058926,522.4 </coordinates></LineString>
<LineString><altitudeMode>absolute</altitudeMode><coordinates>106.771594,-7.059548,540.7 106.771594,-7.059548,541.7 </coordinates></LineString>
<LineString><altitudeMode>absolute</altitudeMode><coordinates>106.769902,-7.06017,581.2 106.769902,-7.06017,582.2 </coordinates></LineString>
<LineString><altitudeMode>absolute</altitudeMode><coordinates>106.76821,-7.060792,594.7 106.76821,-7.060792,595.7 </coordinates></LineString>
<LineString><altitudeMode>absolute</altitudeMode><coordinates>106.766517,-7.061413,607.9 106.766517,-7.061413,608.9 </coordinates></LineString>
<LineString><altitudeMode>absolute</altitudeMode><coordinates>106.764825,-7.062035,652.9 106.764825,-7.062035,653.9 </coordinates></LineString>
<LineString><altitudeMode>absolute</altitudeMode><coordinates>106.763133,-7.062657,659.9 106.763133,-7.062657,660.9 </coordinates></LineString>
<LineString><altitudeMode>absolute</altitudeMode><coordinates>106.76144,-7.063279,656.5 106.76144,-7.063279,657.5 </coordinates></LineString>
<LineString><altitudeMode>absolute</altitudeMode><coordinates>106.758056,-7.064522,640.2 106.758056,-7.064522,641.2 </coordinates></LineString>
<LineString><altitudeMode>absolute</altitudeMode><coordinates>106.756363,-7.065144,645.9 106.756363,-7.065144,646.9 </coordinates></LineString>
<LineString><altitudeMode>absolute</altitudeMode><coordinates>106.754671,-7.065766,654.5 106.754671,-7.065766,655.5 </coordinates></LineString>
<LineString><altitudeMode>absolute</altitudeMode><coordinates>106.752978,-7.066387,658.7 106.752978,-7.066387,659.7 </coordinates></LineString>
<LineString><altitudeMode>absolute</altitudeMode><coordinates>106.751286,-7.067009,657.8 106.751286,-7.067009,658.8 </coordinates></LineString>
<LineString><altitudeMode>absolute</altitudeMode><coordinates>106.749594,-7.067631,666.9 106.749594,-7.067631,667.9 </coordinates></LineString>
<LineString><altitudeMode>absolute</altitudeMode><coordinates>106.747901,-7.068253,683.4 106.747901,-7.068253,684.4 </coordinates></LineString>
<LineString><altitudeMode>absolute</altitudeMode><coordinates>106.746209,-7.068874,688.7 106.746209,-7.068874,689.7 </coordinates></LineString>
<LineString><altitudeMode>absolute</altitudeMode><coordinates>106.744517,-7.069496,685.8 106.744517,-7.069496,686.8 </coordinates></LineString>
<LineString><altitudeMode>absolute</altitudeMode><coordinates>106.742824,-7.070118,685.7 106.742824,-7.070118,686.7 </coordinates></LineString>
<LineString><altitudeMode>absolute</altitudeMode><coordinates>106.736055,-7.072604,701.3 106.736055,-7.072604,702.3 </coordinates></LineString>
<LineString><altitudeMode>absolute</altitudeMode><coordinates>106.734362,-7.073226,716.7 106.734362,-7.073226,717.7 </coordinates></LineString>
<LineString><altitudeMode>absolute</altitudeMode><coordinates>106.73267,-7.073848,720.8 106.73267,-7.073848,721.8 </coordinates></LineString>
<LineString><altitudeMode>absolute</altitudeMode><coordinates>106.730977,-7.074469,728 106.730977,-7.074469,729 </coordinates></LineString>
<LineString><altitudeMode>absolute</altitudeMode><coordinates>106.715745,-7.080064,665.4 106.715745,-7.080064,666.4 </coordinates></LineString>
<LineString><altitudeMode>absolute</altitudeMode><coordinates>106.69882,-7.086279,630.1 106.69882,-7.086279,631.1 </coordinates></LineString>
<LineString><altitudeMode>absolute</altitudeMode><coordinates>106.693743,-7.088144,617.4 106.693743,-7.088144,618.4 </coordinates></LineString>
<LineString><altitudeMode>absolute</altitudeMode><coordinates>106.69205,-7.088765,600.2 106.69205,-7.088765,601.2 </coordinates></LineString>
<LineString><altitudeMode>absolute</altitudeMode><coordinates>106.688665,-7.090008,612.2 106.688665,-7.090008,613.2 </coordinates></LineString>
<LineString><altitudeMode>absolute</altitudeMode><coordinates>106.686973,-7.09063,630.7 106.686973,-7.09063,631.7 </coordinates></LineString>
<LineString><altitudeMode>absolute</altitudeMode><coordinates>106.68528,-7.091251,641.9 106.68528,-7.091251,642.9 </coordinates></LineString>
<LineString><altitudeMode>absolute</altitudeMode><coordinates>106.683588,-7.091873,643.2 106.683588,-7.091873,644.2 </coordinates></LineString>
<LineString><altitudeMode>absolute</altitudeMode><coordinates>106.681895,-7.092494,650.5 106.681895,-7.092494,651.5 </coordinates></LineString>
<LineString><altitudeMode>absolute</altitudeMode><coordinates>106.680203,-7.093116,653.3 106.680203,-7.093116,654.3 </coordinates></LineString>
<LineString><altitudeMode>absolute</altitudeMode><coordinates>106.67851,-7.093737,655.4 106.67851,-7.093737,656.4 </coordinates></LineString>
<LineString><altitudeMode>absolute</altitudeMode><coordinates>106.676817,-7.094359,655.8 106.676817,-7.094359,656.8 </coordinates></LineString>
<LineString><altitudeMode>absolute</altitudeMode><coordinates>106.675125,-7.09498,658.7 106.675125,-7.09498,659.7 </coordinates></LineString>
<LineString><altitudeMode>absolute</altitudeMode><coordinates>106.673432,-7.095602,660.6 106.673432,-7.095602,661.6 </coordinates></LineString>
<LineString><altitudeMode>absolute</altitudeMode><coordinates>106.634502,-7.109893,677.7 106.634502,-7.109893,678.7 </coordinates></LineString>
<LineString><altitudeMode>absolute</altitudeMode><coordinates>106.632809,-7.110514,642 106.632809,-7.110514,643 </coordinates></LineString>
<LineString><altitudeMode>absolute</altitudeMode><coordinates>106.631116,-7.111136,639.6 106.631116,-7.111136,640.6 </coordinates></LineString>
<LineString><altitudeMode>absolute</altitudeMode><coordinates>106.629424,-7.111757,672.4 106.629424,-7.111757,673.4 </coordinates></LineString>
<LineString><altitudeMode>absolute</altitudeMode><coordinates>106.627731,-7.112378,686.9 106.627731,-7.112378,687.9 </coordinates></LineString>
<LineString><altitudeMode>absolute</altitudeMode><coordinates>106.626038,-7.112999,686.1 106.626038,-7.112999,687.1 </coordinates></LineString>
<LineString><altitudeMode>absolute</altitudeMode><coordinates>106.624346,-7.113621,673 106.624346,-7.113621,674 </coordinates></LineString>
<LineString><altitudeMode>absolute</altitudeMode><coordinates>106.622653,-7.114242,691.1 106.622653,-7.114242,692.1 </coordinates></LineString>
<LineString><altitudeMode>absolute</altitudeMode><coordinates>106.62096,-7.114863,697.1 106.62096,-7.114863,698.1 </coordinates></LineString>
<LineString><altitudeMode>absolute</altitudeMode><coordinates>106.619267,-7.115484,691.3 106.619267,-7.115484,692.3 </coordinates></LineString>
<LineString><altitudeMode>absolute</altitudeMode><coordinates>106.617575,-7.116106,700.7 106.617575,-7.116106,701.7 </coordinates></LineString>
<LineString><altitudeMode>absolute</altitudeMode><coordinates>106.615882,-7.116727,721.1 106.615882,-7.116727,722.1 </coordinates></LineString>
<LineString><altitudeMode>absolute</altitudeMode><coordinates>106.614189,-7.117348,729.7 106.614189,-7.117348,730.7 </coordinates></LineString>
<LineString><altitudeMode>absolute</altitudeMode><coordinates>106.612496,-7.117969,742.3 106.612496,-7.117969,743.3 </coordinates></LineString>
<LineString><altitudeMode>absolute</altitudeMode><coordinates>106.610804,-7.118591,735.6 106.610804,-7.118591,736.6 </coordinates></LineString>
<LineString><altitudeMode>absolute</altitudeMode><coordinates>106.609111,-7.119212,730.3 106.609111,-7.119212,731.3 </coordinates></LineString>
<LineString><altitudeMode>absolute</altitudeMode><coordinates>106.607418,-7.119833,733.7 106.607418,-7.119833,734.7 </coordinates></LineString>
<LineString><altitudeMode>absolute</altitudeMode><coordinates>106.605725,-7.120454,744.7 106.605725,-7.120454,745.7 </coordinates></LineString>
<LineString><altitudeMode>absolute</altitudeMode><coordinates>106.604033,-7.121075,734.8 106.604033,-7.121075,735.8 </coordinates></LineString>
<LineString><altitudeMode>absolute</altitudeMode><coordinates>106.60234,-7.121696,767.5 106.60234,-7.121696,768.5 </coordinates></LineString>
<LineString><altitudeMode>absolute</altitudeMode><coordinates>106.600647,-7.122318,787.9 106.600647,-7.122318,788.9 </coordinates></LineString>
<LineString><altitudeMode>absolute</altitudeMode><coordinates>106.598954,-7.122939,776.9 106.598954,-7.122939,777.9 </coordinates></LineString>
<LineString><altitudeMode>absolute</altitudeMode><coordinates>106.597262,-7.12356,782.5 106.597262,-7.12356,783.5 </coordinates></LineString>
<LineString><altitudeMode>absolute</altitudeMode><coordinates>106.595569,-7.124181,774.4 106.595569,-7.124181,775.4 </coordinates></LineString>
<LineString><altitudeMode>absolute</altitudeMode><coordinates>106.593876,-7.124802,763.1 106.593876,-7.124802,764.1 </coordinates></LineString>
<LineString><altitudeMode>absolute</altitudeMode><coordinates>106.592183,-7.125423,748 106.592183,-7.125423,749 </coordinates></LineString>
<LineString><altitudeMode>absolute</altitudeMode><coordinates>106.59049,-7.126045,732.8 106.59049,-7.126045,733.8 </coordinates></LineString>
<LineString><altitudeMode>absolute</altitudeMode><coordinates>106.588798,-7.126666,730.9 106.588798,-7.126666,731.9 </coordinates></LineString>
<LineString><altitudeMode>absolute</altitudeMode><coordinates>106.587105,-7.127287,716.8 106.587105,-7.127287,717.8 </coordinates></LineString>
<LineString><altitudeMode>absolute</altitudeMode><coordinates>106.585412,-7.127908,688.2 106.585412,-7.127908,689.2 </coordinates></LineString>
<LineString><altitudeMode>absolute</altitudeMode><coordinates>106.583719,-7.128529,678.7 106.583719,-7.128529,679.7 </coordinates></LineString>
<LineString><altitudeMode>absolute</altitudeMode><coordinates>106.582026,-7.12915,672.2 106.582026,-7.12915,673.2 </coordinates></LineString>
<LineString><altitudeMode>absolute</altitudeMode><coordinates>106.580333,-7.129771,674.9 106.580333,-7.129771,675.9 </coordinates></LineString>
<LineString><altitudeMode>absolute</altitudeMode><coordinates>106.578641,-7.130392,682.6 106.578641,-7.130392,683.6 </coordinates></LineString>
<LineString><altitudeMode>absolute</altitudeMode><coordinates>106.576948,-7.131013,672.1 106.576948,-7.131013,673.1 </coordinates></LineString>
<LineString><altitudeMode>absolute</altitudeMode><coordinates>106.575255,-7.131635,671.1 106.575255,-7.131635,672.1 </coordinates></LineString>
<LineString><altitudeMode>absolute</altitudeMode><coordinates>106.573562,-7.132256,673 106.573562,-7.132256,674 </coordinates></LineString>
<LineString><altitudeMode>absolute</altitudeMode><coordinates>106.571869,-7.132877,674.1 106.571869,-7.132877,675.1 </coordinates></LineString>
<LineString><altitudeMode>absolute</altitudeMode><coordinates>106.570176,-7.133498,666.7 106.570176,-7.133498,667.7 </coordinates></LineString>
<LineString><altitudeMode>absolute</altitudeMode><coordinates>106.549862,-7.14095,581.7 106.549862,-7.14095,582.7 </coordinates></LineString>
<LineString><altitudeMode>absolute</altitudeMode><coordinates>106.548169,-7.141571,576.2 106.548169,-7.141571,577.2 </coordinates></LineString>
<LineString><altitudeMode>absolute</altitudeMode><coordinates>106.541397,-7.144055,491 106.541397,-7.144055,492 </coordinates></LineString>
</MultiGeometry></Placemark>

</Folder>

</Document></kml>
