<?xml version="1.0" encoding="UTF-8"?><kml xmlns="http://www.opengis.net/kml/2.2"><Document><name>GCS - Drone [GCS]</name>
<description> Distance between GCS and Drone is 99.6 km (61.9 miles)
 True North Azimuth = 249.61°, Magnetic North Azimuth = 249.61°, Elevation angle = +0.4184°
GCS
 Terrain elevation variation is 567.5 m
 Propagation mode is line-of-sight, minimum clearance 1.8F1 at 33.7km
 Average frequency is 1200.000 MHz
 Free Space = 134.0 dB, Obstruction = 9.4 dB TR, Urban = 0.0 dB, Forest = 0.0 dB, Statistics = 6.3 dB
 Total propagation loss is 143.4 dB
 System gain from GCS to Drone is 173.8 dB
 System gain from Drone to GCS is 173.8 dB
 Worst reception is 23.9 dB over the required signal to meet
 70.000% of situations</description>
<LookAt><altitudeMode>absolute</altitudeMode><longitude> 106.964490817459</longitude><latitude>-6.98862452828858</latitude><altitude> 1088.58232027939</altitude><range> 99580.0000000000</range><tilt>80.0</tilt><heading> 159.6100000000000</heading></LookAt>
<Placemark><name>GCS</name>
<LookAt><altitudeMode>absolute</altitudeMode><longitude> 107.387300000000</longitude><latitude>-6.83281700000000</latitude><altitude> 482.000000000000</altitude>
<range> 1991.60000000000</range><tilt>70.0</tilt><heading> 229.6100000000000</heading></LookAt>
<description></description>
<Style><LineStyle><color>ffff0000</color><width>5</width></LineStyle>
<IconStyle><Icon><href>antenna.png</href></Icon></IconStyle></Style>
<MultiGeometry><Point><altitudeMode>absolute</altitudeMode>
<coordinates>107.387300,-6.832817,482.0 </coordinates></Point>
<LineString><altitudeMode>absolute</altitudeMode><coordinates>
107.387300,-6.832817,436.0 
107.387300,-6.832817,482.0 </coordinates></LineString></MultiGeometry></Placemark>
<Placemark><name>Drone</name>
<LookAt><altitudeMode>absolute</altitudeMode><longitude>106.541400000000</longitude><latitude>-7.14405500000000</latitude><altitude>1987.0000</altitude>
<range>1991.60000000000</range><tilt>70.0</tilt><heading>89.6100000000000</heading></LookAt>
<description></description>
<Style><LineStyle><color>ffff0000</color><width>5</width></LineStyle>
<IconStyle><Icon><href>antenna.png</href></Icon></IconStyle></Style>
<MultiGeometry><Point><altitudeMode>absolute</altitudeMode>
<coordinates>106.541400,-7.144055,1987.0 </coordinates></Point>
<LineString><altitudeMode>absolute</altitudeMode><coordinates>
106.541400,-7.144055,503.0 
106.541400,-7.144055,1987.0 </coordinates></LineString></MultiGeometry></Placemark>
<Folder><name>Radio Link</name><Placemark><name>Beam</name>
<LookAt><altitudeMode>absolute</altitudeMode><longitude> 106.964490817459</longitude><latitude>-6.98862452828858</latitude><altitude> 1088.58232027939</altitude><range> 99580.0000000000</range><tilt>80.0</tilt><heading> 159.6100000000000</heading></LookAt>
<Style><LineStyle><color>c0ff0000</color><width>3</width></LineStyle></Style>
<LineString><altitudeMode>absolute</altitudeMode><coordinates>
107.387300,-6.832817,482.00 
107.385609,-6.833441,483.84 
107.383919,-6.834065,485.69 
107.382228,-6.834689,487.55 
107.380537,-6.835313,489.41 
107.378847,-6.835937,491.27 
107.377156,-6.836561,493.14 
107.375465,-6.837185,495.01 
107.373774,-6.837809,496.89 
107.372084,-6.838433,498.77 
107.370393,-6.839056,500.66 
107.368702,-6.839680,502.55 
107.367012,-6.840304,504.45 
107.365321,-6.840928,506.35 
107.363630,-6.841552,508.25 
107.361939,-6.842176,510.17 
107.360249,-6.842800,512.08 
107.358558,-6.843424,514.00 
107.356867,-6.844048,515.92 
107.355176,-6.844671,517.85 
107.353485,-6.845295,519.79 
107.351795,-6.845919,521.73 
107.350104,-6.846543,523.67 
107.348413,-6.847167,525.62 
107.346722,-6.847791,527.57 
107.345032,-6.848414,529.53 
107.343341,-6.849038,531.49 
107.341650,-6.849662,533.45 
107.339959,-6.850286,535.42 
107.338268,-6.850910,537.40 
107.336578,-6.851534,539.38 
107.334887,-6.852157,541.37 
107.333196,-6.852781,543.36 
107.331505,-6.853405,545.35 
107.329814,-6.854029,547.35 
107.328123,-6.854652,549.35 
107.326433,-6.855276,551.36 
107.324742,-6.855900,553.37 
107.323051,-6.856524,555.39 
107.321360,-6.857147,557.41 
107.319669,-6.857771,559.44 
107.317978,-6.858395,561.47 
107.316287,-6.859019,563.51 
107.314597,-6.859642,565.55 
107.312906,-6.860266,567.60 
107.311215,-6.860890,569.65 
107.309524,-6.861513,571.70 
107.307833,-6.862137,573.76 
107.306142,-6.862761,575.83 
107.304451,-6.863385,577.90 
107.302760,-6.864008,579.97 
107.301070,-6.864632,582.05 
107.299379,-6.865256,584.13 
107.297688,-6.865879,586.22 
107.295997,-6.866503,588.31 
107.294306,-6.867127,590.41 
107.292615,-6.867750,592.51 
107.290924,-6.868374,594.62 
107.289233,-6.868997,596.73 
107.287542,-6.869621,598.84 
107.285851,-6.870245,600.96 
107.284160,-6.870868,603.09 
107.282469,-6.871492,605.22 
107.280778,-6.872116,607.35 
107.279087,-6.872739,609.49 
107.277396,-6.873363,611.64 
107.275705,-6.873986,613.79 
107.274014,-6.874610,615.94 
107.272323,-6.875233,618.10 
107.270632,-6.875857,620.26 
107.268941,-6.876481,622.43 
107.267250,-6.877104,624.60 
107.265559,-6.877728,626.77 
107.263868,-6.878351,628.96 
107.262177,-6.878975,631.14 
107.260486,-6.879598,633.33 
107.258795,-6.880222,635.53 
107.257104,-6.880845,637.73 
107.255413,-6.881469,639.93 
107.253722,-6.882092,642.14 
107.252031,-6.882716,644.35 
107.250340,-6.883339,646.57 
107.248649,-6.883963,648.80 
107.246958,-6.884586,651.02 
107.245267,-6.885210,653.26 
107.243576,-6.885833,655.49 
107.241885,-6.886457,657.74 
107.240194,-6.887080,659.98 
107.238503,-6.887704,662.23 
107.236812,-6.888327,664.49 
107.235121,-6.888951,666.75 
107.233430,-6.889574,669.02 
107.231739,-6.890197,671.29 
107.230048,-6.890821,673.56 
107.228356,-6.891444,675.84 
107.226665,-6.892068,678.12 
107.224974,-6.892691,680.41 
107.223283,-6.893315,682.70 
107.221592,-6.893938,685.00 
107.219901,-6.894561,687.31 
107.218210,-6.895185,689.61 
107.216519,-6.895808,691.92 
107.214827,-6.896431,694.24 
107.213136,-6.897055,696.56 
107.211445,-6.897678,698.89 
107.209754,-6.898302,701.22 
107.208063,-6.898925,703.55 
107.206372,-6.899548,705.89 
107.204681,-6.900172,708.24 
107.202989,-6.900795,710.59 
107.201298,-6.901418,712.94 
107.199607,-6.902042,715.30 
107.197916,-6.902665,717.66 
107.196225,-6.903288,720.03 
107.194534,-6.903911,722.40 
107.192842,-6.904535,724.78 
107.191151,-6.905158,727.16 
107.189460,-6.905781,729.55 
107.187769,-6.906405,731.94 
107.186078,-6.907028,734.34 
107.184386,-6.907651,736.74 
107.182695,-6.908274,739.14 
107.181004,-6.908898,741.55 
107.179313,-6.909521,743.97 
107.177621,-6.910144,746.39 
107.175930,-6.910767,748.81 
107.174239,-6.911391,751.24 
107.172548,-6.912014,753.67 
107.170857,-6.912637,756.11 
107.169165,-6.913260,758.55 
107.167474,-6.913883,761.00 
107.165783,-6.914507,763.45 
107.164091,-6.915130,765.91 
107.162400,-6.915753,768.37 
107.160709,-6.916376,770.84 
107.159018,-6.916999,773.31 
107.157326,-6.917623,775.78 
107.155635,-6.918246,778.26 
107.153944,-6.918869,780.75 
107.152253,-6.919492,783.24 
107.150561,-6.920115,785.73 
107.148870,-6.920738,788.23 
107.147179,-6.921361,790.73 
107.145487,-6.921985,793.24 
107.143796,-6.922608,795.75 
107.142105,-6.923231,798.27 
107.140413,-6.923854,800.79 
107.138722,-6.924477,803.32 
107.137031,-6.925100,805.85 
107.135339,-6.925723,808.39 
107.133648,-6.926346,810.93 
107.131957,-6.926969,813.47 
107.130265,-6.927592,816.02 
107.128574,-6.928215,818.58 
107.126883,-6.928839,821.14 
107.125191,-6.929462,823.70 
107.123500,-6.930085,826.27 
107.121808,-6.930708,828.84 
107.120117,-6.931331,831.42 
107.118426,-6.931954,834.01 
107.116734,-6.932577,836.59 
107.115043,-6.933200,839.19 
107.113351,-6.933823,841.78 
107.111660,-6.934446,844.38 
107.109969,-6.935069,846.99 
107.108277,-6.935692,849.60 
107.106586,-6.936315,852.22 
107.104894,-6.936938,854.84 
107.103203,-6.937561,857.46 
107.101512,-6.938184,860.09 
107.099820,-6.938807,862.72 
107.098129,-6.939430,865.36 
107.096437,-6.940053,868.01 
107.094746,-6.940676,870.65 
107.093054,-6.941299,873.31 
107.091363,-6.941921,875.96 
107.089671,-6.942544,878.63 
107.087980,-6.943167,881.29 
107.086288,-6.943790,883.97 
107.084597,-6.944413,886.64 
107.082906,-6.945036,889.32 
107.081214,-6.945659,892.01 
107.079523,-6.946282,894.70 
107.077831,-6.946905,897.39 
107.076140,-6.947528,900.09 
107.074448,-6.948150,902.80 
107.072757,-6.948773,905.51 
107.071065,-6.949396,908.22 
107.069374,-6.950019,910.94 
107.067682,-6.950642,913.66 
107.065990,-6.951265,916.39 
107.064299,-6.951888,919.12 
107.062607,-6.952510,921.86 
107.060916,-6.953133,924.60 
107.059224,-6.953756,927.34 
107.057533,-6.954379,930.09 
107.055841,-6.955002,932.85 
107.054150,-6.955625,935.61 
107.052458,-6.956247,938.38 
107.050767,-6.956870,941.14 
107.049075,-6.957493,943.92 
107.047383,-6.958116,946.70 
107.045692,-6.958738,949.48 
107.044000,-6.959361,952.27 
107.042309,-6.959984,955.06 
107.040617,-6.960607,957.86 
107.038925,-6.961229,960.66 
107.037234,-6.961852,963.47 
107.035542,-6.962475,966.28 
107.033851,-6.963098,969.10 
107.032159,-6.963720,971.92 
107.030467,-6.964343,974.74 
107.028776,-6.964966,977.57 
107.027084,-6.965589,980.41 
107.025393,-6.966211,983.25 
107.023701,-6.966834,986.09 
107.022009,-6.967457,988.94 
107.020318,-6.968079,991.79 
107.018626,-6.968702,994.65 
107.016934,-6.969325,997.52 
107.015243,-6.969947,1000.38 
107.013551,-6.970570,1003.26 
107.011859,-6.971193,1006.13 
107.010168,-6.971815,1009.01 
107.008476,-6.972438,1011.90 
107.006784,-6.973061,1014.79 
107.005093,-6.973683,1017.69 
107.003401,-6.974306,1020.59 
107.001709,-6.974928,1023.49 
107.000018,-6.975551,1026.40 
106.998326,-6.976174,1029.32 
106.996634,-6.976796,1032.24 
106.994942,-6.977419,1035.16 
106.993251,-6.978041,1038.09 
106.991559,-6.978664,1041.02 
106.989867,-6.979287,1043.96 
106.988176,-6.979909,1046.90 
106.986484,-6.980532,1049.85 
106.984792,-6.981154,1052.80 
106.983100,-6.981777,1055.75 
106.981409,-6.982399,1058.72 
106.979717,-6.983022,1061.68 
106.978025,-6.983644,1064.65 
106.976333,-6.984267,1067.63 
106.974642,-6.984890,1070.61 
106.972950,-6.985512,1073.59 
106.971258,-6.986135,1076.58 
106.969566,-6.986757,1079.57 
106.967874,-6.987380,1082.57 
106.966183,-6.988002,1085.57 
106.964491,-6.988625,1088.58 
106.962799,-6.989247,1091.59 
106.961107,-6.989869,1094.61 
106.959415,-6.990492,1097.63 
106.957724,-6.991114,1100.66 
106.956032,-6.991737,1103.69 
106.954340,-6.992359,1106.73 
106.952648,-6.992982,1109.77 
106.950956,-6.993604,1112.81 
106.949264,-6.994227,1115.86 
106.947573,-6.994849,1118.92 
106.945881,-6.995471,1121.97 
106.944189,-6.996094,1125.04 
106.942497,-6.996716,1128.11 
106.940805,-6.997339,1131.18 
106.939113,-6.997961,1134.26 
106.937422,-6.998583,1137.34 
106.935730,-6.999206,1140.43 
106.934038,-6.999828,1143.52 
106.932346,-7.000451,1146.62 
106.930654,-7.001073,1149.72 
106.928962,-7.001695,1152.82 
106.927270,-7.002318,1155.93 
106.925578,-7.002940,1159.05 
106.923886,-7.003562,1162.17 
106.922195,-7.004185,1165.29 
106.920503,-7.004807,1168.42 
106.918811,-7.005429,1171.55 
106.917119,-7.006052,1174.69 
106.915427,-7.006674,1177.84 
106.913735,-7.007296,1180.98 
106.912043,-7.007919,1184.14 
106.910351,-7.008541,1187.29 
106.908659,-7.009163,1190.45 
106.906967,-7.009785,1193.62 
106.905275,-7.010408,1196.79 
106.903583,-7.011030,1199.97 
106.901891,-7.011652,1203.15 
106.900199,-7.012274,1206.33 
106.898507,-7.012897,1209.52 
106.896815,-7.013519,1212.72 
106.895123,-7.014141,1215.92 
106.893431,-7.014763,1219.12 
106.891739,-7.015386,1222.33 
106.890047,-7.016008,1225.54 
106.888355,-7.016630,1228.76 
106.886663,-7.017252,1231.98 
106.884971,-7.017875,1235.21 
106.883279,-7.018497,1238.44 
106.881587,-7.019119,1241.68 
106.879895,-7.019741,1244.92 
106.878203,-7.020363,1248.16 
106.876511,-7.020985,1251.42 
106.874819,-7.021608,1254.67 
106.873127,-7.022230,1257.93 
106.871435,-7.022852,1261.19 
106.869743,-7.023474,1264.46 
106.868051,-7.024096,1267.74 
106.866359,-7.024718,1271.02 
106.864667,-7.025340,1274.30 
106.862975,-7.025963,1277.59 
106.861283,-7.026585,1280.88 
106.859591,-7.027207,1284.18 
106.857899,-7.027829,1287.48 
106.856207,-7.028451,1290.79 
106.854515,-7.029073,1294.10 
106.852822,-7.029695,1297.41 
106.851130,-7.030317,1300.73 
106.849438,-7.030939,1304.06 
106.847746,-7.031561,1307.39 
106.846054,-7.032183,1310.72 
106.844362,-7.032805,1314.06 
106.842670,-7.033428,1317.41 
106.840978,-7.034050,1320.75 
106.839286,-7.034672,1324.11 
106.837593,-7.035294,1327.46 
106.835901,-7.035916,1330.83 
106.834209,-7.036538,1334.19 
106.832517,-7.037160,1337.57 
106.830825,-7.037782,1340.94 
106.829133,-7.038404,1344.32 
106.827441,-7.039026,1347.71 
106.825748,-7.039648,1351.10 
106.824056,-7.040270,1354.50 
106.822364,-7.040892,1357.90 
106.820672,-7.041514,1361.30 
106.818980,-7.042136,1364.71 
106.817287,-7.042758,1368.12 
106.815595,-7.043380,1371.54 
106.813903,-7.044001,1374.97 
106.812211,-7.044623,1378.39 
106.810519,-7.045245,1381.83 
106.808826,-7.045867,1385.26 
106.807134,-7.046489,1388.70 
106.805442,-7.047111,1392.15 
106.803750,-7.047733,1395.60 
106.802058,-7.048355,1399.06 
106.800365,-7.048977,1402.52 
106.798673,-7.049599,1405.98 
106.796981,-7.050221,1409.45 
106.795289,-7.050842,1412.93 
106.793596,-7.051464,1416.41 
106.791904,-7.052086,1419.89 
106.790212,-7.052708,1423.38 
106.788520,-7.053330,1426.87 
106.786827,-7.053952,1430.37 
106.785135,-7.054574,1433.87 
106.783443,-7.055195,1437.38 
106.781750,-7.055817,1440.89 
106.780058,-7.056439,1444.41 
106.778366,-7.057061,1447.93 
106.776674,-7.057683,1451.46 
106.774981,-7.058305,1454.99 
106.773289,-7.058926,1458.52 
106.771597,-7.059548,1462.06 
106.769904,-7.060170,1465.61 
106.768212,-7.060792,1469.16 
106.766520,-7.061413,1472.71 
106.764827,-7.062035,1476.27 
106.763135,-7.062657,1479.83 
106.761443,-7.063279,1483.40 
106.759750,-7.063900,1486.97 
106.758058,-7.064522,1490.55 
106.756366,-7.065144,1494.13 
106.754673,-7.065766,1497.72 
106.752981,-7.066387,1501.31 
106.751289,-7.067009,1504.91 
106.749596,-7.067631,1508.51 
106.747904,-7.068253,1512.11 
106.746211,-7.068874,1515.72 
106.744519,-7.069496,1519.34 
106.742827,-7.070118,1522.96 
106.741134,-7.070739,1526.58 
106.739442,-7.071361,1530.21 
106.737750,-7.071983,1533.84 
106.736057,-7.072604,1537.48 
106.734365,-7.073226,1541.12 
106.732672,-7.073848,1544.77 
106.730980,-7.074469,1548.42 
106.729287,-7.075091,1552.08 
106.727595,-7.075713,1555.74 
106.725903,-7.076334,1559.41 
106.724210,-7.076956,1563.08 
106.722518,-7.077577,1566.75 
106.720825,-7.078199,1570.43 
106.719133,-7.078821,1574.12 
106.717440,-7.079442,1577.81 
106.715748,-7.080064,1581.50 
106.714055,-7.080685,1585.20 
106.712363,-7.081307,1588.90 
106.710670,-7.081929,1592.61 
106.708978,-7.082550,1596.33 
106.707286,-7.083172,1600.04 
106.705593,-7.083793,1603.76 
106.703901,-7.084415,1607.49 
106.702208,-7.085036,1611.22 
106.700516,-7.085658,1614.96 
106.698823,-7.086279,1618.70 
106.697131,-7.086901,1622.45 
106.695438,-7.087523,1626.20 
106.693746,-7.088144,1629.95 
106.692053,-7.088766,1633.71 
106.690360,-7.089387,1637.47 
106.688668,-7.090009,1641.24 
106.686975,-7.090630,1645.02 
106.685283,-7.091251,1648.79 
106.683590,-7.091873,1652.58 
106.681898,-7.092494,1656.36 
106.680205,-7.093116,1660.16 
106.678513,-7.093737,1663.95 
106.676820,-7.094359,1667.75 
106.675127,-7.094980,1671.56 
106.673435,-7.095602,1675.37 
106.671742,-7.096223,1679.19 
106.670050,-7.096845,1683.01 
106.668357,-7.097466,1686.83 
106.666665,-7.098087,1690.66 
106.664972,-7.098709,1694.50 
106.663279,-7.099330,1698.33 
106.661587,-7.099952,1702.18 
106.659894,-7.100573,1706.03 
106.658202,-7.101194,1709.88 
106.656509,-7.101816,1713.74 
106.654816,-7.102437,1717.60 
106.653124,-7.103058,1721.47 
106.651431,-7.103680,1725.34 
106.649738,-7.104301,1729.21 
106.648046,-7.104923,1733.09 
106.646353,-7.105544,1736.98 
106.644660,-7.106165,1740.87 
106.642968,-7.106787,1744.76 
106.641275,-7.107408,1748.66 
106.639582,-7.108029,1752.57 
106.637890,-7.108650,1756.48 
106.636197,-7.109272,1760.39 
106.634504,-7.109893,1764.31 
106.632812,-7.110514,1768.23 
106.631119,-7.111136,1772.16 
106.629426,-7.111757,1776.09 
106.627734,-7.112378,1780.03 
106.626041,-7.112999,1783.97 
106.624348,-7.113621,1787.92 
106.622656,-7.114242,1791.87 
106.620963,-7.114863,1795.82 
106.619270,-7.115484,1799.78 
106.617577,-7.116106,1803.75 
106.615885,-7.116727,1807.72 
106.614192,-7.117348,1811.69 
106.612499,-7.117969,1815.67 
106.610806,-7.118591,1819.65 
106.609114,-7.119212,1823.64 
106.607421,-7.119833,1827.63 
106.605728,-7.120454,1831.63 
106.604035,-7.121075,1835.63 
106.602343,-7.121697,1839.64 
106.600650,-7.122318,1843.65 
106.598957,-7.122939,1847.67 
106.597264,-7.123560,1851.69 
106.595572,-7.124181,1855.72 
106.593879,-7.124802,1859.75 
106.592186,-7.125424,1863.78 
106.590493,-7.126045,1867.82 
106.588800,-7.126666,1871.86 
106.587108,-7.127287,1875.91 
106.585415,-7.127908,1879.97 
106.583722,-7.128529,1884.03 
106.582029,-7.129150,1888.09 
106.580336,-7.129771,1892.16 
106.578643,-7.130392,1896.23 
106.576951,-7.131014,1900.31 
106.575258,-7.131635,1904.39 
106.573565,-7.132256,1908.47 
106.571872,-7.132877,1912.56 
106.570179,-7.133498,1916.66 
106.568486,-7.134119,1920.76 
106.566793,-7.134740,1924.87 
106.565101,-7.135361,1928.97 
106.563408,-7.135982,1933.09 
106.561715,-7.136603,1937.21 
106.560022,-7.137224,1941.33 
106.558329,-7.137845,1945.46 
106.556636,-7.138466,1949.59 
106.554943,-7.139087,1953.73 
106.553250,-7.139708,1957.87 
106.551558,-7.140329,1962.02 
106.549865,-7.140950,1966.17 
106.548172,-7.141571,1970.33 
106.546479,-7.142192,1974.49 
106.544786,-7.142813,1978.65 
106.543093,-7.143434,1982.82 
106.541400,-7.144055,1987.00 
</coordinates></LineString></Placemark>
<Placemark><name>0.6F1</name>
<LookAt><altitudeMode>absolute</altitudeMode><longitude> 106.964490817459</longitude><latitude>-6.98862452828858</latitude><altitude> 1088.58232027939</altitude><range> 99580.0000000000</range><tilt>80.0</tilt><heading> 159.6100000000000</heading></LookAt>
<Style><LineStyle><color>b000ff00</color><width>2</width></LineStyle></Style>
<LineString><altitudeMode>absolute</altitudeMode><coordinates>
107.387300,-6.832817,482.00 
107.385609,-6.833441,479.62 
107.383919,-6.834065,479.72 
107.382228,-6.834689,480.24 
107.380537,-6.835313,480.98 
107.378847,-6.835937,481.86 
107.377156,-6.836561,482.84 
107.375465,-6.837185,483.89 
107.373774,-6.837809,485.02 
107.372084,-6.838433,486.19 
107.370393,-6.839056,487.41 
107.368702,-6.839680,488.67 
107.367012,-6.840304,489.96 
107.365321,-6.840928,491.29 
107.363630,-6.841552,492.64 
107.361939,-6.842176,494.02 
107.360249,-6.842800,495.42 
107.358558,-6.843424,496.85 
107.356867,-6.844048,498.29 
107.355176,-6.844671,499.76 
107.353485,-6.845295,501.24 
107.351795,-6.845919,502.74 
107.350104,-6.846543,504.26 
107.348413,-6.847167,505.79 
107.346722,-6.847791,507.34 
107.345032,-6.848414,508.90 
107.343341,-6.849038,510.48 
107.341650,-6.849662,512.06 
107.339959,-6.850286,513.67 
107.338268,-6.850910,515.28 
107.336578,-6.851534,516.91 
107.334887,-6.852157,518.54 
107.333196,-6.852781,520.19 
107.331505,-6.853405,521.85 
107.329814,-6.854029,523.53 
107.328123,-6.854652,525.21 
107.326433,-6.855276,526.90 
107.324742,-6.855900,528.60 
107.323051,-6.856524,530.31 
107.321360,-6.857147,532.04 
107.319669,-6.857771,533.77 
107.317978,-6.858395,535.51 
107.316287,-6.859019,537.26 
107.314597,-6.859642,539.02 
107.312906,-6.860266,540.79 
107.311215,-6.860890,542.56 
107.309524,-6.861513,544.35 
107.307833,-6.862137,546.14 
107.306142,-6.862761,547.95 
107.304451,-6.863385,549.76 
107.302760,-6.864008,551.58 
107.301070,-6.864632,553.41 
107.299379,-6.865256,555.24 
107.297688,-6.865879,557.09 
107.295997,-6.866503,558.94 
107.294306,-6.867127,560.80 
107.292615,-6.867750,562.67 
107.290924,-6.868374,564.54 
107.289233,-6.868997,566.42 
107.287542,-6.869621,568.31 
107.285851,-6.870245,570.21 
107.284160,-6.870868,572.12 
107.282469,-6.871492,574.03 
107.280778,-6.872116,575.95 
107.279087,-6.872739,577.88 
107.277396,-6.873363,579.81 
107.275705,-6.873986,581.75 
107.274014,-6.874610,583.70 
107.272323,-6.875233,585.66 
107.270632,-6.875857,587.62 
107.268941,-6.876481,589.59 
107.267250,-6.877104,591.57 
107.265559,-6.877728,593.55 
107.263868,-6.878351,595.54 
107.262177,-6.878975,597.54 
107.260486,-6.879598,599.54 
107.258795,-6.880222,601.55 
107.257104,-6.880845,603.57 
107.255413,-6.881469,605.59 
107.253722,-6.882092,607.62 
107.252031,-6.882716,609.66 
107.250340,-6.883339,611.70 
107.248649,-6.883963,613.75 
107.246958,-6.884586,615.81 
107.245267,-6.885210,617.88 
107.243576,-6.885833,619.95 
107.241885,-6.886457,622.02 
107.240194,-6.887080,624.11 
107.238503,-6.887704,626.19 
107.236812,-6.888327,628.29 
107.235121,-6.888951,630.39 
107.233430,-6.889574,632.50 
107.231739,-6.890197,634.62 
107.230048,-6.890821,636.74 
107.228356,-6.891444,638.86 
107.226665,-6.892068,641.00 
107.224974,-6.892691,643.14 
107.223283,-6.893315,645.28 
107.221592,-6.893938,647.44 
107.219901,-6.894561,649.59 
107.218210,-6.895185,651.76 
107.216519,-6.895808,653.93 
107.214827,-6.896431,656.11 
107.213136,-6.897055,658.29 
107.211445,-6.897678,660.48 
107.209754,-6.898302,662.67 
107.208063,-6.898925,664.87 
107.206372,-6.899548,667.08 
107.204681,-6.900172,669.29 
107.202989,-6.900795,671.51 
107.201298,-6.901418,673.74 
107.199607,-6.902042,675.97 
107.197916,-6.902665,678.21 
107.196225,-6.903288,680.45 
107.194534,-6.903911,682.70 
107.192842,-6.904535,684.96 
107.191151,-6.905158,687.22 
107.189460,-6.905781,689.48 
107.187769,-6.906405,691.76 
107.186078,-6.907028,694.04 
107.184386,-6.907651,696.32 
107.182695,-6.908274,698.61 
107.181004,-6.908898,700.91 
107.179313,-6.909521,703.21 
107.177621,-6.910144,705.52 
107.175930,-6.910767,707.83 
107.174239,-6.911391,710.15 
107.172548,-6.912014,712.48 
107.170857,-6.912637,714.81 
107.169165,-6.913260,717.15 
107.167474,-6.913883,719.49 
107.165783,-6.914507,721.84 
107.164091,-6.915130,724.19 
107.162400,-6.915753,726.56 
107.160709,-6.916376,728.92 
107.159018,-6.916999,731.29 
107.157326,-6.917623,733.67 
107.155635,-6.918246,736.06 
107.153944,-6.918869,738.44 
107.152253,-6.919492,740.84 
107.150561,-6.920115,743.24 
107.148870,-6.920738,745.65 
107.147179,-6.921361,748.06 
107.145487,-6.921985,750.48 
107.143796,-6.922608,752.90 
107.142105,-6.923231,755.33 
107.140413,-6.923854,757.76 
107.138722,-6.924477,760.21 
107.137031,-6.925100,762.65 
107.135339,-6.925723,765.10 
107.133648,-6.926346,767.56 
107.131957,-6.926969,770.02 
107.130265,-6.927592,772.49 
107.128574,-6.928215,774.97 
107.126883,-6.928839,777.45 
107.125191,-6.929462,779.93 
107.123500,-6.930085,782.43 
107.121808,-6.930708,784.92 
107.120117,-6.931331,787.43 
107.118426,-6.931954,789.93 
107.116734,-6.932577,792.45 
107.115043,-6.933200,794.97 
107.113351,-6.933823,797.49 
107.111660,-6.934446,800.02 
107.109969,-6.935069,802.56 
107.108277,-6.935692,805.10 
107.106586,-6.936315,807.65 
107.104894,-6.936938,810.20 
107.103203,-6.937561,812.76 
107.101512,-6.938184,815.32 
107.099820,-6.938807,817.89 
107.098129,-6.939430,820.47 
107.096437,-6.940053,823.05 
107.094746,-6.940676,825.64 
107.093054,-6.941299,828.23 
107.091363,-6.941921,830.83 
107.089671,-6.942544,833.43 
107.087980,-6.943167,836.04 
107.086288,-6.943790,838.65 
107.084597,-6.944413,841.27 
107.082906,-6.945036,843.90 
107.081214,-6.945659,846.53 
107.079523,-6.946282,849.16 
107.077831,-6.946905,851.81 
107.076140,-6.947528,854.45 
107.074448,-6.948150,857.11 
107.072757,-6.948773,859.76 
107.071065,-6.949396,862.43 
107.069374,-6.950019,865.10 
107.067682,-6.950642,867.77 
107.065990,-6.951265,870.45 
107.064299,-6.951888,873.14 
107.062607,-6.952510,875.83 
107.060916,-6.953133,878.53 
107.059224,-6.953756,881.23 
107.057533,-6.954379,883.94 
107.055841,-6.955002,886.65 
107.054150,-6.955625,889.37 
107.052458,-6.956247,892.09 
107.050767,-6.956870,894.82 
107.049075,-6.957493,897.56 
107.047383,-6.958116,900.30 
107.045692,-6.958738,903.04 
107.044000,-6.959361,905.80 
107.042309,-6.959984,908.55 
107.040617,-6.960607,911.31 
107.038925,-6.961229,914.08 
107.037234,-6.961852,916.86 
107.035542,-6.962475,919.64 
107.033851,-6.963098,922.42 
107.032159,-6.963720,925.21 
107.030467,-6.964343,928.00 
107.028776,-6.964966,930.81 
107.027084,-6.965589,933.61 
107.025393,-6.966211,936.42 
107.023701,-6.966834,939.24 
107.022009,-6.967457,942.06 
107.020318,-6.968079,944.89 
107.018626,-6.968702,947.72 
107.016934,-6.969325,950.56 
107.015243,-6.969947,953.41 
107.013551,-6.970570,956.26 
107.011859,-6.971193,959.11 
107.010168,-6.971815,961.97 
107.008476,-6.972438,964.84 
107.006784,-6.973061,967.71 
107.005093,-6.973683,970.59 
107.003401,-6.974306,973.47 
107.001709,-6.974928,976.36 
107.000018,-6.975551,979.25 
106.998326,-6.976174,982.15 
106.996634,-6.976796,985.05 
106.994942,-6.977419,987.96 
106.993251,-6.978041,990.88 
106.991559,-6.978664,993.80 
106.989867,-6.979287,996.72 
106.988176,-6.979909,999.66 
106.986484,-6.980532,1002.59 
106.984792,-6.981154,1005.53 
106.983100,-6.981777,1008.48 
106.981409,-6.982399,1011.44 
106.979717,-6.983022,1014.39 
106.978025,-6.983644,1017.36 
106.976333,-6.984267,1020.33 
106.974642,-6.984890,1023.30 
106.972950,-6.985512,1026.28 
106.971258,-6.986135,1029.27 
106.969566,-6.986757,1032.26 
106.967874,-6.987380,1035.26 
106.966183,-6.988002,1038.26 
106.964491,-6.988625,1041.26 
106.962799,-6.989247,1044.28 
106.961107,-6.989869,1047.30 
106.959415,-6.990492,1050.32 
106.957724,-6.991114,1053.35 
106.956032,-6.991737,1056.38 
106.954340,-6.992359,1059.42 
106.952648,-6.992982,1062.47 
106.950956,-6.993604,1065.52 
106.949264,-6.994227,1068.57 
106.947573,-6.994849,1071.64 
106.945881,-6.995471,1074.70 
106.944189,-6.996094,1077.77 
106.942497,-6.996716,1080.85 
106.940805,-6.997339,1083.94 
106.939113,-6.997961,1087.02 
106.937422,-6.998583,1090.12 
106.935730,-6.999206,1093.22 
106.934038,-6.999828,1096.32 
106.932346,-7.000451,1099.43 
106.930654,-7.001073,1102.55 
106.928962,-7.001695,1105.67 
106.927270,-7.002318,1108.80 
106.925578,-7.002940,1111.93 
106.923886,-7.003562,1115.07 
106.922195,-7.004185,1118.21 
106.920503,-7.004807,1121.36 
106.918811,-7.005429,1124.51 
106.917119,-7.006052,1127.67 
106.915427,-7.006674,1130.84 
106.913735,-7.007296,1134.01 
106.912043,-7.007919,1137.18 
106.910351,-7.008541,1140.36 
106.908659,-7.009163,1143.55 
106.906967,-7.009785,1146.74 
106.905275,-7.010408,1149.94 
106.903583,-7.011030,1153.14 
106.901891,-7.011652,1156.35 
106.900199,-7.012274,1159.57 
106.898507,-7.012897,1162.78 
106.896815,-7.013519,1166.01 
106.895123,-7.014141,1169.24 
106.893431,-7.014763,1172.48 
106.891739,-7.015386,1175.72 
106.890047,-7.016008,1178.96 
106.888355,-7.016630,1182.21 
106.886663,-7.017252,1185.47 
106.884971,-7.017875,1188.74 
106.883279,-7.018497,1192.00 
106.881587,-7.019119,1195.28 
106.879895,-7.019741,1198.56 
106.878203,-7.020363,1201.84 
106.876511,-7.020985,1205.13 
106.874819,-7.021608,1208.43 
106.873127,-7.022230,1211.73 
106.871435,-7.022852,1215.04 
106.869743,-7.023474,1218.35 
106.868051,-7.024096,1221.67 
106.866359,-7.024718,1224.99 
106.864667,-7.025340,1228.32 
106.862975,-7.025963,1231.65 
106.861283,-7.026585,1234.99 
106.859591,-7.027207,1238.34 
106.857899,-7.027829,1241.69 
106.856207,-7.028451,1245.04 
106.854515,-7.029073,1248.41 
106.852822,-7.029695,1251.77 
106.851130,-7.030317,1255.15 
106.849438,-7.030939,1258.52 
106.847746,-7.031561,1261.91 
106.846054,-7.032183,1265.30 
106.844362,-7.032805,1268.69 
106.842670,-7.033428,1272.09 
106.840978,-7.034050,1275.50 
106.839286,-7.034672,1278.91 
106.837593,-7.035294,1282.33 
106.835901,-7.035916,1285.75 
106.834209,-7.036538,1289.18 
106.832517,-7.037160,1292.61 
106.830825,-7.037782,1296.05 
106.829133,-7.038404,1299.49 
106.827441,-7.039026,1302.94 
106.825748,-7.039648,1306.40 
106.824056,-7.040270,1309.86 
106.822364,-7.040892,1313.33 
106.820672,-7.041514,1316.80 
106.818980,-7.042136,1320.28 
106.817287,-7.042758,1323.76 
106.815595,-7.043380,1327.25 
106.813903,-7.044001,1330.75 
106.812211,-7.044623,1334.25 
106.810519,-7.045245,1337.75 
106.808826,-7.045867,1341.27 
106.807134,-7.046489,1344.78 
106.805442,-7.047111,1348.31 
106.803750,-7.047733,1351.83 
106.802058,-7.048355,1355.37 
106.800365,-7.048977,1358.91 
106.798673,-7.049599,1362.45 
106.796981,-7.050221,1366.00 
106.795289,-7.050842,1369.56 
106.793596,-7.051464,1373.12 
106.791904,-7.052086,1376.69 
106.790212,-7.052708,1380.27 
106.788520,-7.053330,1383.84 
106.786827,-7.053952,1387.43 
106.785135,-7.054574,1391.02 
106.783443,-7.055195,1394.62 
106.781750,-7.055817,1398.22 
106.780058,-7.056439,1401.83 
106.778366,-7.057061,1405.44 
106.776674,-7.057683,1409.06 
106.774981,-7.058305,1412.68 
106.773289,-7.058926,1416.32 
106.771597,-7.059548,1419.95 
106.769904,-7.060170,1423.59 
106.768212,-7.060792,1427.24 
106.766520,-7.061413,1430.90 
106.764827,-7.062035,1434.55 
106.763135,-7.062657,1438.22 
106.761443,-7.063279,1441.89 
106.759750,-7.063900,1445.57 
106.758058,-7.064522,1449.25 
106.756366,-7.065144,1452.94 
106.754673,-7.065766,1456.63 
106.752981,-7.066387,1460.33 
106.751289,-7.067009,1464.04 
106.749596,-7.067631,1467.75 
106.747904,-7.068253,1471.47 
106.746211,-7.068874,1475.19 
106.744519,-7.069496,1478.92 
106.742827,-7.070118,1482.66 
106.741134,-7.070739,1486.40 
106.739442,-7.071361,1490.14 
106.737750,-7.071983,1493.90 
106.736057,-7.072604,1497.66 
106.734365,-7.073226,1501.42 
106.732672,-7.073848,1505.19 
106.730980,-7.074469,1508.97 
106.729287,-7.075091,1512.75 
106.727595,-7.075713,1516.54 
106.725903,-7.076334,1520.33 
106.724210,-7.076956,1524.13 
106.722518,-7.077577,1527.94 
106.720825,-7.078199,1531.75 
106.719133,-7.078821,1535.57 
106.717440,-7.079442,1539.40 
106.715748,-7.080064,1543.23 
106.714055,-7.080685,1547.07 
106.712363,-7.081307,1550.91 
106.710670,-7.081929,1554.76 
106.708978,-7.082550,1558.61 
106.707286,-7.083172,1562.48 
106.705593,-7.083793,1566.34 
106.703901,-7.084415,1570.22 
106.702208,-7.085036,1574.10 
106.700516,-7.085658,1577.98 
106.698823,-7.086279,1581.88 
106.697131,-7.086901,1585.78 
106.695438,-7.087523,1589.68 
106.693746,-7.088144,1593.59 
106.692053,-7.088766,1597.51 
106.690360,-7.089387,1601.43 
106.688668,-7.090009,1605.37 
106.686975,-7.090630,1609.30 
106.685283,-7.091251,1613.25 
106.683590,-7.091873,1617.20 
106.681898,-7.092494,1621.15 
106.680205,-7.093116,1625.11 
106.678513,-7.093737,1629.08 
106.676820,-7.094359,1633.06 
106.675127,-7.094980,1637.04 
106.673435,-7.095602,1641.03 
106.671742,-7.096223,1645.03 
106.670050,-7.096845,1649.03 
106.668357,-7.097466,1653.04 
106.666665,-7.098087,1657.06 
106.664972,-7.098709,1661.08 
106.663279,-7.099330,1665.11 
106.661587,-7.099952,1669.15 
106.659894,-7.100573,1673.19 
106.658202,-7.101194,1677.24 
106.656509,-7.101816,1681.30 
106.654816,-7.102437,1685.36 
106.653124,-7.103058,1689.43 
106.651431,-7.103680,1693.51 
106.649738,-7.104301,1697.60 
106.648046,-7.104923,1701.69 
106.646353,-7.105544,1705.79 
106.644660,-7.106165,1709.90 
106.642968,-7.106787,1714.01 
106.641275,-7.107408,1718.13 
106.639582,-7.108029,1722.26 
106.637890,-7.108650,1726.40 
106.636197,-7.109272,1730.55 
106.634504,-7.109893,1734.70 
106.632812,-7.110514,1738.86 
106.631119,-7.111136,1743.03 
106.629426,-7.111757,1747.20 
106.627734,-7.112378,1751.39 
106.626041,-7.112999,1755.58 
106.624348,-7.113621,1759.78 
106.622656,-7.114242,1763.99 
106.620963,-7.114863,1768.20 
106.619270,-7.115484,1772.43 
106.617577,-7.116106,1776.66 
106.615885,-7.116727,1780.91 
106.614192,-7.117348,1785.16 
106.612499,-7.117969,1789.42 
106.610806,-7.118591,1793.69 
106.609114,-7.119212,1797.97 
106.607421,-7.119833,1802.26 
106.605728,-7.120454,1806.55 
106.604035,-7.121075,1810.86 
106.602343,-7.121697,1815.18 
106.600650,-7.122318,1819.51 
106.598957,-7.122939,1823.85 
106.597264,-7.123560,1828.19 
106.595572,-7.124181,1832.55 
106.593879,-7.124802,1836.92 
106.592186,-7.125424,1841.31 
106.590493,-7.126045,1845.70 
106.588800,-7.126666,1850.11 
106.587108,-7.127287,1854.52 
106.585415,-7.127908,1858.96 
106.583722,-7.128529,1863.40 
106.582029,-7.129150,1867.86 
106.580336,-7.129771,1872.33 
106.578643,-7.130392,1876.82 
106.576951,-7.131014,1881.32 
106.575258,-7.131635,1885.84 
106.573565,-7.132256,1890.38 
106.571872,-7.132877,1894.93 
106.570179,-7.133498,1899.51 
106.568486,-7.134119,1904.10 
106.566793,-7.134740,1908.72 
106.565101,-7.135361,1913.36 
106.563408,-7.135982,1918.03 
106.561715,-7.136603,1922.72 
106.560022,-7.137224,1927.45 
106.558329,-7.137845,1932.21 
106.556636,-7.138466,1937.01 
106.554943,-7.139087,1941.86 
106.553250,-7.139708,1946.75 
106.551558,-7.140329,1951.72 
106.549865,-7.140950,1956.76 
106.548172,-7.141571,1961.90 
106.546479,-7.142192,1967.18 
106.544786,-7.142813,1972.68 
106.543093,-7.143434,1978.60 
106.541400,-7.144055,1987.00 
</coordinates></LineString></Placemark>
<Placemark><name>1.0F1</name>
<LookAt><altitudeMode>absolute</altitudeMode><longitude> 106.964490817459</longitude><latitude>-6.98862452828858</latitude><altitude> 1088.58232027939</altitude><range> 99580.0000000000</range><tilt>80.0</tilt><heading> 159.6100000000000</heading></LookAt>
<Style><LineStyle><color>b000ffff</color><width>2</width></LineStyle></Style>
<LineString><altitudeMode>absolute</altitudeMode><coordinates>
107.387300,-6.832817,482.00 
107.385609,-6.833441,490.89 
107.383919,-6.834065,495.65 
107.382228,-6.834689,499.73 
107.380537,-6.835313,503.46 
107.378847,-6.835937,506.97 
107.377156,-6.836561,510.31 
107.375465,-6.837185,513.54 
107.373774,-6.837809,516.68 
107.372084,-6.838433,519.74 
107.370393,-6.839056,522.74 
107.368702,-6.839680,525.69 
107.367012,-6.840304,528.59 
107.365321,-6.840928,531.45 
107.363630,-6.841552,534.28 
107.361939,-6.842176,537.07 
107.360249,-6.842800,539.84 
107.358558,-6.843424,542.58 
107.356867,-6.844048,545.31 
107.355176,-6.844671,548.01 
107.353485,-6.845295,550.70 
107.351795,-6.845919,553.36 
107.350104,-6.846543,556.02 
107.348413,-6.847167,558.66 
107.346722,-6.847791,561.29 
107.345032,-6.848414,563.90 
107.343341,-6.849038,566.51 
107.341650,-6.849662,569.10 
107.339959,-6.850286,571.69 
107.338268,-6.850910,574.27 
107.336578,-6.851534,576.84 
107.334887,-6.852157,579.40 
107.333196,-6.852781,581.96 
107.331505,-6.853405,584.51 
107.329814,-6.854029,587.06 
107.328123,-6.854652,589.60 
107.326433,-6.855276,592.13 
107.324742,-6.855900,594.66 
107.323051,-6.856524,597.19 
107.321360,-6.857147,599.71 
107.319669,-6.857771,602.23 
107.317978,-6.858395,604.75 
107.316287,-6.859019,607.26 
107.314597,-6.859642,609.77 
107.312906,-6.860266,612.28 
107.311215,-6.860890,614.79 
107.309524,-6.861513,617.29 
107.307833,-6.862137,619.79 
107.306142,-6.862761,622.29 
107.304451,-6.863385,624.79 
107.302760,-6.864008,627.29 
107.301070,-6.864632,629.78 
107.299379,-6.865256,632.28 
107.297688,-6.865879,634.77 
107.295997,-6.866503,637.27 
107.294306,-6.867127,639.76 
107.292615,-6.867750,642.25 
107.290924,-6.868374,644.74 
107.289233,-6.868997,647.24 
107.287542,-6.869621,649.73 
107.285851,-6.870245,652.22 
107.284160,-6.870868,654.71 
107.282469,-6.871492,657.20 
107.280778,-6.872116,659.70 
107.279087,-6.872739,662.19 
107.277396,-6.873363,664.68 
107.275705,-6.873986,667.17 
107.274014,-6.874610,669.67 
107.272323,-6.875233,672.16 
107.270632,-6.875857,674.66 
107.268941,-6.876481,677.16 
107.267250,-6.877104,679.65 
107.265559,-6.877728,682.15 
107.263868,-6.878351,684.65 
107.262177,-6.878975,687.15 
107.260486,-6.879598,689.65 
107.258795,-6.880222,692.15 
107.257104,-6.880845,694.66 
107.255413,-6.881469,697.16 
107.253722,-6.882092,699.67 
107.252031,-6.882716,702.18 
107.250340,-6.883339,704.69 
107.248649,-6.883963,707.20 
107.246958,-6.884586,709.71 
107.245267,-6.885210,712.23 
107.243576,-6.885833,714.74 
107.241885,-6.886457,717.26 
107.240194,-6.887080,719.78 
107.238503,-6.887704,722.30 
107.236812,-6.888327,724.82 
107.235121,-6.888951,727.35 
107.233430,-6.889574,729.87 
107.231739,-6.890197,732.40 
107.230048,-6.890821,734.93 
107.228356,-6.891444,737.46 
107.226665,-6.892068,740.00 
107.224974,-6.892691,742.54 
107.223283,-6.893315,745.07 
107.221592,-6.893938,747.62 
107.219901,-6.894561,750.16 
107.218210,-6.895185,752.70 
107.216519,-6.895808,755.25 
107.214827,-6.896431,757.80 
107.213136,-6.897055,760.35 
107.211445,-6.897678,762.91 
107.209754,-6.898302,765.46 
107.208063,-6.898925,768.02 
107.206372,-6.899548,770.58 
107.204681,-6.900172,773.15 
107.202989,-6.900795,775.71 
107.201298,-6.901418,778.28 
107.199607,-6.902042,780.85 
107.197916,-6.902665,783.42 
107.196225,-6.903288,786.00 
107.194534,-6.903911,788.58 
107.192842,-6.904535,791.16 
107.191151,-6.905158,793.74 
107.189460,-6.905781,796.33 
107.187769,-6.906405,798.92 
107.186078,-6.907028,801.51 
107.184386,-6.907651,804.10 
107.182695,-6.908274,806.70 
107.181004,-6.908898,809.30 
107.179313,-6.909521,811.90 
107.177621,-6.910144,814.50 
107.175930,-6.910767,817.11 
107.174239,-6.911391,819.72 
107.172548,-6.912014,822.33 
107.170857,-6.912637,824.95 
107.169165,-6.913260,827.57 
107.167474,-6.913883,830.19 
107.165783,-6.914507,832.81 
107.164091,-6.915130,835.44 
107.162400,-6.915753,838.07 
107.160709,-6.916376,840.70 
107.159018,-6.916999,843.33 
107.157326,-6.917623,845.97 
107.155635,-6.918246,848.61 
107.153944,-6.918869,851.26 
107.152253,-6.919492,853.90 
107.150561,-6.920115,856.55 
107.148870,-6.920738,859.20 
107.147179,-6.921361,861.86 
107.145487,-6.921985,864.52 
107.143796,-6.922608,867.18 
107.142105,-6.923231,869.84 
107.140413,-6.923854,872.51 
107.138722,-6.924477,875.18 
107.137031,-6.925100,877.85 
107.135339,-6.925723,880.53 
107.133648,-6.926346,883.21 
107.131957,-6.926969,885.89 
107.130265,-6.927592,888.58 
107.128574,-6.928215,891.26 
107.126883,-6.928839,893.96 
107.125191,-6.929462,896.65 
107.123500,-6.930085,899.35 
107.121808,-6.930708,902.05 
107.120117,-6.931331,904.75 
107.118426,-6.931954,907.46 
107.116734,-6.932577,910.17 
107.115043,-6.933200,912.88 
107.113351,-6.933823,915.60 
107.111660,-6.934446,918.32 
107.109969,-6.935069,921.04 
107.108277,-6.935692,923.77 
107.106586,-6.936315,926.49 
107.104894,-6.936938,929.23 
107.103203,-6.937561,931.96 
107.101512,-6.938184,934.70 
107.099820,-6.938807,937.44 
107.098129,-6.939430,940.19 
107.096437,-6.940053,942.93 
107.094746,-6.940676,945.68 
107.093054,-6.941299,948.44 
107.091363,-6.941921,951.20 
107.089671,-6.942544,953.96 
107.087980,-6.943167,956.72 
107.086288,-6.943790,959.49 
107.084597,-6.944413,962.26 
107.082906,-6.945036,965.03 
107.081214,-6.945659,967.81 
107.079523,-6.946282,970.59 
107.077831,-6.946905,973.37 
107.076140,-6.947528,976.16 
107.074448,-6.948150,978.95 
107.072757,-6.948773,981.74 
107.071065,-6.949396,984.54 
107.069374,-6.950019,987.34 
107.067682,-6.950642,990.14 
107.065990,-6.951265,992.95 
107.064299,-6.951888,995.76 
107.062607,-6.952510,998.57 
107.060916,-6.953133,1001.38 
107.059224,-6.953756,1004.20 
107.057533,-6.954379,1007.03 
107.055841,-6.955002,1009.85 
107.054150,-6.955625,1012.68 
107.052458,-6.956247,1015.51 
107.050767,-6.956870,1018.35 
107.049075,-6.957493,1021.19 
107.047383,-6.958116,1024.03 
107.045692,-6.958738,1026.88 
107.044000,-6.959361,1029.73 
107.042309,-6.959984,1032.58 
107.040617,-6.960607,1035.44 
107.038925,-6.961229,1038.29 
107.037234,-6.961852,1041.16 
107.035542,-6.962475,1044.02 
107.033851,-6.963098,1046.89 
107.032159,-6.963720,1049.77 
107.030467,-6.964343,1052.64 
107.028776,-6.964966,1055.52 
107.027084,-6.965589,1058.40 
107.025393,-6.966211,1061.29 
107.023701,-6.966834,1064.18 
107.022009,-6.967457,1067.07 
107.020318,-6.968079,1069.97 
107.018626,-6.968702,1072.87 
107.016934,-6.969325,1075.77 
107.015243,-6.969947,1078.68 
107.013551,-6.970570,1081.59 
107.011859,-6.971193,1084.50 
107.010168,-6.971815,1087.42 
107.008476,-6.972438,1090.34 
107.006784,-6.973061,1093.26 
107.005093,-6.973683,1096.19 
107.003401,-6.974306,1099.12 
107.001709,-6.974928,1102.05 
107.000018,-6.975551,1104.99 
106.998326,-6.976174,1107.93 
106.996634,-6.976796,1110.87 
106.994942,-6.977419,1113.82 
106.993251,-6.978041,1116.77 
106.991559,-6.978664,1119.72 
106.989867,-6.979287,1122.68 
106.988176,-6.979909,1125.64 
106.986484,-6.980532,1128.60 
106.984792,-6.981154,1131.57 
106.983100,-6.981777,1134.54 
106.981409,-6.982399,1137.52 
106.979717,-6.983022,1140.49 
106.978025,-6.983644,1143.47 
106.976333,-6.984267,1146.46 
106.974642,-6.984890,1149.45 
106.972950,-6.985512,1152.44 
106.971258,-6.986135,1155.43 
106.969566,-6.986757,1158.43 
106.967874,-6.987380,1161.43 
106.966183,-6.988002,1164.44 
106.964491,-6.988625,1167.45 
106.962799,-6.989247,1170.46 
106.961107,-6.989869,1173.47 
106.959415,-6.990492,1176.49 
106.957724,-6.991114,1179.51 
106.956032,-6.991737,1182.54 
106.954340,-6.992359,1185.57 
106.952648,-6.992982,1188.60 
106.950956,-6.993604,1191.63 
106.949264,-6.994227,1194.67 
106.947573,-6.994849,1197.72 
106.945881,-6.995471,1200.76 
106.944189,-6.996094,1203.81 
106.942497,-6.996716,1206.86 
106.940805,-6.997339,1209.92 
106.939113,-6.997961,1212.98 
106.937422,-6.998583,1216.04 
106.935730,-6.999206,1219.11 
106.934038,-6.999828,1222.18 
106.932346,-7.000451,1225.25 
106.930654,-7.001073,1228.33 
106.928962,-7.001695,1231.41 
106.927270,-7.002318,1234.49 
106.925578,-7.002940,1237.58 
106.923886,-7.003562,1240.67 
106.922195,-7.004185,1243.76 
106.920503,-7.004807,1246.86 
106.918811,-7.005429,1249.96 
106.917119,-7.006052,1253.06 
106.915427,-7.006674,1256.17 
106.913735,-7.007296,1259.28 
106.912043,-7.007919,1262.39 
106.910351,-7.008541,1265.51 
106.908659,-7.009163,1268.63 
106.906967,-7.009785,1271.75 
106.905275,-7.010408,1274.88 
106.903583,-7.011030,1278.01 
106.901891,-7.011652,1281.14 
106.900199,-7.012274,1284.28 
106.898507,-7.012897,1287.42 
106.896815,-7.013519,1290.57 
106.895123,-7.014141,1293.71 
106.893431,-7.014763,1296.86 
106.891739,-7.015386,1300.02 
106.890047,-7.016008,1303.17 
106.888355,-7.016630,1306.34 
106.886663,-7.017252,1309.50 
106.884971,-7.017875,1312.67 
106.883279,-7.018497,1315.84 
106.881587,-7.019119,1319.01 
106.879895,-7.019741,1322.19 
106.878203,-7.020363,1325.37 
106.876511,-7.020985,1328.55 
106.874819,-7.021608,1331.74 
106.873127,-7.022230,1334.93 
106.871435,-7.022852,1338.13 
106.869743,-7.023474,1341.32 
106.868051,-7.024096,1344.52 
106.866359,-7.024718,1347.73 
106.864667,-7.025340,1350.94 
106.862975,-7.025963,1354.15 
106.861283,-7.026585,1357.36 
106.859591,-7.027207,1360.58 
106.857899,-7.027829,1363.80 
106.856207,-7.028451,1367.02 
106.854515,-7.029073,1370.25 
106.852822,-7.029695,1373.48 
106.851130,-7.030317,1376.71 
106.849438,-7.030939,1379.95 
106.847746,-7.031561,1383.19 
106.846054,-7.032183,1386.43 
106.844362,-7.032805,1389.68 
106.842670,-7.033428,1392.93 
106.840978,-7.034050,1396.18 
106.839286,-7.034672,1399.44 
106.837593,-7.035294,1402.70 
106.835901,-7.035916,1405.96 
106.834209,-7.036538,1409.22 
106.832517,-7.037160,1412.49 
106.830825,-7.037782,1415.77 
106.829133,-7.038404,1419.04 
106.827441,-7.039026,1422.32 
106.825748,-7.039648,1425.60 
106.824056,-7.040270,1428.89 
106.822364,-7.040892,1432.17 
106.820672,-7.041514,1435.47 
106.818980,-7.042136,1438.76 
106.817287,-7.042758,1442.06 
106.815595,-7.043380,1445.36 
106.813903,-7.044001,1448.66 
106.812211,-7.044623,1451.97 
106.810519,-7.045245,1455.28 
106.808826,-7.045867,1458.59 
106.807134,-7.046489,1461.91 
106.805442,-7.047111,1465.23 
106.803750,-7.047733,1468.55 
106.802058,-7.048355,1471.88 
106.800365,-7.048977,1475.20 
106.798673,-7.049599,1478.54 
106.796981,-7.050221,1481.87 
106.795289,-7.050842,1485.21 
106.793596,-7.051464,1488.55 
106.791904,-7.052086,1491.89 
106.790212,-7.052708,1495.24 
106.788520,-7.053330,1498.59 
106.786827,-7.053952,1501.94 
106.785135,-7.054574,1505.30 
106.783443,-7.055195,1508.66 
106.781750,-7.055817,1512.02 
106.780058,-7.056439,1515.38 
106.778366,-7.057061,1518.75 
106.776674,-7.057683,1522.12 
106.774981,-7.058305,1525.50 
106.773289,-7.058926,1528.87 
106.771597,-7.059548,1532.25 
106.769904,-7.060170,1535.63 
106.768212,-7.060792,1539.02 
106.766520,-7.061413,1542.41 
106.764827,-7.062035,1545.80 
106.763135,-7.062657,1549.19 
106.761443,-7.063279,1552.59 
106.759750,-7.063900,1555.99 
106.758058,-7.064522,1559.39 
106.756366,-7.065144,1562.79 
106.754673,-7.065766,1566.20 
106.752981,-7.066387,1569.61 
106.751289,-7.067009,1573.02 
106.749596,-7.067631,1576.44 
106.747904,-7.068253,1579.86 
106.746211,-7.068874,1583.28 
106.744519,-7.069496,1586.70 
106.742827,-7.070118,1590.13 
106.741134,-7.070739,1593.56 
106.739442,-7.071361,1596.99 
106.737750,-7.071983,1600.42 
106.736057,-7.072604,1603.86 
106.734365,-7.073226,1607.30 
106.732672,-7.073848,1610.74 
106.730980,-7.074469,1614.18 
106.729287,-7.075091,1617.63 
106.727595,-7.075713,1621.08 
106.725903,-7.076334,1624.53 
106.724210,-7.076956,1627.99 
106.722518,-7.077577,1631.44 
106.720825,-7.078199,1634.90 
106.719133,-7.078821,1638.36 
106.717440,-7.079442,1641.83 
106.715748,-7.080064,1645.29 
106.714055,-7.080685,1648.76 
106.712363,-7.081307,1652.23 
106.710670,-7.081929,1655.70 
106.708978,-7.082550,1659.18 
106.707286,-7.083172,1662.66 
106.705593,-7.083793,1666.13 
106.703901,-7.084415,1669.62 
106.702208,-7.085036,1673.10 
106.700516,-7.085658,1676.58 
106.698823,-7.086279,1680.07 
106.697131,-7.086901,1683.56 
106.695438,-7.087523,1687.05 
106.693746,-7.088144,1690.55 
106.692053,-7.088766,1694.04 
106.690360,-7.089387,1697.54 
106.688668,-7.090009,1701.04 
106.686975,-7.090630,1704.54 
106.685283,-7.091251,1708.04 
106.683590,-7.091873,1711.55 
106.681898,-7.092494,1715.05 
106.680205,-7.093116,1718.56 
106.678513,-7.093737,1722.07 
106.676820,-7.094359,1725.58 
106.675127,-7.094980,1729.09 
106.673435,-7.095602,1732.60 
106.671742,-7.096223,1736.12 
106.670050,-7.096845,1739.63 
106.668357,-7.097466,1743.15 
106.666665,-7.098087,1746.67 
106.664972,-7.098709,1750.19 
106.663279,-7.099330,1753.71 
106.661587,-7.099952,1757.23 
106.659894,-7.100573,1760.76 
106.658202,-7.101194,1764.28 
106.656509,-7.101816,1767.80 
106.654816,-7.102437,1771.33 
106.653124,-7.103058,1774.85 
106.651431,-7.103680,1778.38 
106.649738,-7.104301,1781.91 
106.648046,-7.104923,1785.44 
106.646353,-7.105544,1788.96 
106.644660,-7.106165,1792.49 
106.642968,-7.106787,1796.02 
106.641275,-7.107408,1799.55 
106.639582,-7.108029,1803.08 
106.637890,-7.108650,1806.60 
106.636197,-7.109272,1810.13 
106.634504,-7.109893,1813.66 
106.632812,-7.110514,1817.19 
106.631119,-7.111136,1820.71 
106.629426,-7.111757,1824.24 
106.627734,-7.112378,1827.76 
106.626041,-7.112999,1831.29 
106.624348,-7.113621,1834.81 
106.622656,-7.114242,1838.33 
106.620963,-7.114863,1841.85 
106.619270,-7.115484,1845.37 
106.617577,-7.116106,1848.89 
106.615885,-7.116727,1852.40 
106.614192,-7.117348,1855.91 
106.612499,-7.117969,1859.42 
106.610806,-7.118591,1862.93 
106.609114,-7.119212,1866.43 
106.607421,-7.119833,1869.93 
106.605728,-7.120454,1873.43 
106.604035,-7.121075,1876.92 
106.602343,-7.121697,1880.41 
106.600650,-7.122318,1883.90 
106.598957,-7.122939,1887.38 
106.597264,-7.123560,1890.85 
106.595572,-7.124181,1894.32 
106.593879,-7.124802,1897.78 
106.592186,-7.125424,1901.24 
106.590493,-7.126045,1904.69 
106.588800,-7.126666,1908.13 
106.587108,-7.127287,1911.56 
106.585415,-7.127908,1914.99 
106.583722,-7.128529,1918.40 
106.582029,-7.129150,1921.81 
106.580336,-7.129771,1925.20 
106.578643,-7.130392,1928.58 
106.576951,-7.131014,1931.94 
106.575258,-7.131635,1935.30 
106.573565,-7.132256,1938.63 
106.571872,-7.132877,1941.95 
106.570179,-7.133498,1945.24 
106.568486,-7.134119,1948.52 
106.566793,-7.134740,1951.77 
106.565101,-7.135361,1955.00 
106.563408,-7.135982,1958.19 
106.561715,-7.136603,1961.35 
106.560022,-7.137224,1964.47 
106.558329,-7.137845,1967.54 
106.556636,-7.138466,1970.56 
106.554943,-7.139087,1973.52 
106.553250,-7.139708,1976.40 
106.551558,-7.140329,1979.19 
106.549865,-7.140950,1981.87 
106.548172,-7.141571,1984.38 
106.546479,-7.142192,1986.67 
106.544786,-7.142813,1988.61 
106.543093,-7.143434,1989.87 
106.541400,-7.144055,1987.00 
106.541400,-7.144055,1987.00 
106.543093,-7.143434,1975.78 
106.544786,-7.142813,1968.70 
106.546479,-7.142192,1962.31 
106.548172,-7.141571,1956.28 
106.549865,-7.140950,1950.48 
106.551558,-7.140329,1944.85 
106.553250,-7.139708,1939.34 
106.554943,-7.139087,1933.94 
106.556636,-7.138466,1928.62 
106.558329,-7.137845,1923.38 
106.560022,-7.137224,1918.20 
106.561715,-7.136603,1913.07 
106.563408,-7.135982,1907.99 
106.565101,-7.135361,1902.95 
106.566793,-7.134740,1897.96 
106.568486,-7.134119,1893.00 
106.570179,-7.133498,1888.08 
106.571872,-7.132877,1883.18 
106.573565,-7.132256,1878.32 
106.575258,-7.131635,1873.48 
106.576951,-7.131014,1868.67 
106.578643,-7.130392,1863.88 
106.580336,-7.129771,1859.11 
106.582029,-7.129150,1854.37 
106.583722,-7.128529,1849.65 
106.585415,-7.127908,1844.95 
106.587108,-7.127287,1840.26 
106.588800,-7.126666,1835.60 
106.590493,-7.126045,1830.95 
106.592186,-7.125424,1826.32 
106.593879,-7.124802,1821.71 
106.595572,-7.124181,1817.11 
106.597264,-7.123560,1812.53 
106.598957,-7.122939,1807.96 
106.600650,-7.122318,1803.41 
106.602343,-7.121697,1798.87 
106.604035,-7.121075,1794.35 
106.605728,-7.120454,1789.83 
106.607421,-7.119833,1785.34 
106.609114,-7.119212,1780.85 
106.610806,-7.118591,1776.38 
106.612499,-7.117969,1771.92 
106.614192,-7.117348,1767.47 
106.615885,-7.116727,1763.03 
106.617577,-7.116106,1758.61 
106.619270,-7.115484,1754.20 
106.620963,-7.114863,1749.79 
106.622656,-7.114242,1745.40 
106.624348,-7.113621,1741.02 
106.626041,-7.112999,1736.65 
106.627734,-7.112378,1732.29 
106.629426,-7.111757,1727.94 
106.631119,-7.111136,1723.60 
106.632812,-7.110514,1719.28 
106.634504,-7.109893,1714.96 
106.636197,-7.109272,1710.65 
106.637890,-7.108650,1706.35 
106.639582,-7.108029,1702.06 
106.641275,-7.107408,1697.78 
106.642968,-7.106787,1693.51 
106.644660,-7.106165,1689.25 
106.646353,-7.105544,1685.00 
106.648046,-7.104923,1680.75 
106.649738,-7.104301,1676.52 
106.651431,-7.103680,1672.29 
106.653124,-7.103058,1668.08 
106.654816,-7.102437,1663.87 
106.656509,-7.101816,1659.67 
106.658202,-7.101194,1655.48 
106.659894,-7.100573,1651.30 
106.661587,-7.099952,1647.12 
106.663279,-7.099330,1642.96 
106.664972,-7.098709,1638.80 
106.666665,-7.098087,1634.65 
106.668357,-7.097466,1630.51 
106.670050,-7.096845,1626.38 
106.671742,-7.096223,1622.26 
106.673435,-7.095602,1618.14 
106.675127,-7.094980,1614.03 
106.676820,-7.094359,1609.93 
106.678513,-7.093737,1605.84 
106.680205,-7.093116,1601.75 
106.681898,-7.092494,1597.68 
106.683590,-7.091873,1593.61 
106.685283,-7.091251,1589.55 
106.686975,-7.090630,1585.49 
106.688668,-7.090009,1581.45 
106.690360,-7.089387,1577.41 
106.692053,-7.088766,1573.38 
106.693746,-7.088144,1569.35 
106.695438,-7.087523,1565.34 
106.697131,-7.086901,1561.33 
106.698823,-7.086279,1557.33 
106.700516,-7.085658,1553.33 
106.702208,-7.085036,1549.35 
106.703901,-7.084415,1545.37 
106.705593,-7.083793,1541.40 
106.707286,-7.083172,1537.43 
106.708978,-7.082550,1533.47 
106.710670,-7.081929,1529.52 
106.712363,-7.081307,1525.58 
106.714055,-7.080685,1521.64 
106.715748,-7.080064,1517.71 
106.717440,-7.079442,1513.79 
106.719133,-7.078821,1509.88 
106.720825,-7.078199,1505.97 
106.722518,-7.077577,1502.07 
106.724210,-7.076956,1498.17 
106.725903,-7.076334,1494.28 
106.727595,-7.075713,1490.40 
106.729287,-7.075091,1486.53 
106.730980,-7.074469,1482.66 
106.732672,-7.073848,1478.80 
106.734365,-7.073226,1474.95 
106.736057,-7.072604,1471.11 
106.737750,-7.071983,1467.27 
106.739442,-7.071361,1463.43 
106.741134,-7.070739,1459.61 
106.742827,-7.070118,1455.79 
106.744519,-7.069496,1451.98 
106.746211,-7.068874,1448.17 
106.747904,-7.068253,1444.37 
106.749596,-7.067631,1440.58 
106.751289,-7.067009,1436.79 
106.752981,-7.066387,1433.01 
106.754673,-7.065766,1429.24 
106.756366,-7.065144,1425.48 
106.758058,-7.064522,1421.72 
106.759750,-7.063900,1417.96 
106.761443,-7.063279,1414.22 
106.763135,-7.062657,1410.48 
106.764827,-7.062035,1406.74 
106.766520,-7.061413,1403.02 
106.768212,-7.060792,1399.30 
106.769904,-7.060170,1395.58 
106.771597,-7.059548,1391.88 
106.773289,-7.058926,1388.18 
106.774981,-7.058305,1384.48 
106.776674,-7.057683,1380.79 
106.778366,-7.057061,1377.11 
106.780058,-7.056439,1373.44 
106.781750,-7.055817,1369.77 
106.783443,-7.055195,1366.11 
106.785135,-7.054574,1362.45 
106.786827,-7.053952,1358.80 
106.788520,-7.053330,1355.16 
106.790212,-7.052708,1351.52 
106.791904,-7.052086,1347.89 
106.793596,-7.051464,1344.27 
106.795289,-7.050842,1340.65 
106.796981,-7.050221,1337.04 
106.798673,-7.049599,1333.43 
106.800365,-7.048977,1329.83 
106.802058,-7.048355,1326.24 
106.803750,-7.047733,1322.66 
106.805442,-7.047111,1319.08 
106.807134,-7.046489,1315.50 
106.808826,-7.045867,1311.93 
106.810519,-7.045245,1308.37 
106.812211,-7.044623,1304.82 
106.813903,-7.044001,1301.27 
106.815595,-7.043380,1297.73 
106.817287,-7.042758,1294.19 
106.818980,-7.042136,1290.66 
106.820672,-7.041514,1287.14 
106.822364,-7.040892,1283.62 
106.824056,-7.040270,1280.11 
106.825748,-7.039648,1276.60 
106.827441,-7.039026,1273.10 
106.829133,-7.038404,1269.61 
106.830825,-7.037782,1266.12 
106.832517,-7.037160,1262.64 
106.834209,-7.036538,1259.17 
106.835901,-7.035916,1255.70 
106.837593,-7.035294,1252.23 
106.839286,-7.034672,1248.78 
106.840978,-7.034050,1245.33 
106.842670,-7.033428,1241.88 
106.844362,-7.032805,1238.45 
106.846054,-7.032183,1235.01 
106.847746,-7.031561,1231.59 
106.849438,-7.030939,1228.17 
106.851130,-7.030317,1224.75 
106.852822,-7.029695,1221.35 
106.854515,-7.029073,1217.95 
106.856207,-7.028451,1214.55 
106.857899,-7.027829,1211.16 
106.859591,-7.027207,1207.78 
106.861283,-7.026585,1204.40 
106.862975,-7.025963,1201.03 
106.864667,-7.025340,1197.66 
106.866359,-7.024718,1194.30 
106.868051,-7.024096,1190.95 
106.869743,-7.023474,1187.60 
106.871435,-7.022852,1184.26 
106.873127,-7.022230,1180.93 
106.874819,-7.021608,1177.60 
106.876511,-7.020985,1174.28 
106.878203,-7.020363,1170.96 
106.879895,-7.019741,1167.65 
106.881587,-7.019119,1164.34 
106.883279,-7.018497,1161.05 
106.884971,-7.017875,1157.75 
106.886663,-7.017252,1154.47 
106.888355,-7.016630,1151.18 
106.890047,-7.016008,1147.91 
106.891739,-7.015386,1144.64 
106.893431,-7.014763,1141.38 
106.895123,-7.014141,1138.12 
106.896815,-7.013519,1134.87 
106.898507,-7.012897,1131.63 
106.900199,-7.012274,1128.39 
106.901891,-7.011652,1125.15 
106.903583,-7.011030,1121.93 
106.905275,-7.010408,1118.71 
106.906967,-7.009785,1115.49 
106.908659,-7.009163,1112.28 
106.910351,-7.008541,1109.08 
106.912043,-7.007919,1105.88 
106.913735,-7.007296,1102.69 
106.915427,-7.006674,1099.50 
106.917119,-7.006052,1096.33 
106.918811,-7.005429,1093.15 
106.920503,-7.004807,1089.98 
106.922195,-7.004185,1086.82 
106.923886,-7.003562,1083.67 
106.925578,-7.002940,1080.52 
106.927270,-7.002318,1077.37 
106.928962,-7.001695,1074.24 
106.930654,-7.001073,1071.11 
106.932346,-7.000451,1067.98 
106.934038,-6.999828,1064.86 
106.935730,-6.999206,1061.75 
106.937422,-6.998583,1058.64 
106.939113,-6.997961,1055.54 
106.940805,-6.997339,1052.44 
106.942497,-6.996716,1049.35 
106.944189,-6.996094,1046.27 
106.945881,-6.995471,1043.19 
106.947573,-6.994849,1040.12 
106.949264,-6.994227,1037.05 
106.950956,-6.993604,1033.99 
106.952648,-6.992982,1030.93 
106.954340,-6.992359,1027.89 
106.956032,-6.991737,1024.84 
106.957724,-6.991114,1021.81 
106.959415,-6.990492,1018.78 
106.961107,-6.989869,1015.75 
106.962799,-6.989247,1012.73 
106.964491,-6.988625,1009.72 
106.966183,-6.988002,1006.71 
106.967874,-6.987380,1003.71 
106.969566,-6.986757,1000.72 
106.971258,-6.986135,997.73 
106.972950,-6.985512,994.74 
106.974642,-6.984890,991.77 
106.976333,-6.984267,988.79 
106.978025,-6.983644,985.83 
106.979717,-6.983022,982.87 
106.981409,-6.982399,979.92 
106.983100,-6.981777,976.97 
106.984792,-6.981154,974.03 
106.986484,-6.980532,971.09 
106.988176,-6.979909,968.16 
106.989867,-6.979287,965.24 
106.991559,-6.978664,962.32 
106.993251,-6.978041,959.41 
106.994942,-6.977419,956.50 
106.996634,-6.976796,953.60 
106.998326,-6.976174,950.71 
107.000018,-6.975551,947.82 
107.001709,-6.974928,944.93 
107.003401,-6.974306,942.06 
107.005093,-6.973683,939.19 
107.006784,-6.973061,936.32 
107.008476,-6.972438,933.46 
107.010168,-6.971815,930.61 
107.011859,-6.971193,927.77 
107.013551,-6.970570,924.92 
107.015243,-6.969947,922.09 
107.016934,-6.969325,919.26 
107.018626,-6.968702,916.44 
107.020318,-6.968079,913.62 
107.022009,-6.967457,910.81 
107.023701,-6.966834,908.01 
107.025393,-6.966211,905.21 
107.027084,-6.965589,902.41 
107.028776,-6.964966,899.63 
107.030467,-6.964343,896.85 
107.032159,-6.963720,894.07 
107.033851,-6.963098,891.30 
107.035542,-6.962475,888.54 
107.037234,-6.961852,885.78 
107.038925,-6.961229,883.03 
107.040617,-6.960607,880.28 
107.042309,-6.959984,877.55 
107.044000,-6.959361,874.81 
107.045692,-6.958738,872.09 
107.047383,-6.958116,869.36 
107.049075,-6.957493,866.65 
107.050767,-6.956870,863.94 
107.052458,-6.956247,861.24 
107.054150,-6.955625,858.54 
107.055841,-6.955002,855.85 
107.057533,-6.954379,853.16 
107.059224,-6.953756,850.48 
107.060916,-6.953133,847.81 
107.062607,-6.952510,845.14 
107.064299,-6.951888,842.48 
107.065990,-6.951265,839.83 
107.067682,-6.950642,837.18 
107.069374,-6.950019,834.54 
107.071065,-6.949396,831.90 
107.072757,-6.948773,829.27 
107.074448,-6.948150,826.65 
107.076140,-6.947528,824.03 
107.077831,-6.946905,821.41 
107.079523,-6.946282,818.81 
107.081214,-6.945659,816.21 
107.082906,-6.945036,813.61 
107.084597,-6.944413,811.03 
107.086288,-6.943790,808.44 
107.087980,-6.943167,805.87 
107.089671,-6.942544,803.30 
107.091363,-6.941921,800.73 
107.093054,-6.941299,798.18 
107.094746,-6.940676,795.63 
107.096437,-6.940053,793.08 
107.098129,-6.939430,790.54 
107.099820,-6.938807,788.01 
107.101512,-6.938184,785.48 
107.103203,-6.937561,782.96 
107.104894,-6.936938,780.45 
107.106586,-6.936315,777.94 
107.108277,-6.935692,775.44 
107.109969,-6.935069,772.94 
107.111660,-6.934446,770.45 
107.113351,-6.933823,767.97 
107.115043,-6.933200,765.49 
107.116734,-6.932577,763.02 
107.118426,-6.931954,760.55 
107.120117,-6.931331,758.09 
107.121808,-6.930708,755.64 
107.123500,-6.930085,753.20 
107.125191,-6.929462,750.76 
107.126883,-6.928839,748.32 
107.128574,-6.928215,745.89 
107.130265,-6.927592,743.47 
107.131957,-6.926969,741.06 
107.133648,-6.926346,738.65 
107.135339,-6.925723,736.25 
107.137031,-6.925100,733.85 
107.138722,-6.924477,731.46 
107.140413,-6.923854,729.08 
107.142105,-6.923231,726.70 
107.143796,-6.922608,724.33 
107.145487,-6.921985,721.97 
107.147179,-6.921361,719.61 
107.148870,-6.920738,717.26 
107.150561,-6.920115,714.91 
107.152253,-6.919492,712.57 
107.153944,-6.918869,710.24 
107.155635,-6.918246,707.92 
107.157326,-6.917623,705.60 
107.159018,-6.916999,703.28 
107.160709,-6.916376,700.98 
107.162400,-6.915753,698.68 
107.164091,-6.915130,696.38 
107.165783,-6.914507,694.10 
107.167474,-6.913883,691.82 
107.169165,-6.913260,689.54 
107.170857,-6.912637,687.28 
107.172548,-6.912014,685.02 
107.174239,-6.911391,682.76 
107.175930,-6.910767,680.51 
107.177621,-6.910144,678.27 
107.179313,-6.909521,676.04 
107.181004,-6.908898,673.81 
107.182695,-6.908274,671.59 
107.184386,-6.907651,669.38 
107.186078,-6.907028,667.17 
107.187769,-6.906405,664.97 
107.189460,-6.905781,662.77 
107.191151,-6.905158,660.59 
107.192842,-6.904535,658.41 
107.194534,-6.903911,656.23 
107.196225,-6.903288,654.06 
107.197916,-6.902665,651.90 
107.199607,-6.902042,649.75 
107.201298,-6.901418,647.60 
107.202989,-6.900795,645.46 
107.204681,-6.900172,643.33 
107.206372,-6.899548,641.21 
107.208063,-6.898925,639.09 
107.209754,-6.898302,636.98 
107.211445,-6.897678,634.87 
107.213136,-6.897055,632.77 
107.214827,-6.896431,630.68 
107.216519,-6.895808,628.60 
107.218210,-6.895185,626.52 
107.219901,-6.894561,624.45 
107.221592,-6.893938,622.39 
107.223283,-6.893315,620.34 
107.224974,-6.892691,618.29 
107.226665,-6.892068,616.25 
107.228356,-6.891444,614.21 
107.230048,-6.890821,612.19 
107.231739,-6.890197,610.17 
107.233430,-6.889574,608.16 
107.235121,-6.888951,606.15 
107.236812,-6.888327,604.16 
107.238503,-6.887704,602.17 
107.240194,-6.887080,600.19 
107.241885,-6.886457,598.21 
107.243576,-6.885833,596.25 
107.245267,-6.885210,594.29 
107.246958,-6.884586,592.34 
107.248649,-6.883963,590.39 
107.250340,-6.883339,588.46 
107.252031,-6.882716,586.53 
107.253722,-6.882092,584.61 
107.255413,-6.881469,582.70 
107.257104,-6.880845,580.80 
107.258795,-6.880222,578.90 
107.260486,-6.879598,577.01 
107.262177,-6.878975,575.13 
107.263868,-6.878351,573.26 
107.265559,-6.877728,571.40 
107.267250,-6.877104,569.54 
107.268941,-6.876481,567.70 
107.270632,-6.875857,565.86 
107.272323,-6.875233,564.03 
107.274014,-6.874610,562.21 
107.275705,-6.873986,560.40 
107.277396,-6.873363,558.59 
107.279087,-6.872739,556.80 
107.280778,-6.872116,555.01 
107.282469,-6.871492,553.24 
107.284160,-6.870868,551.47 
107.285851,-6.870245,549.71 
107.287542,-6.869621,547.96 
107.289233,-6.868997,546.22 
107.290924,-6.868374,544.49 
107.292615,-6.867750,542.77 
107.294306,-6.867127,541.06 
107.295997,-6.866503,539.36 
107.297688,-6.865879,537.66 
107.299379,-6.865256,535.98 
107.301070,-6.864632,534.31 
107.302760,-6.864008,532.65 
107.304451,-6.863385,531.00 
107.306142,-6.862761,529.36 
107.307833,-6.862137,527.73 
107.309524,-6.861513,526.12 
107.311215,-6.860890,524.51 
107.312906,-6.860266,522.91 
107.314597,-6.859642,521.33 
107.316287,-6.859019,519.76 
107.317978,-6.858395,518.20 
107.319669,-6.857771,516.65 
107.321360,-6.857147,515.12 
107.323051,-6.856524,513.59 
107.324742,-6.855900,512.09 
107.326433,-6.855276,510.59 
107.328123,-6.854652,509.11 
107.329814,-6.854029,507.64 
107.331505,-6.853405,506.19 
107.333196,-6.852781,504.75 
107.334887,-6.852157,503.33 
107.336578,-6.851534,501.92 
107.338268,-6.850910,500.53 
107.339959,-6.850286,499.16 
107.341650,-6.849662,497.80 
107.343341,-6.849038,496.47 
107.345032,-6.848414,495.15 
107.346722,-6.847791,493.85 
107.348413,-6.847167,492.57 
107.350104,-6.846543,491.32 
107.351795,-6.845919,490.09 
107.353485,-6.845295,488.88 
107.355176,-6.844671,487.70 
107.356867,-6.844048,486.54 
107.358558,-6.843424,485.42 
107.360249,-6.842800,484.32 
107.361939,-6.842176,483.26 
107.363630,-6.841552,482.23 
107.365321,-6.840928,481.25 
107.367012,-6.840304,480.31 
107.368702,-6.839680,479.42 
107.370393,-6.839056,478.58 
107.372084,-6.838433,477.80 
107.373774,-6.837809,477.10 
107.375465,-6.837185,476.48 
107.377156,-6.836561,475.97 
107.378847,-6.835937,475.58 
107.380537,-6.835313,475.36 
107.382228,-6.834689,475.37 
107.383919,-6.834065,475.74 
107.385609,-6.833441,476.80 
107.387300,-6.832817,482.00 
</coordinates></LineString></Placemark>
<Placemark><name>1.0F2</name>
<LookAt><altitudeMode>absolute</altitudeMode><longitude> 106.964490817459</longitude><latitude>-6.98862452828858</latitude><altitude> 1088.58232027939</altitude><range> 99580.0000000000</range><tilt>80.0</tilt><heading> 159.6100000000000</heading></LookAt>
<visibility>0</visibility><Style><LineStyle><color>b00000ff</color><width>2</width></LineStyle></Style>
<LineString><altitudeMode>absolute</altitudeMode><coordinates>
107.387300,-6.832817,482.00 
107.385609,-6.833441,493.81 
107.383919,-6.834065,499.77 
107.382228,-6.834689,504.78 
107.380537,-6.835313,509.28 
107.378847,-6.835937,513.47 
107.377156,-6.836561,517.43 
107.375465,-6.837185,521.22 
107.373774,-6.837809,524.88 
107.372084,-6.838433,528.43 
107.370393,-6.839056,531.89 
107.368702,-6.839680,535.27 
107.367012,-6.840304,538.59 
107.365321,-6.840928,541.85 
107.363630,-6.841552,545.05 
107.361939,-6.842176,548.22 
107.360249,-6.842800,551.34 
107.358558,-6.843424,554.42 
107.356867,-6.844048,557.48 
107.355176,-6.844671,560.50 
107.353485,-6.845295,563.50 
107.351795,-6.845919,566.47 
107.350104,-6.846543,569.42 
107.348413,-6.847167,572.34 
107.346722,-6.847791,575.25 
107.345032,-6.848414,578.14 
107.343341,-6.849038,581.01 
107.341650,-6.849662,583.87 
107.339959,-6.850286,586.71 
107.338268,-6.850910,589.54 
107.336578,-6.851534,592.35 
107.334887,-6.852157,595.16 
107.333196,-6.852781,597.95 
107.331505,-6.853405,600.73 
107.329814,-6.854029,603.50 
107.328123,-6.854652,606.27 
107.326433,-6.855276,609.02 
107.324742,-6.855900,611.77 
107.323051,-6.856524,614.50 
107.321360,-6.857147,617.23 
107.319669,-6.857771,619.96 
107.317978,-6.858395,622.67 
107.316287,-6.859019,625.38 
107.314597,-6.859642,628.09 
107.312906,-6.860266,630.79 
107.311215,-6.860890,633.48 
107.309524,-6.861513,636.17 
107.307833,-6.862137,638.86 
107.306142,-6.862761,641.54 
107.304451,-6.863385,644.21 
107.302760,-6.864008,646.89 
107.301070,-6.864632,649.56 
107.299379,-6.865256,652.22 
107.297688,-6.865879,654.89 
107.295997,-6.866503,657.54 
107.294306,-6.867127,660.20 
107.292615,-6.867750,662.86 
107.290924,-6.868374,665.51 
107.289233,-6.868997,668.16 
107.287542,-6.869621,670.80 
107.285851,-6.870245,673.45 
107.284160,-6.870868,676.09 
107.282469,-6.871492,678.74 
107.280778,-6.872116,681.38 
107.279087,-6.872739,684.01 
107.277396,-6.873363,686.65 
107.275705,-6.873986,689.29 
107.274014,-6.874610,691.92 
107.272323,-6.875233,694.56 
107.270632,-6.875857,697.19 
107.268941,-6.876481,699.82 
107.267250,-6.877104,702.46 
107.265559,-6.877728,705.09 
107.263868,-6.878351,707.72 
107.262177,-6.878975,710.35 
107.260486,-6.879598,712.98 
107.258795,-6.880222,715.61 
107.257104,-6.880845,718.24 
107.255413,-6.881469,720.87 
107.253722,-6.882092,723.50 
107.252031,-6.882716,726.13 
107.250340,-6.883339,728.76 
107.248649,-6.883963,731.39 
107.246958,-6.884586,734.02 
107.245267,-6.885210,736.65 
107.243576,-6.885833,739.28 
107.241885,-6.886457,741.91 
107.240194,-6.887080,744.55 
107.238503,-6.887704,747.18 
107.236812,-6.888327,749.81 
107.235121,-6.888951,752.45 
107.233430,-6.889574,755.08 
107.231739,-6.890197,757.72 
107.230048,-6.890821,760.35 
107.228356,-6.891444,762.99 
107.226665,-6.892068,765.63 
107.224974,-6.892691,768.27 
107.223283,-6.893315,770.91 
107.221592,-6.893938,773.55 
107.219901,-6.894561,776.19 
107.218210,-6.895185,778.84 
107.216519,-6.895808,781.48 
107.214827,-6.896431,784.13 
107.213136,-6.897055,786.77 
107.211445,-6.897678,789.42 
107.209754,-6.898302,792.07 
107.208063,-6.898925,794.72 
107.206372,-6.899548,797.38 
107.204681,-6.900172,800.03 
107.202989,-6.900795,802.69 
107.201298,-6.901418,805.34 
107.199607,-6.902042,808.00 
107.197916,-6.902665,810.66 
107.196225,-6.903288,813.32 
107.194534,-6.903911,815.99 
107.192842,-6.904535,818.65 
107.191151,-6.905158,821.32 
107.189460,-6.905781,823.99 
107.187769,-6.906405,826.66 
107.186078,-6.907028,829.33 
107.184386,-6.907651,832.00 
107.182695,-6.908274,834.68 
107.181004,-6.908898,837.36 
107.179313,-6.909521,840.04 
107.177621,-6.910144,842.72 
107.175930,-6.910767,845.40 
107.174239,-6.911391,848.08 
107.172548,-6.912014,850.77 
107.170857,-6.912637,853.46 
107.169165,-6.913260,856.15 
107.167474,-6.913883,858.84 
107.165783,-6.914507,861.54 
107.164091,-6.915130,864.23 
107.162400,-6.915753,866.93 
107.160709,-6.916376,869.63 
107.159018,-6.916999,872.34 
107.157326,-6.917623,875.04 
107.155635,-6.918246,877.75 
107.153944,-6.918869,880.46 
107.152253,-6.919492,883.17 
107.150561,-6.920115,885.89 
107.148870,-6.920738,888.60 
107.147179,-6.921361,891.32 
107.145487,-6.921985,894.04 
107.143796,-6.922608,896.76 
107.142105,-6.923231,899.49 
107.140413,-6.923854,902.22 
107.138722,-6.924477,904.95 
107.137031,-6.925100,907.68 
107.135339,-6.925723,910.41 
107.133648,-6.926346,913.15 
107.131957,-6.926969,915.89 
107.130265,-6.927592,918.63 
107.128574,-6.928215,921.37 
107.126883,-6.928839,924.12 
107.125191,-6.929462,926.87 
107.123500,-6.930085,929.62 
107.121808,-6.930708,932.37 
107.120117,-6.931331,935.13 
107.118426,-6.931954,937.88 
107.116734,-6.932577,940.65 
107.115043,-6.933200,943.41 
107.113351,-6.933823,946.17 
107.111660,-6.934446,948.94 
107.109969,-6.935069,951.71 
107.108277,-6.935692,954.49 
107.106586,-6.936315,957.26 
107.104894,-6.936938,960.04 
107.103203,-6.937561,962.82 
107.101512,-6.938184,965.60 
107.099820,-6.938807,968.39 
107.098129,-6.939430,971.18 
107.096437,-6.940053,973.97 
107.094746,-6.940676,976.76 
107.093054,-6.941299,979.56 
107.091363,-6.941921,982.36 
107.089671,-6.942544,985.16 
107.087980,-6.943167,987.96 
107.086288,-6.943790,990.77 
107.084597,-6.944413,993.58 
107.082906,-6.945036,996.39 
107.081214,-6.945659,999.21 
107.079523,-6.946282,1002.02 
107.077831,-6.946905,1004.84 
107.076140,-6.947528,1007.67 
107.074448,-6.948150,1010.49 
107.072757,-6.948773,1013.32 
107.071065,-6.949396,1016.15 
107.069374,-6.950019,1018.98 
107.067682,-6.950642,1021.82 
107.065990,-6.951265,1024.66 
107.064299,-6.951888,1027.50 
107.062607,-6.952510,1030.34 
107.060916,-6.953133,1033.19 
107.059224,-6.953756,1036.04 
107.057533,-6.954379,1038.89 
107.055841,-6.955002,1041.75 
107.054150,-6.955625,1044.61 
107.052458,-6.956247,1047.47 
107.050767,-6.956870,1050.33 
107.049075,-6.957493,1053.20 
107.047383,-6.958116,1056.06 
107.045692,-6.958738,1058.94 
107.044000,-6.959361,1061.81 
107.042309,-6.959984,1064.69 
107.040617,-6.960607,1067.57 
107.038925,-6.961229,1070.45 
107.037234,-6.961852,1073.34 
107.035542,-6.962475,1076.23 
107.033851,-6.963098,1079.12 
107.032159,-6.963720,1082.01 
107.030467,-6.964343,1084.91 
107.028776,-6.964966,1087.81 
107.027084,-6.965589,1090.71 
107.025393,-6.966211,1093.62 
107.023701,-6.966834,1096.52 
107.022009,-6.967457,1099.43 
107.020318,-6.968079,1102.35 
107.018626,-6.968702,1105.27 
107.016934,-6.969325,1108.18 
107.015243,-6.969947,1111.11 
107.013551,-6.970570,1114.03 
107.011859,-6.971193,1116.96 
107.010168,-6.971815,1119.89 
107.008476,-6.972438,1122.83 
107.006784,-6.973061,1125.76 
107.005093,-6.973683,1128.70 
107.003401,-6.974306,1131.64 
107.001709,-6.974928,1134.59 
107.000018,-6.975551,1137.54 
106.998326,-6.976174,1140.49 
106.996634,-6.976796,1143.44 
106.994942,-6.977419,1146.40 
106.993251,-6.978041,1149.36 
106.991559,-6.978664,1152.32 
106.989867,-6.979287,1155.29 
106.988176,-6.979909,1158.25 
106.986484,-6.980532,1161.23 
106.984792,-6.981154,1164.20 
106.983100,-6.981777,1167.18 
106.981409,-6.982399,1170.16 
106.979717,-6.983022,1173.14 
106.978025,-6.983644,1176.12 
106.976333,-6.984267,1179.11 
106.974642,-6.984890,1182.10 
106.972950,-6.985512,1185.10 
106.971258,-6.986135,1188.10 
106.969566,-6.986757,1191.10 
106.967874,-6.987380,1194.10 
106.966183,-6.988002,1197.10 
106.964491,-6.988625,1200.11 
106.962799,-6.989247,1203.12 
106.961107,-6.989869,1206.14 
106.959415,-6.990492,1209.16 
106.957724,-6.991114,1212.18 
106.956032,-6.991737,1215.20 
106.954340,-6.992359,1218.22 
106.952648,-6.992982,1221.25 
106.950956,-6.993604,1224.28 
106.949264,-6.994227,1227.32 
106.947573,-6.994849,1230.36 
106.945881,-6.995471,1233.40 
106.944189,-6.996094,1236.44 
106.942497,-6.996716,1239.49 
106.940805,-6.997339,1242.53 
106.939113,-6.997961,1245.59 
106.937422,-6.998583,1248.64 
106.935730,-6.999206,1251.70 
106.934038,-6.999828,1254.76 
106.932346,-7.000451,1257.82 
106.930654,-7.001073,1260.89 
106.928962,-7.001695,1263.96 
106.927270,-7.002318,1267.03 
106.925578,-7.002940,1270.10 
106.923886,-7.003562,1273.18 
106.922195,-7.004185,1276.26 
106.920503,-7.004807,1279.35 
106.918811,-7.005429,1282.43 
106.917119,-7.006052,1285.52 
106.915427,-7.006674,1288.61 
106.913735,-7.007296,1291.71 
106.912043,-7.007919,1294.80 
106.910351,-7.008541,1297.91 
106.908659,-7.009163,1301.01 
106.906967,-7.009785,1304.11 
106.905275,-7.010408,1307.22 
106.903583,-7.011030,1310.34 
106.901891,-7.011652,1313.45 
106.900199,-7.012274,1316.57 
106.898507,-7.012897,1319.69 
106.896815,-7.013519,1322.81 
106.895123,-7.014141,1325.94 
106.893431,-7.014763,1329.07 
106.891739,-7.015386,1332.20 
106.890047,-7.016008,1335.33 
106.888355,-7.016630,1338.47 
106.886663,-7.017252,1341.61 
106.884971,-7.017875,1344.75 
106.883279,-7.018497,1347.90 
106.881587,-7.019119,1351.04 
106.879895,-7.019741,1354.20 
106.878203,-7.020363,1357.35 
106.876511,-7.020985,1360.51 
106.874819,-7.021608,1363.67 
106.873127,-7.022230,1366.83 
106.871435,-7.022852,1369.99 
106.869743,-7.023474,1373.16 
106.868051,-7.024096,1376.33 
106.866359,-7.024718,1379.50 
106.864667,-7.025340,1382.68 
106.862975,-7.025963,1385.86 
106.861283,-7.026585,1389.04 
106.859591,-7.027207,1392.22 
106.857899,-7.027829,1395.41 
106.856207,-7.028451,1398.60 
106.854515,-7.029073,1401.79 
106.852822,-7.029695,1404.99 
106.851130,-7.030317,1408.18 
106.849438,-7.030939,1411.38 
106.847746,-7.031561,1414.59 
106.846054,-7.032183,1417.79 
106.844362,-7.032805,1421.00 
106.842670,-7.033428,1424.21 
106.840978,-7.034050,1427.42 
106.839286,-7.034672,1430.64 
106.837593,-7.035294,1433.86 
106.835901,-7.035916,1437.08 
106.834209,-7.036538,1440.30 
106.832517,-7.037160,1443.53 
106.830825,-7.037782,1446.76 
106.829133,-7.038404,1449.99 
106.827441,-7.039026,1453.22 
106.825748,-7.039648,1456.46 
106.824056,-7.040270,1459.70 
106.822364,-7.040892,1462.94 
106.820672,-7.041514,1466.19 
106.818980,-7.042136,1469.43 
106.817287,-7.042758,1472.68 
106.815595,-7.043380,1475.93 
106.813903,-7.044001,1479.19 
106.812211,-7.044623,1482.45 
106.810519,-7.045245,1485.70 
106.808826,-7.045867,1488.97 
106.807134,-7.046489,1492.23 
106.805442,-7.047111,1495.50 
106.803750,-7.047733,1498.77 
106.802058,-7.048355,1502.04 
106.800365,-7.048977,1505.31 
106.798673,-7.049599,1508.59 
106.796981,-7.050221,1511.87 
106.795289,-7.050842,1515.15 
106.793596,-7.051464,1518.43 
106.791904,-7.052086,1521.72 
106.790212,-7.052708,1525.01 
106.788520,-7.053330,1528.30 
106.786827,-7.053952,1531.59 
106.785135,-7.054574,1534.88 
106.783443,-7.055195,1538.18 
106.781750,-7.055817,1541.48 
106.780058,-7.056439,1544.78 
106.778366,-7.057061,1548.09 
106.776674,-7.057683,1551.39 
106.774981,-7.058305,1554.70 
106.773289,-7.058926,1558.01 
106.771597,-7.059548,1561.32 
106.769904,-7.060170,1564.64 
106.768212,-7.060792,1567.95 
106.766520,-7.061413,1571.27 
106.764827,-7.062035,1574.59 
106.763135,-7.062657,1577.92 
106.761443,-7.063279,1581.24 
106.759750,-7.063900,1584.57 
106.758058,-7.064522,1587.90 
106.756366,-7.065144,1591.23 
106.754673,-7.065766,1594.56 
106.752981,-7.066387,1597.90 
106.751289,-7.067009,1601.24 
106.749596,-7.067631,1604.58 
106.747904,-7.068253,1607.92 
106.746211,-7.068874,1611.26 
106.744519,-7.069496,1614.60 
106.742827,-7.070118,1617.95 
106.741134,-7.070739,1621.30 
106.739442,-7.071361,1624.65 
106.737750,-7.071983,1628.00 
106.736057,-7.072604,1631.35 
106.734365,-7.073226,1634.71 
106.732672,-7.073848,1638.06 
106.730980,-7.074469,1641.42 
106.729287,-7.075091,1644.78 
106.727595,-7.075713,1648.14 
106.725903,-7.076334,1651.51 
106.724210,-7.076956,1654.87 
106.722518,-7.077577,1658.24 
106.720825,-7.078199,1661.60 
106.719133,-7.078821,1664.97 
106.717440,-7.079442,1668.34 
106.715748,-7.080064,1671.71 
106.714055,-7.080685,1675.09 
106.712363,-7.081307,1678.46 
106.710670,-7.081929,1681.84 
106.708978,-7.082550,1685.21 
106.707286,-7.083172,1688.59 
106.705593,-7.083793,1691.97 
106.703901,-7.084415,1695.35 
106.702208,-7.085036,1698.73 
106.700516,-7.085658,1702.11 
106.698823,-7.086279,1705.49 
106.697131,-7.086901,1708.88 
106.695438,-7.087523,1712.26 
106.693746,-7.088144,1715.65 
106.692053,-7.088766,1719.03 
106.690360,-7.089387,1722.42 
106.688668,-7.090009,1725.81 
106.686975,-7.090630,1729.19 
106.685283,-7.091251,1732.58 
106.683590,-7.091873,1735.97 
106.681898,-7.092494,1739.36 
106.680205,-7.093116,1742.75 
106.678513,-7.093737,1746.14 
106.676820,-7.094359,1749.53 
106.675127,-7.094980,1752.92 
106.673435,-7.095602,1756.31 
106.671742,-7.096223,1759.70 
106.670050,-7.096845,1763.09 
106.668357,-7.097466,1766.48 
106.666665,-7.098087,1769.87 
106.664972,-7.098709,1773.26 
106.663279,-7.099330,1776.65 
106.661587,-7.099952,1780.04 
106.659894,-7.100573,1783.42 
106.658202,-7.101194,1786.81 
106.656509,-7.101816,1790.20 
106.654816,-7.102437,1793.58 
106.653124,-7.103058,1796.97 
106.651431,-7.103680,1800.35 
106.649738,-7.104301,1803.73 
106.648046,-7.104923,1807.12 
106.646353,-7.105544,1810.50 
106.644660,-7.106165,1813.87 
106.642968,-7.106787,1817.25 
106.641275,-7.107408,1820.62 
106.639582,-7.108029,1824.00 
106.637890,-7.108650,1827.37 
106.636197,-7.109272,1830.74 
106.634504,-7.109893,1834.10 
106.632812,-7.110514,1837.46 
106.631119,-7.111136,1840.83 
106.629426,-7.111757,1844.18 
106.627734,-7.112378,1847.54 
106.626041,-7.112999,1850.89 
106.624348,-7.113621,1854.23 
106.622656,-7.114242,1857.58 
106.620963,-7.114863,1860.92 
106.619270,-7.115484,1864.25 
106.617577,-7.116106,1867.58 
106.615885,-7.116727,1870.91 
106.614192,-7.117348,1874.23 
106.612499,-7.117969,1877.54 
106.610806,-7.118591,1880.85 
106.609114,-7.119212,1884.16 
106.607421,-7.119833,1887.45 
106.605728,-7.120454,1890.74 
106.604035,-7.121075,1894.03 
106.602343,-7.121697,1897.30 
106.600650,-7.122318,1900.57 
106.598957,-7.122939,1903.82 
106.597264,-7.123560,1907.07 
106.595572,-7.124181,1910.31 
106.593879,-7.124802,1913.54 
106.592186,-7.125424,1916.75 
106.590493,-7.126045,1919.96 
106.588800,-7.126666,1923.15 
106.587108,-7.127287,1926.33 
106.585415,-7.127908,1929.49 
106.583722,-7.128529,1932.64 
106.582029,-7.129150,1935.77 
106.580336,-7.129771,1938.88 
106.578643,-7.130392,1941.98 
106.576951,-7.131014,1945.05 
106.575258,-7.131635,1948.10 
106.573565,-7.132256,1951.12 
106.571872,-7.132877,1954.12 
106.570179,-7.133498,1957.08 
106.568486,-7.134119,1960.02 
106.566793,-7.134740,1962.92 
106.565101,-7.135361,1965.77 
106.563408,-7.135982,1968.59 
106.561715,-7.136603,1971.35 
106.560022,-7.137224,1974.05 
106.558329,-7.137845,1976.69 
106.556636,-7.138466,1979.25 
106.554943,-7.139087,1981.72 
106.553250,-7.139708,1984.08 
106.551558,-7.140329,1986.31 
106.549865,-7.140950,1988.37 
106.548172,-7.141571,1990.20 
106.546479,-7.142192,1991.72 
106.544786,-7.142813,1992.73 
106.543093,-7.143434,1992.79 
106.541400,-7.144055,1987.00 
106.541400,-7.144055,1987.00 
106.543093,-7.143434,1972.86 
106.544786,-7.142813,1964.58 
106.546479,-7.142192,1957.26 
106.548172,-7.141571,1950.46 
106.549865,-7.140950,1943.98 
106.551558,-7.140329,1937.73 
106.553250,-7.139708,1931.67 
106.554943,-7.139087,1925.74 
106.556636,-7.138466,1919.94 
106.558329,-7.137845,1914.23 
106.560022,-7.137224,1908.61 
106.561715,-7.136603,1903.07 
106.563408,-7.135982,1897.59 
106.565101,-7.135361,1892.18 
106.566793,-7.134740,1886.81 
106.568486,-7.134119,1881.50 
106.570179,-7.133498,1876.24 
106.571872,-7.132877,1871.01 
106.573565,-7.132256,1865.83 
106.575258,-7.131635,1860.68 
106.576951,-7.131014,1855.56 
106.578643,-7.130392,1850.48 
106.580336,-7.129771,1845.43 
106.582029,-7.129150,1840.41 
106.583722,-7.128529,1835.41 
106.585415,-7.127908,1830.44 
106.587108,-7.127287,1825.50 
106.588800,-7.126666,1820.58 
106.590493,-7.126045,1815.68 
106.592186,-7.125424,1810.81 
106.593879,-7.124802,1805.95 
106.595572,-7.124181,1801.12 
106.597264,-7.123560,1796.31 
106.598957,-7.122939,1791.51 
106.600650,-7.122318,1786.74 
106.602343,-7.121697,1781.98 
106.604035,-7.121075,1777.24 
106.605728,-7.120454,1772.52 
106.607421,-7.119833,1767.82 
106.609114,-7.119212,1763.13 
106.610806,-7.118591,1758.45 
106.612499,-7.117969,1753.80 
106.614192,-7.117348,1749.15 
106.615885,-7.116727,1744.53 
106.617577,-7.116106,1739.91 
106.619270,-7.115484,1735.31 
106.620963,-7.114863,1730.73 
106.622656,-7.114242,1726.16 
106.624348,-7.113621,1721.60 
106.626041,-7.112999,1717.05 
106.627734,-7.112378,1712.52 
106.629426,-7.111757,1708.00 
106.631119,-7.111136,1703.49 
106.632812,-7.110514,1699.00 
106.634504,-7.109893,1694.52 
106.636197,-7.109272,1690.04 
106.637890,-7.108650,1685.59 
106.639582,-7.108029,1681.14 
106.641275,-7.107408,1676.70 
106.642968,-7.106787,1672.28 
106.644660,-7.106165,1667.87 
106.646353,-7.105544,1663.46 
106.648046,-7.104923,1659.07 
106.649738,-7.104301,1654.69 
106.651431,-7.103680,1650.32 
106.653124,-7.103058,1645.96 
106.654816,-7.102437,1641.61 
106.656509,-7.101816,1637.27 
106.658202,-7.101194,1632.95 
106.659894,-7.100573,1628.63 
106.661587,-7.099952,1624.32 
106.663279,-7.099330,1620.02 
106.664972,-7.098709,1615.73 
106.666665,-7.098087,1611.45 
106.668357,-7.097466,1607.18 
106.670050,-7.096845,1602.92 
106.671742,-7.096223,1598.67 
106.673435,-7.095602,1594.43 
106.675127,-7.094980,1590.20 
106.676820,-7.094359,1585.98 
106.678513,-7.093737,1581.77 
106.680205,-7.093116,1577.56 
106.681898,-7.092494,1573.37 
106.683590,-7.091873,1569.18 
106.685283,-7.091251,1565.01 
106.686975,-7.090630,1560.84 
106.688668,-7.090009,1556.68 
106.690360,-7.089387,1552.53 
106.692053,-7.088766,1548.39 
106.693746,-7.088144,1544.25 
106.695438,-7.087523,1540.13 
106.697131,-7.086901,1536.01 
106.698823,-7.086279,1531.91 
106.700516,-7.085658,1527.81 
106.702208,-7.085036,1523.72 
106.703901,-7.084415,1519.63 
106.705593,-7.083793,1515.56 
106.707286,-7.083172,1511.50 
106.708978,-7.082550,1507.44 
106.710670,-7.081929,1503.39 
106.712363,-7.081307,1499.35 
106.714055,-7.080685,1495.32 
106.715748,-7.080064,1491.29 
106.717440,-7.079442,1487.27 
106.719133,-7.078821,1483.27 
106.720825,-7.078199,1479.26 
106.722518,-7.077577,1475.27 
106.724210,-7.076956,1471.29 
106.725903,-7.076334,1467.31 
106.727595,-7.075713,1463.34 
106.729287,-7.075091,1459.38 
106.730980,-7.074469,1455.43 
106.732672,-7.073848,1451.48 
106.734365,-7.073226,1447.54 
106.736057,-7.072604,1443.61 
106.737750,-7.071983,1439.69 
106.739442,-7.071361,1435.77 
106.741134,-7.070739,1431.87 
106.742827,-7.070118,1427.97 
106.744519,-7.069496,1424.07 
106.746211,-7.068874,1420.19 
106.747904,-7.068253,1416.31 
106.749596,-7.067631,1412.44 
106.751289,-7.067009,1408.58 
106.752981,-7.066387,1404.72 
106.754673,-7.065766,1400.88 
106.756366,-7.065144,1397.04 
106.758058,-7.064522,1393.20 
106.759750,-7.063900,1389.38 
106.761443,-7.063279,1385.56 
106.763135,-7.062657,1381.75 
106.764827,-7.062035,1377.95 
106.766520,-7.061413,1374.15 
106.768212,-7.060792,1370.36 
106.769904,-7.060170,1366.58 
106.771597,-7.059548,1362.80 
106.773289,-7.058926,1359.04 
106.774981,-7.058305,1355.28 
106.776674,-7.057683,1351.52 
106.778366,-7.057061,1347.78 
106.780058,-7.056439,1344.04 
106.781750,-7.055817,1340.31 
106.783443,-7.055195,1336.58 
106.785135,-7.054574,1332.87 
106.786827,-7.053952,1329.16 
106.788520,-7.053330,1325.45 
106.790212,-7.052708,1321.76 
106.791904,-7.052086,1318.07 
106.793596,-7.051464,1314.39 
106.795289,-7.050842,1310.71 
106.796981,-7.050221,1307.04 
106.798673,-7.049599,1303.38 
106.800365,-7.048977,1299.73 
106.802058,-7.048355,1296.08 
106.803750,-7.047733,1292.44 
106.805442,-7.047111,1288.81 
106.807134,-7.046489,1285.18 
106.808826,-7.045867,1281.56 
106.810519,-7.045245,1277.95 
106.812211,-7.044623,1274.34 
106.813903,-7.044001,1270.74 
106.815595,-7.043380,1267.15 
106.817287,-7.042758,1263.56 
106.818980,-7.042136,1259.99 
106.820672,-7.041514,1256.41 
106.822364,-7.040892,1252.85 
106.824056,-7.040270,1249.29 
106.825748,-7.039648,1245.74 
106.827441,-7.039026,1242.20 
106.829133,-7.038404,1238.66 
106.830825,-7.037782,1235.13 
106.832517,-7.037160,1231.60 
106.834209,-7.036538,1228.09 
106.835901,-7.035916,1224.58 
106.837593,-7.035294,1221.07 
106.839286,-7.034672,1217.58 
106.840978,-7.034050,1214.08 
106.842670,-7.033428,1210.60 
106.844362,-7.032805,1207.12 
106.846054,-7.032183,1203.65 
106.847746,-7.031561,1200.19 
106.849438,-7.030939,1196.73 
106.851130,-7.030317,1193.28 
106.852822,-7.029695,1189.84 
106.854515,-7.029073,1186.40 
106.856207,-7.028451,1182.97 
106.857899,-7.027829,1179.55 
106.859591,-7.027207,1176.13 
106.861283,-7.026585,1172.72 
106.862975,-7.025963,1169.32 
106.864667,-7.025340,1165.92 
106.866359,-7.024718,1162.53 
106.868051,-7.024096,1159.15 
106.869743,-7.023474,1155.77 
106.871435,-7.022852,1152.40 
106.873127,-7.022230,1149.03 
106.874819,-7.021608,1145.68 
106.876511,-7.020985,1142.32 
106.878203,-7.020363,1138.98 
106.879895,-7.019741,1135.64 
106.881587,-7.019119,1132.31 
106.883279,-7.018497,1128.99 
106.884971,-7.017875,1125.67 
106.886663,-7.017252,1122.36 
106.888355,-7.016630,1119.05 
106.890047,-7.016008,1115.75 
106.891739,-7.015386,1112.46 
106.893431,-7.014763,1109.18 
106.895123,-7.014141,1105.90 
106.896815,-7.013519,1102.62 
106.898507,-7.012897,1099.36 
106.900199,-7.012274,1096.10 
106.901891,-7.011652,1092.85 
106.903583,-7.011030,1089.60 
106.905275,-7.010408,1086.36 
106.906967,-7.009785,1083.13 
106.908659,-7.009163,1079.90 
106.910351,-7.008541,1076.68 
106.912043,-7.007919,1073.47 
106.913735,-7.007296,1070.26 
106.915427,-7.006674,1067.06 
106.917119,-7.006052,1063.86 
106.918811,-7.005429,1060.68 
106.920503,-7.004807,1057.50 
106.922195,-7.004185,1054.32 
106.923886,-7.003562,1051.15 
106.925578,-7.002940,1047.99 
106.927270,-7.002318,1044.84 
106.928962,-7.001695,1041.69 
106.930654,-7.001073,1038.54 
106.932346,-7.000451,1035.41 
106.934038,-6.999828,1032.28 
106.935730,-6.999206,1029.16 
106.937422,-6.998583,1026.04 
106.939113,-6.997961,1022.93 
106.940805,-6.997339,1019.83 
106.942497,-6.996716,1016.73 
106.944189,-6.996094,1013.64 
106.945881,-6.995471,1010.55 
106.947573,-6.994849,1007.48 
106.949264,-6.994227,1004.40 
106.950956,-6.993604,1001.34 
106.952648,-6.992982,998.28 
106.954340,-6.992359,995.23 
106.956032,-6.991737,992.18 
106.957724,-6.991114,989.14 
106.959415,-6.990492,986.11 
106.961107,-6.989869,983.09 
106.962799,-6.989247,980.07 
106.964491,-6.988625,977.05 
106.966183,-6.988002,974.05 
106.967874,-6.987380,971.05 
106.969566,-6.986757,968.05 
106.971258,-6.986135,965.06 
106.972950,-6.985512,962.08 
106.974642,-6.984890,959.11 
106.976333,-6.984267,956.14 
106.978025,-6.983644,953.18 
106.979717,-6.983022,950.22 
106.981409,-6.982399,947.28 
106.983100,-6.981777,944.33 
106.984792,-6.981154,941.40 
106.986484,-6.980532,938.47 
106.988176,-6.979909,935.55 
106.989867,-6.979287,932.63 
106.991559,-6.978664,929.72 
106.993251,-6.978041,926.82 
106.994942,-6.977419,923.92 
106.996634,-6.976796,921.03 
106.998326,-6.976174,918.14 
107.000018,-6.975551,915.27 
107.001709,-6.974928,912.40 
107.003401,-6.974306,909.53 
107.005093,-6.973683,906.67 
107.006784,-6.973061,903.82 
107.008476,-6.972438,900.98 
107.010168,-6.971815,898.14 
107.011859,-6.971193,895.30 
107.013551,-6.970570,892.48 
107.015243,-6.969947,889.66 
107.016934,-6.969325,886.85 
107.018626,-6.968702,884.04 
107.020318,-6.968079,881.24 
107.022009,-6.967457,878.45 
107.023701,-6.966834,875.66 
107.025393,-6.966211,872.88 
107.027084,-6.965589,870.11 
107.028776,-6.964966,867.34 
107.030467,-6.964343,864.58 
107.032159,-6.963720,861.82 
107.033851,-6.963098,859.08 
107.035542,-6.962475,856.34 
107.037234,-6.961852,853.60 
107.038925,-6.961229,850.87 
107.040617,-6.960607,848.15 
107.042309,-6.959984,845.44 
107.044000,-6.959361,842.73 
107.045692,-6.958738,840.03 
107.047383,-6.958116,837.33 
107.049075,-6.957493,834.64 
107.050767,-6.956870,831.96 
107.052458,-6.956247,829.28 
107.054150,-6.955625,826.62 
107.055841,-6.955002,823.95 
107.057533,-6.954379,821.30 
107.059224,-6.953756,818.65 
107.060916,-6.953133,816.01 
107.062607,-6.952510,813.37 
107.064299,-6.951888,810.74 
107.065990,-6.951265,808.12 
107.067682,-6.950642,805.50 
107.069374,-6.950019,802.89 
107.071065,-6.949396,800.29 
107.072757,-6.948773,797.69 
107.074448,-6.948150,795.10 
107.076140,-6.947528,792.52 
107.077831,-6.946905,789.94 
107.079523,-6.946282,787.37 
107.081214,-6.945659,784.81 
107.082906,-6.945036,782.25 
107.084597,-6.944413,779.70 
107.086288,-6.943790,777.16 
107.087980,-6.943167,774.62 
107.089671,-6.942544,772.10 
107.091363,-6.941921,769.57 
107.093054,-6.941299,767.06 
107.094746,-6.940676,764.55 
107.096437,-6.940053,762.04 
107.098129,-6.939430,759.55 
107.099820,-6.938807,757.06 
107.101512,-6.938184,754.58 
107.103203,-6.937561,752.10 
107.104894,-6.936938,749.63 
107.106586,-6.936315,747.17 
107.108277,-6.935692,744.71 
107.109969,-6.935069,742.27 
107.111660,-6.934446,739.82 
107.113351,-6.933823,737.39 
107.115043,-6.933200,734.96 
107.116734,-6.932577,732.54 
107.118426,-6.931954,730.13 
107.120117,-6.931331,727.72 
107.121808,-6.930708,725.32 
107.123500,-6.930085,722.93 
107.125191,-6.929462,720.54 
107.126883,-6.928839,718.16 
107.128574,-6.928215,715.79 
107.130265,-6.927592,713.42 
107.131957,-6.926969,711.06 
107.133648,-6.926346,708.71 
107.135339,-6.925723,706.37 
107.137031,-6.925100,704.03 
107.138722,-6.924477,701.70 
107.140413,-6.923854,699.37 
107.142105,-6.923231,697.06 
107.143796,-6.922608,694.75 
107.145487,-6.921985,692.44 
107.147179,-6.921361,690.15 
107.148870,-6.920738,687.86 
107.150561,-6.920115,685.58 
107.152253,-6.919492,683.30 
107.153944,-6.918869,681.04 
107.155635,-6.918246,678.78 
107.157326,-6.917623,676.52 
107.159018,-6.916999,674.28 
107.160709,-6.916376,672.04 
107.162400,-6.915753,669.81 
107.164091,-6.915130,667.59 
107.165783,-6.914507,665.37 
107.167474,-6.913883,663.16 
107.169165,-6.913260,660.96 
107.170857,-6.912637,658.76 
107.172548,-6.912014,656.58 
107.174239,-6.911391,654.40 
107.175930,-6.910767,652.22 
107.177621,-6.910144,650.06 
107.179313,-6.909521,647.90 
107.181004,-6.908898,645.75 
107.182695,-6.908274,643.61 
107.184386,-6.907651,641.47 
107.186078,-6.907028,639.35 
107.187769,-6.906405,637.23 
107.189460,-6.905781,635.11 
107.191151,-6.905158,633.01 
107.192842,-6.904535,630.91 
107.194534,-6.903911,628.82 
107.196225,-6.903288,626.74 
107.197916,-6.902665,624.67 
107.199607,-6.902042,622.60 
107.201298,-6.901418,620.54 
107.202989,-6.900795,618.49 
107.204681,-6.900172,616.45 
107.206372,-6.899548,614.41 
107.208063,-6.898925,612.38 
107.209754,-6.898302,610.37 
107.211445,-6.897678,608.35 
107.213136,-6.897055,606.35 
107.214827,-6.896431,604.36 
107.216519,-6.895808,602.37 
107.218210,-6.895185,600.39 
107.219901,-6.894561,598.42 
107.221592,-6.893938,596.46 
107.223283,-6.893315,594.50 
107.224974,-6.892691,592.55 
107.226665,-6.892068,590.62 
107.228356,-6.891444,588.69 
107.230048,-6.890821,586.77 
107.231739,-6.890197,584.85 
107.233430,-6.889574,582.95 
107.235121,-6.888951,581.05 
107.236812,-6.888327,579.17 
107.238503,-6.887704,577.29 
107.240194,-6.887080,575.42 
107.241885,-6.886457,573.56 
107.243576,-6.885833,571.71 
107.245267,-6.885210,569.86 
107.246958,-6.884586,568.03 
107.248649,-6.883963,566.20 
107.250340,-6.883339,564.39 
107.252031,-6.882716,562.58 
107.253722,-6.882092,560.78 
107.255413,-6.881469,558.99 
107.257104,-6.880845,557.21 
107.258795,-6.880222,555.44 
107.260486,-6.879598,553.68 
107.262177,-6.878975,551.93 
107.263868,-6.878351,550.19 
107.265559,-6.877728,548.46 
107.267250,-6.877104,546.74 
107.268941,-6.876481,545.03 
107.270632,-6.875857,543.33 
107.272323,-6.875233,541.63 
107.274014,-6.874610,539.95 
107.275705,-6.873986,538.28 
107.277396,-6.873363,536.62 
107.279087,-6.872739,534.97 
107.280778,-6.872116,533.33 
107.282469,-6.871492,531.70 
107.284160,-6.870868,530.09 
107.285851,-6.870245,528.48 
107.287542,-6.869621,526.88 
107.289233,-6.868997,525.30 
107.290924,-6.868374,523.73 
107.292615,-6.867750,522.16 
107.294306,-6.867127,520.62 
107.295997,-6.866503,519.08 
107.297688,-6.865879,517.55 
107.299379,-6.865256,516.04 
107.301070,-6.864632,514.54 
107.302760,-6.864008,513.05 
107.304451,-6.863385,511.58 
107.306142,-6.862761,510.12 
107.307833,-6.862137,508.67 
107.309524,-6.861513,507.23 
107.311215,-6.860890,505.81 
107.312906,-6.860266,504.41 
107.314597,-6.859642,503.01 
107.316287,-6.859019,501.64 
107.317978,-6.858395,500.27 
107.319669,-6.857771,498.93 
107.321360,-6.857147,497.60 
107.323051,-6.856524,496.28 
107.324742,-6.855900,494.98 
107.326433,-6.855276,493.70 
107.328123,-6.854652,492.44 
107.329814,-6.854029,491.19 
107.331505,-6.853405,489.97 
107.333196,-6.852781,488.76 
107.334887,-6.852157,487.57 
107.336578,-6.851534,486.41 
107.338268,-6.850910,485.26 
107.339959,-6.850286,484.14 
107.341650,-6.849662,483.04 
107.343341,-6.849038,481.96 
107.345032,-6.848414,480.91 
107.346722,-6.847791,479.89 
107.348413,-6.847167,478.89 
107.350104,-6.846543,477.92 
107.351795,-6.845919,476.98 
107.353485,-6.845295,476.08 
107.355176,-6.844671,475.21 
107.356867,-6.844048,474.37 
107.358558,-6.843424,473.58 
107.360249,-6.842800,472.82 
107.361939,-6.842176,472.11 
107.363630,-6.841552,471.46 
107.365321,-6.840928,470.85 
107.367012,-6.840304,470.31 
107.368702,-6.839680,469.83 
107.370393,-6.839056,469.43 
107.372084,-6.838433,469.12 
107.373774,-6.837809,468.90 
107.375465,-6.837185,468.81 
107.377156,-6.836561,468.85 
107.378847,-6.835937,469.08 
107.380537,-6.835313,469.54 
107.382228,-6.834689,470.32 
107.383919,-6.834065,471.62 
107.385609,-6.833441,473.88 
107.387300,-6.832817,482.00 
</coordinates></LineString></Placemark>
<Placemark><name>1.0F3</name>
<LookAt><altitudeMode>absolute</altitudeMode><longitude> 106.964490817459</longitude><latitude>-6.98862452828858</latitude><altitude> 1088.58232027939</altitude><range> 99580.0000000000</range><tilt>80.0</tilt><heading> 159.6100000000000</heading></LookAt>
<visibility>0</visibility><Style><LineStyle><color>b00000ff</color><width>2</width></LineStyle></Style>
<LineString><altitudeMode>absolute</altitudeMode><coordinates>
107.387300,-6.832817,482.00 
107.385609,-6.833441,496.05 
107.383919,-6.834065,502.94 
107.382228,-6.834689,508.65 
107.380537,-6.835313,513.75 
107.378847,-6.835937,518.45 
107.377156,-6.836561,522.89 
107.375465,-6.837185,527.11 
107.373774,-6.837809,531.17 
107.372084,-6.838433,535.09 
107.370393,-6.839056,538.91 
107.368702,-6.839680,542.62 
107.367012,-6.840304,546.26 
107.365321,-6.840928,549.82 
107.363630,-6.841552,553.32 
107.361939,-6.842176,556.77 
107.360249,-6.842800,560.16 
107.358558,-6.843424,563.51 
107.356867,-6.844048,566.82 
107.355176,-6.844671,570.09 
107.353485,-6.845295,573.32 
107.351795,-6.845919,576.52 
107.350104,-6.846543,579.70 
107.348413,-6.847167,582.85 
107.346722,-6.847791,585.97 
107.345032,-6.848414,589.07 
107.343341,-6.849038,592.14 
107.341650,-6.849662,595.20 
107.339959,-6.850286,598.24 
107.338268,-6.850910,601.26 
107.336578,-6.851534,604.26 
107.334887,-6.852157,607.25 
107.333196,-6.852781,610.22 
107.331505,-6.853405,613.18 
107.329814,-6.854029,616.12 
107.328123,-6.854652,619.06 
107.326433,-6.855276,621.98 
107.324742,-6.855900,624.89 
107.323051,-6.856524,627.79 
107.321360,-6.857147,630.68 
107.319669,-6.857771,633.56 
107.317978,-6.858395,636.43 
107.316287,-6.859019,639.29 
107.314597,-6.859642,642.14 
107.312906,-6.860266,644.99 
107.311215,-6.860890,647.83 
107.309524,-6.861513,650.66 
107.307833,-6.862137,653.49 
107.306142,-6.862761,656.31 
107.304451,-6.863385,659.12 
107.302760,-6.864008,661.93 
107.301070,-6.864632,664.73 
107.299379,-6.865256,667.53 
107.297688,-6.865879,670.32 
107.295997,-6.866503,673.10 
107.294306,-6.867127,675.89 
107.292615,-6.867750,678.67 
107.290924,-6.868374,681.44 
107.289233,-6.868997,684.21 
107.287542,-6.869621,686.98 
107.285851,-6.870245,689.74 
107.284160,-6.870868,692.50 
107.282469,-6.871492,695.26 
107.280778,-6.872116,698.01 
107.279087,-6.872739,700.76 
107.277396,-6.873363,703.51 
107.275705,-6.873986,706.26 
107.274014,-6.874610,709.00 
107.272323,-6.875233,711.74 
107.270632,-6.875857,714.48 
107.268941,-6.876481,717.22 
107.267250,-6.877104,719.96 
107.265559,-6.877728,722.69 
107.263868,-6.878351,725.42 
107.262177,-6.878975,728.15 
107.260486,-6.879598,730.88 
107.258795,-6.880222,733.61 
107.257104,-6.880845,736.34 
107.255413,-6.881469,739.06 
107.253722,-6.882092,741.78 
107.252031,-6.882716,744.51 
107.250340,-6.883339,747.23 
107.248649,-6.883963,749.95 
107.246958,-6.884586,752.67 
107.245267,-6.885210,755.39 
107.243576,-6.885833,758.11 
107.241885,-6.886457,760.83 
107.240194,-6.887080,763.55 
107.238503,-6.887704,766.27 
107.236812,-6.888327,768.99 
107.235121,-6.888951,771.71 
107.233430,-6.889574,774.42 
107.231739,-6.890197,777.14 
107.230048,-6.890821,779.86 
107.228356,-6.891444,782.58 
107.226665,-6.892068,785.30 
107.224974,-6.892691,788.01 
107.223283,-6.893315,790.73 
107.221592,-6.893938,793.45 
107.219901,-6.894561,796.17 
107.218210,-6.895185,798.89 
107.216519,-6.895808,801.61 
107.214827,-6.896431,804.33 
107.213136,-6.897055,807.05 
107.211445,-6.897678,809.77 
107.209754,-6.898302,812.49 
107.208063,-6.898925,815.21 
107.206372,-6.899548,817.94 
107.204681,-6.900172,820.66 
107.202989,-6.900795,823.39 
107.201298,-6.901418,826.11 
107.199607,-6.902042,828.84 
107.197916,-6.902665,831.56 
107.196225,-6.903288,834.29 
107.194534,-6.903911,837.02 
107.192842,-6.904535,839.75 
107.191151,-6.905158,842.48 
107.189460,-6.905781,845.21 
107.187769,-6.906405,847.94 
107.186078,-6.907028,850.68 
107.184386,-6.907651,853.41 
107.182695,-6.908274,856.15 
107.181004,-6.908898,858.89 
107.179313,-6.909521,861.63 
107.177621,-6.910144,864.37 
107.175930,-6.910767,867.11 
107.174239,-6.911391,869.85 
107.172548,-6.912014,872.59 
107.170857,-6.912637,875.34 
107.169165,-6.913260,878.08 
107.167474,-6.913883,880.83 
107.165783,-6.914507,883.58 
107.164091,-6.915130,886.33 
107.162400,-6.915753,889.09 
107.160709,-6.916376,891.84 
107.159018,-6.916999,894.59 
107.157326,-6.917623,897.35 
107.155635,-6.918246,900.11 
107.153944,-6.918869,902.87 
107.152253,-6.919492,905.63 
107.150561,-6.920115,908.39 
107.148870,-6.920738,911.16 
107.147179,-6.921361,913.93 
107.145487,-6.921985,916.69 
107.143796,-6.922608,919.46 
107.142105,-6.923231,922.24 
107.140413,-6.923854,925.01 
107.138722,-6.924477,927.78 
107.137031,-6.925100,930.56 
107.135339,-6.925723,933.34 
107.133648,-6.926346,936.12 
107.131957,-6.926969,938.90 
107.130265,-6.927592,941.69 
107.128574,-6.928215,944.47 
107.126883,-6.928839,947.26 
107.125191,-6.929462,950.05 
107.123500,-6.930085,952.84 
107.121808,-6.930708,955.64 
107.120117,-6.931331,958.43 
107.118426,-6.931954,961.23 
107.116734,-6.932577,964.03 
107.115043,-6.933200,966.83 
107.113351,-6.933823,969.64 
107.111660,-6.934446,972.44 
107.109969,-6.935069,975.25 
107.108277,-6.935692,978.06 
107.106586,-6.936315,980.87 
107.104894,-6.936938,983.68 
107.103203,-6.937561,986.50 
107.101512,-6.938184,989.32 
107.099820,-6.938807,992.14 
107.098129,-6.939430,994.96 
107.096437,-6.940053,997.78 
107.094746,-6.940676,1000.61 
107.093054,-6.941299,1003.44 
107.091363,-6.941921,1006.27 
107.089671,-6.942544,1009.10 
107.087980,-6.943167,1011.94 
107.086288,-6.943790,1014.77 
107.084597,-6.944413,1017.61 
107.082906,-6.945036,1020.45 
107.081214,-6.945659,1023.30 
107.079523,-6.946282,1026.14 
107.077831,-6.946905,1028.99 
107.076140,-6.947528,1031.84 
107.074448,-6.948150,1034.69 
107.072757,-6.948773,1037.55 
107.071065,-6.949396,1040.41 
107.069374,-6.950019,1043.27 
107.067682,-6.950642,1046.13 
107.065990,-6.951265,1048.99 
107.064299,-6.951888,1051.86 
107.062607,-6.952510,1054.72 
107.060916,-6.953133,1057.60 
107.059224,-6.953756,1060.47 
107.057533,-6.954379,1063.34 
107.055841,-6.955002,1066.22 
107.054150,-6.955625,1069.10 
107.052458,-6.956247,1071.98 
107.050767,-6.956870,1074.87 
107.049075,-6.957493,1077.75 
107.047383,-6.958116,1080.64 
107.045692,-6.958738,1083.54 
107.044000,-6.959361,1086.43 
107.042309,-6.959984,1089.33 
107.040617,-6.960607,1092.22 
107.038925,-6.961229,1095.13 
107.037234,-6.961852,1098.03 
107.035542,-6.962475,1100.93 
107.033851,-6.963098,1103.84 
107.032159,-6.963720,1106.75 
107.030467,-6.964343,1109.67 
107.028776,-6.964966,1112.58 
107.027084,-6.965589,1115.50 
107.025393,-6.966211,1118.42 
107.023701,-6.966834,1121.34 
107.022009,-6.967457,1124.27 
107.020318,-6.968079,1127.20 
107.018626,-6.968702,1130.12 
107.016934,-6.969325,1133.06 
107.015243,-6.969947,1135.99 
107.013551,-6.970570,1138.93 
107.011859,-6.971193,1141.87 
107.010168,-6.971815,1144.81 
107.008476,-6.972438,1147.76 
107.006784,-6.973061,1150.70 
107.005093,-6.973683,1153.65 
107.003401,-6.974306,1156.60 
107.001709,-6.974928,1159.56 
107.000018,-6.975551,1162.51 
106.998326,-6.976174,1165.47 
106.996634,-6.976796,1168.44 
106.994942,-6.977419,1171.40 
106.993251,-6.978041,1174.37 
106.991559,-6.978664,1177.34 
106.989867,-6.979287,1180.31 
106.988176,-6.979909,1183.28 
106.986484,-6.980532,1186.26 
106.984792,-6.981154,1189.24 
106.983100,-6.981777,1192.22 
106.981409,-6.982399,1195.20 
106.979717,-6.983022,1198.19 
106.978025,-6.983644,1201.18 
106.976333,-6.984267,1204.17 
106.974642,-6.984890,1207.16 
106.972950,-6.985512,1210.16 
106.971258,-6.986135,1213.16 
106.969566,-6.986757,1216.16 
106.967874,-6.987380,1219.16 
106.966183,-6.988002,1222.17 
106.964491,-6.988625,1225.18 
106.962799,-6.989247,1228.19 
106.961107,-6.989869,1231.20 
106.959415,-6.990492,1234.22 
106.957724,-6.991114,1237.24 
106.956032,-6.991737,1240.26 
106.954340,-6.992359,1243.28 
106.952648,-6.992982,1246.31 
106.950956,-6.993604,1249.34 
106.949264,-6.994227,1252.37 
106.947573,-6.994849,1255.40 
106.945881,-6.995471,1258.44 
106.944189,-6.996094,1261.48 
106.942497,-6.996716,1264.52 
106.940805,-6.997339,1267.56 
106.939113,-6.997961,1270.61 
106.937422,-6.998583,1273.66 
106.935730,-6.999206,1276.71 
106.934038,-6.999828,1279.76 
106.932346,-7.000451,1282.82 
106.930654,-7.001073,1285.87 
106.928962,-7.001695,1288.93 
106.927270,-7.002318,1292.00 
106.925578,-7.002940,1295.06 
106.923886,-7.003562,1298.13 
106.922195,-7.004185,1301.20 
106.920503,-7.004807,1304.28 
106.918811,-7.005429,1307.35 
106.917119,-7.006052,1310.43 
106.915427,-7.006674,1313.51 
106.913735,-7.007296,1316.59 
106.912043,-7.007919,1319.68 
106.910351,-7.008541,1322.76 
106.908659,-7.009163,1325.86 
106.906967,-7.009785,1328.95 
106.905275,-7.010408,1332.04 
106.903583,-7.011030,1335.14 
106.901891,-7.011652,1338.24 
106.900199,-7.012274,1341.34 
106.898507,-7.012897,1344.45 
106.896815,-7.013519,1347.55 
106.895123,-7.014141,1350.66 
106.893431,-7.014763,1353.77 
106.891739,-7.015386,1356.89 
106.890047,-7.016008,1360.01 
106.888355,-7.016630,1363.12 
106.886663,-7.017252,1366.25 
106.884971,-7.017875,1369.37 
106.883279,-7.018497,1372.50 
106.881587,-7.019119,1375.62 
106.879895,-7.019741,1378.75 
106.878203,-7.020363,1381.89 
106.876511,-7.020985,1385.02 
106.874819,-7.021608,1388.16 
106.873127,-7.022230,1391.30 
106.871435,-7.022852,1394.44 
106.869743,-7.023474,1397.59 
106.868051,-7.024096,1400.74 
106.866359,-7.024718,1403.88 
106.864667,-7.025340,1407.04 
106.862975,-7.025963,1410.19 
106.861283,-7.026585,1413.35 
106.859591,-7.027207,1416.51 
106.857899,-7.027829,1419.67 
106.856207,-7.028451,1422.83 
106.854515,-7.029073,1425.99 
106.852822,-7.029695,1429.16 
106.851130,-7.030317,1432.33 
106.849438,-7.030939,1435.50 
106.847746,-7.031561,1438.68 
106.846054,-7.032183,1441.85 
106.844362,-7.032805,1445.03 
106.842670,-7.033428,1448.21 
106.840978,-7.034050,1451.40 
106.839286,-7.034672,1454.58 
106.837593,-7.035294,1457.77 
106.835901,-7.035916,1460.96 
106.834209,-7.036538,1464.15 
106.832517,-7.037160,1467.34 
106.830825,-7.037782,1470.54 
106.829133,-7.038404,1473.74 
106.827441,-7.039026,1476.94 
106.825748,-7.039648,1480.14 
106.824056,-7.040270,1483.34 
106.822364,-7.040892,1486.55 
106.820672,-7.041514,1489.76 
106.818980,-7.042136,1492.97 
106.817287,-7.042758,1496.18 
106.815595,-7.043380,1499.40 
106.813903,-7.044001,1502.61 
106.812211,-7.044623,1505.83 
106.810519,-7.045245,1509.05 
106.808826,-7.045867,1512.27 
106.807134,-7.046489,1515.50 
106.805442,-7.047111,1518.72 
106.803750,-7.047733,1521.95 
106.802058,-7.048355,1525.18 
106.800365,-7.048977,1528.41 
106.798673,-7.049599,1531.65 
106.796981,-7.050221,1534.88 
106.795289,-7.050842,1538.12 
106.793596,-7.051464,1541.36 
106.791904,-7.052086,1544.60 
106.790212,-7.052708,1547.84 
106.788520,-7.053330,1551.09 
106.786827,-7.053952,1554.34 
106.785135,-7.054574,1557.58 
106.783443,-7.055195,1560.83 
106.781750,-7.055817,1564.09 
106.780058,-7.056439,1567.34 
106.778366,-7.057061,1570.59 
106.776674,-7.057683,1573.85 
106.774981,-7.058305,1577.11 
106.773289,-7.058926,1580.37 
106.771597,-7.059548,1583.63 
106.769904,-7.060170,1586.89 
106.768212,-7.060792,1590.16 
106.766520,-7.061413,1593.43 
106.764827,-7.062035,1596.69 
106.763135,-7.062657,1599.96 
106.761443,-7.063279,1603.23 
106.759750,-7.063900,1606.50 
106.758058,-7.064522,1609.78 
106.756366,-7.065144,1613.05 
106.754673,-7.065766,1616.33 
106.752981,-7.066387,1619.61 
106.751289,-7.067009,1622.89 
106.749596,-7.067631,1626.17 
106.747904,-7.068253,1629.45 
106.746211,-7.068874,1632.73 
106.744519,-7.069496,1636.01 
106.742827,-7.070118,1639.30 
106.741134,-7.070739,1642.58 
106.739442,-7.071361,1645.87 
106.737750,-7.071983,1649.16 
106.736057,-7.072604,1652.45 
106.734365,-7.073226,1655.74 
106.732672,-7.073848,1659.03 
106.730980,-7.074469,1662.32 
106.729287,-7.075091,1665.62 
106.727595,-7.075713,1668.91 
106.725903,-7.076334,1672.21 
106.724210,-7.076956,1675.50 
106.722518,-7.077577,1678.80 
106.720825,-7.078199,1682.09 
106.719133,-7.078821,1685.39 
106.717440,-7.079442,1688.69 
106.715748,-7.080064,1691.99 
106.714055,-7.080685,1695.29 
106.712363,-7.081307,1698.59 
106.710670,-7.081929,1701.89 
106.708978,-7.082550,1705.19 
106.707286,-7.083172,1708.49 
106.705593,-7.083793,1711.79 
106.703901,-7.084415,1715.09 
106.702208,-7.085036,1718.40 
106.700516,-7.085658,1721.70 
106.698823,-7.086279,1725.00 
106.697131,-7.086901,1728.30 
106.695438,-7.087523,1731.60 
106.693746,-7.088144,1734.91 
106.692053,-7.088766,1738.21 
106.690360,-7.089387,1741.51 
106.688668,-7.090009,1744.81 
106.686975,-7.090630,1748.11 
106.685283,-7.091251,1751.41 
106.683590,-7.091873,1754.71 
106.681898,-7.092494,1758.01 
106.680205,-7.093116,1761.31 
106.678513,-7.093737,1764.61 
106.676820,-7.094359,1767.91 
106.675127,-7.094980,1771.20 
106.673435,-7.095602,1774.50 
106.671742,-7.096223,1777.80 
106.670050,-7.096845,1781.09 
106.668357,-7.097466,1784.38 
106.666665,-7.098087,1787.67 
106.664972,-7.098709,1790.96 
106.663279,-7.099330,1794.25 
106.661587,-7.099952,1797.54 
106.659894,-7.100573,1800.82 
106.658202,-7.101194,1804.10 
106.656509,-7.101816,1807.38 
106.654816,-7.102437,1810.66 
106.653124,-7.103058,1813.94 
106.651431,-7.103680,1817.21 
106.649738,-7.104301,1820.48 
106.648046,-7.104923,1823.75 
106.646353,-7.105544,1827.02 
106.644660,-7.106165,1830.28 
106.642968,-7.106787,1833.54 
106.641275,-7.107408,1836.80 
106.639582,-7.108029,1840.05 
106.637890,-7.108650,1843.30 
106.636197,-7.109272,1846.55 
106.634504,-7.109893,1849.79 
106.632812,-7.110514,1853.02 
106.631119,-7.111136,1856.26 
106.629426,-7.111757,1859.49 
106.627734,-7.112378,1862.71 
106.626041,-7.112999,1865.93 
106.624348,-7.113621,1869.14 
106.622656,-7.114242,1872.35 
106.620963,-7.114863,1875.55 
106.619270,-7.115484,1878.74 
106.617577,-7.116106,1881.93 
106.615885,-7.116727,1885.11 
106.614192,-7.117348,1888.28 
106.612499,-7.117969,1891.45 
106.610806,-7.118591,1894.61 
106.609114,-7.119212,1897.76 
106.607421,-7.119833,1900.90 
106.605728,-7.120454,1904.03 
106.604035,-7.121075,1907.15 
106.602343,-7.121697,1910.26 
106.600650,-7.122318,1913.36 
106.598957,-7.122939,1916.44 
106.597264,-7.123560,1919.52 
106.595572,-7.124181,1922.58 
106.593879,-7.124802,1925.63 
106.592186,-7.125424,1928.66 
106.590493,-7.126045,1931.68 
106.588800,-7.126666,1934.68 
106.587108,-7.127287,1937.66 
106.585415,-7.127908,1940.62 
106.583722,-7.128529,1943.57 
106.582029,-7.129150,1946.49 
106.580336,-7.129771,1949.39 
106.578643,-7.130392,1952.26 
106.576951,-7.131014,1955.10 
106.575258,-7.131635,1957.92 
106.573565,-7.132256,1960.71 
106.571872,-7.132877,1963.46 
106.570179,-7.133498,1966.17 
106.568486,-7.134119,1968.84 
106.566793,-7.134740,1971.47 
106.565101,-7.135361,1974.04 
106.563408,-7.135982,1976.56 
106.561715,-7.136603,1979.02 
106.560022,-7.137224,1981.40 
106.558329,-7.137845,1983.71 
106.556636,-7.138466,1985.91 
106.554943,-7.139087,1988.01 
106.553250,-7.139708,1989.97 
106.551558,-7.140329,1991.77 
106.549865,-7.140950,1993.35 
106.548172,-7.141571,1994.67 
106.546479,-7.142192,1995.59 
106.544786,-7.142813,1995.90 
106.543093,-7.143434,1995.03 
106.541400,-7.144055,1987.00 
106.541400,-7.144055,1987.00 
106.543093,-7.143434,1970.62 
106.544786,-7.142813,1961.41 
106.546479,-7.142192,1953.39 
106.548172,-7.141571,1945.99 
106.549865,-7.140950,1938.99 
106.551558,-7.140329,1932.27 
106.553250,-7.139708,1925.78 
106.554943,-7.139087,1919.45 
106.556636,-7.138466,1913.27 
106.558329,-7.137845,1907.21 
106.560022,-7.137224,1901.26 
106.561715,-7.136603,1895.40 
106.563408,-7.135982,1889.61 
106.565101,-7.135361,1883.91 
106.566793,-7.134740,1878.26 
106.568486,-7.134119,1872.68 
106.570179,-7.133498,1867.15 
106.571872,-7.132877,1861.67 
106.573565,-7.132256,1856.24 
106.575258,-7.131635,1850.85 
106.576951,-7.131014,1845.51 
106.578643,-7.130392,1840.20 
106.580336,-7.129771,1834.93 
106.582029,-7.129150,1829.69 
106.583722,-7.128529,1824.49 
106.585415,-7.127908,1819.31 
106.587108,-7.127287,1814.17 
106.588800,-7.126666,1809.05 
106.590493,-7.126045,1803.96 
106.592186,-7.125424,1798.90 
106.593879,-7.124802,1793.86 
106.595572,-7.124181,1788.85 
106.597264,-7.123560,1783.86 
106.598957,-7.122939,1778.89 
106.600650,-7.122318,1773.95 
106.602343,-7.121697,1769.02 
106.604035,-7.121075,1764.12 
106.605728,-7.120454,1759.24 
106.607421,-7.119833,1754.37 
106.609114,-7.119212,1749.53 
106.610806,-7.118591,1744.70 
106.612499,-7.117969,1739.89 
106.614192,-7.117348,1735.10 
106.615885,-7.116727,1730.32 
106.617577,-7.116106,1725.57 
106.619270,-7.115484,1720.82 
106.620963,-7.114863,1716.10 
106.622656,-7.114242,1711.39 
106.624348,-7.113621,1706.69 
106.626041,-7.112999,1702.01 
106.627734,-7.112378,1697.35 
106.629426,-7.111757,1692.70 
106.631119,-7.111136,1688.06 
106.632812,-7.110514,1683.44 
106.634504,-7.109893,1678.83 
106.636197,-7.109272,1674.24 
106.637890,-7.108650,1669.65 
106.639582,-7.108029,1665.09 
106.641275,-7.107408,1660.53 
106.642968,-7.106787,1655.99 
106.644660,-7.106165,1651.46 
106.646353,-7.105544,1646.94 
106.648046,-7.104923,1642.44 
106.649738,-7.104301,1637.94 
106.651431,-7.103680,1633.46 
106.653124,-7.103058,1628.99 
106.654816,-7.102437,1624.54 
106.656509,-7.101816,1620.09 
106.658202,-7.101194,1615.66 
106.659894,-7.100573,1611.23 
106.661587,-7.099952,1606.82 
106.663279,-7.099330,1602.42 
106.664972,-7.098709,1598.03 
106.666665,-7.098087,1593.65 
106.668357,-7.097466,1589.28 
106.670050,-7.096845,1584.93 
106.671742,-7.096223,1580.58 
106.673435,-7.095602,1576.24 
106.675127,-7.094980,1571.92 
106.676820,-7.094359,1567.60 
106.678513,-7.093737,1563.30 
106.680205,-7.093116,1559.00 
106.681898,-7.092494,1554.72 
106.683590,-7.091873,1550.44 
106.685283,-7.091251,1546.17 
106.686975,-7.090630,1541.92 
106.688668,-7.090009,1537.67 
106.690360,-7.089387,1533.44 
106.692053,-7.088766,1529.21 
106.693746,-7.088144,1524.99 
106.695438,-7.087523,1520.79 
106.697131,-7.086901,1516.59 
106.698823,-7.086279,1512.40 
106.700516,-7.085658,1508.22 
106.702208,-7.085036,1504.05 
106.703901,-7.084415,1499.89 
106.705593,-7.083793,1495.74 
106.707286,-7.083172,1491.59 
106.708978,-7.082550,1487.46 
106.710670,-7.081929,1483.34 
106.712363,-7.081307,1479.22 
106.714055,-7.080685,1475.11 
106.715748,-7.080064,1471.02 
106.717440,-7.079442,1466.93 
106.719133,-7.078821,1462.85 
106.720825,-7.078199,1458.77 
106.722518,-7.077577,1454.71 
106.724210,-7.076956,1450.66 
106.725903,-7.076334,1446.61 
106.727595,-7.075713,1442.57 
106.729287,-7.075091,1438.54 
106.730980,-7.074469,1434.52 
106.732672,-7.073848,1430.51 
106.734365,-7.073226,1426.51 
106.736057,-7.072604,1422.51 
106.737750,-7.071983,1418.53 
106.739442,-7.071361,1414.55 
106.741134,-7.070739,1410.58 
106.742827,-7.070118,1406.62 
106.744519,-7.069496,1402.66 
106.746211,-7.068874,1398.72 
106.747904,-7.068253,1394.78 
106.749596,-7.067631,1390.85 
106.751289,-7.067009,1386.93 
106.752981,-7.066387,1383.02 
106.754673,-7.065766,1379.11 
106.756366,-7.065144,1375.21 
106.758058,-7.064522,1371.33 
106.759750,-7.063900,1367.44 
106.761443,-7.063279,1363.57 
106.763135,-7.062657,1359.71 
106.764827,-7.062035,1355.85 
106.766520,-7.061413,1352.00 
106.768212,-7.060792,1348.16 
106.769904,-7.060170,1344.32 
106.771597,-7.059548,1340.50 
106.773289,-7.058926,1336.68 
106.774981,-7.058305,1332.87 
106.776674,-7.057683,1329.06 
106.778366,-7.057061,1325.27 
106.780058,-7.056439,1321.48 
106.781750,-7.055817,1317.70 
106.783443,-7.055195,1313.93 
106.785135,-7.054574,1310.17 
106.786827,-7.053952,1306.41 
106.788520,-7.053330,1302.66 
106.790212,-7.052708,1298.92 
106.791904,-7.052086,1295.18 
106.793596,-7.051464,1291.46 
106.795289,-7.050842,1287.74 
106.796981,-7.050221,1284.03 
106.798673,-7.049599,1280.32 
106.800365,-7.048977,1276.62 
106.802058,-7.048355,1272.94 
106.803750,-7.047733,1269.25 
106.805442,-7.047111,1265.58 
106.807134,-7.046489,1261.91 
106.808826,-7.045867,1258.25 
106.810519,-7.045245,1254.60 
106.812211,-7.044623,1250.96 
106.813903,-7.044001,1247.32 
106.815595,-7.043380,1243.69 
106.817287,-7.042758,1240.07 
106.818980,-7.042136,1236.45 
106.820672,-7.041514,1232.84 
106.822364,-7.040892,1229.24 
106.824056,-7.040270,1225.65 
106.825748,-7.039648,1222.06 
106.827441,-7.039026,1218.48 
106.829133,-7.038404,1214.91 
106.830825,-7.037782,1211.35 
106.832517,-7.037160,1207.79 
106.834209,-7.036538,1204.24 
106.835901,-7.035916,1200.70 
106.837593,-7.035294,1197.16 
106.839286,-7.034672,1193.63 
106.840978,-7.034050,1190.11 
106.842670,-7.033428,1186.60 
106.844362,-7.032805,1183.09 
106.846054,-7.032183,1179.59 
106.847746,-7.031561,1176.10 
106.849438,-7.030939,1172.61 
106.851130,-7.030317,1169.13 
106.852822,-7.029695,1165.66 
106.854515,-7.029073,1162.20 
106.856207,-7.028451,1158.74 
106.857899,-7.027829,1155.29 
106.859591,-7.027207,1151.85 
106.861283,-7.026585,1148.41 
106.862975,-7.025963,1144.98 
106.864667,-7.025340,1141.56 
106.866359,-7.024718,1138.15 
106.868051,-7.024096,1134.74 
106.869743,-7.023474,1131.34 
106.871435,-7.022852,1127.95 
106.873127,-7.022230,1124.56 
106.874819,-7.021608,1121.18 
106.876511,-7.020985,1117.81 
106.878203,-7.020363,1114.44 
106.879895,-7.019741,1111.08 
106.881587,-7.019119,1107.73 
106.883279,-7.018497,1104.39 
106.884971,-7.017875,1101.05 
106.886663,-7.017252,1097.72 
106.888355,-7.016630,1094.40 
106.890047,-7.016008,1091.08 
106.891739,-7.015386,1087.77 
106.893431,-7.014763,1084.47 
106.895123,-7.014141,1081.17 
106.896815,-7.013519,1077.88 
106.898507,-7.012897,1074.60 
106.900199,-7.012274,1071.33 
106.901891,-7.011652,1068.06 
106.903583,-7.011030,1064.80 
106.905275,-7.010408,1061.54 
106.906967,-7.009785,1058.29 
106.908659,-7.009163,1055.05 
106.910351,-7.008541,1051.82 
106.912043,-7.007919,1048.59 
106.913735,-7.007296,1045.38 
106.915427,-7.006674,1042.16 
106.917119,-7.006052,1038.96 
106.918811,-7.005429,1035.76 
106.920503,-7.004807,1032.57 
106.922195,-7.004185,1029.38 
106.923886,-7.003562,1026.20 
106.925578,-7.002940,1023.03 
106.927270,-7.002318,1019.87 
106.928962,-7.001695,1016.71 
106.930654,-7.001073,1013.56 
106.932346,-7.000451,1010.41 
106.934038,-6.999828,1007.28 
106.935730,-6.999206,1004.15 
106.937422,-6.998583,1001.02 
106.939113,-6.997961,997.91 
106.940805,-6.997339,994.80 
106.942497,-6.996716,991.70 
106.944189,-6.996094,988.60 
106.945881,-6.995471,985.51 
106.947573,-6.994849,982.43 
106.949264,-6.994227,979.35 
106.950956,-6.993604,976.29 
106.952648,-6.992982,973.22 
106.954340,-6.992359,970.17 
106.956032,-6.991737,967.12 
106.957724,-6.991114,964.08 
106.959415,-6.990492,961.05 
106.961107,-6.989869,958.02 
106.962799,-6.989247,955.00 
106.964491,-6.988625,951.99 
106.966183,-6.988002,948.98 
106.967874,-6.987380,945.98 
106.969566,-6.986757,942.99 
106.971258,-6.986135,940.00 
106.972950,-6.985512,937.02 
106.974642,-6.984890,934.05 
106.976333,-6.984267,931.08 
106.978025,-6.983644,928.13 
106.979717,-6.983022,925.17 
106.981409,-6.982399,922.23 
106.983100,-6.981777,919.29 
106.984792,-6.981154,916.36 
106.986484,-6.980532,913.44 
106.988176,-6.979909,910.52 
106.989867,-6.979287,907.61 
106.991559,-6.978664,904.70 
106.993251,-6.978041,901.81 
106.994942,-6.977419,898.92 
106.996634,-6.976796,896.03 
106.998326,-6.976174,893.16 
107.000018,-6.975551,890.29 
107.001709,-6.974928,887.43 
107.003401,-6.974306,884.57 
107.005093,-6.973683,881.72 
107.006784,-6.973061,878.88 
107.008476,-6.972438,876.05 
107.010168,-6.971815,873.22 
107.011859,-6.971193,870.40 
107.013551,-6.970570,867.58 
107.015243,-6.969947,864.78 
107.016934,-6.969325,861.97 
107.018626,-6.968702,859.18 
107.020318,-6.968079,856.39 
107.022009,-6.967457,853.61 
107.023701,-6.966834,850.84 
107.025393,-6.966211,848.08 
107.027084,-6.965589,845.32 
107.028776,-6.964966,842.57 
107.030467,-6.964343,839.82 
107.032159,-6.963720,837.08 
107.033851,-6.963098,834.35 
107.035542,-6.962475,831.63 
107.037234,-6.961852,828.91 
107.038925,-6.961229,826.20 
107.040617,-6.960607,823.50 
107.042309,-6.959984,820.80 
107.044000,-6.959361,818.11 
107.045692,-6.958738,815.43 
107.047383,-6.958116,812.75 
107.049075,-6.957493,810.08 
107.050767,-6.956870,807.42 
107.052458,-6.956247,804.77 
107.054150,-6.955625,802.12 
107.055841,-6.955002,799.48 
107.057533,-6.954379,796.85 
107.059224,-6.953756,794.22 
107.060916,-6.953133,791.60 
107.062607,-6.952510,788.99 
107.064299,-6.951888,786.38 
107.065990,-6.951265,783.78 
107.067682,-6.950642,781.19 
107.069374,-6.950019,778.61 
107.071065,-6.949396,776.03 
107.072757,-6.948773,773.46 
107.074448,-6.948150,770.90 
107.076140,-6.947528,768.34 
107.077831,-6.946905,765.79 
107.079523,-6.946282,763.25 
107.081214,-6.945659,760.72 
107.082906,-6.945036,758.19 
107.084597,-6.944413,755.67 
107.086288,-6.943790,753.16 
107.087980,-6.943167,750.65 
107.089671,-6.942544,748.15 
107.091363,-6.941921,745.66 
107.093054,-6.941299,743.18 
107.094746,-6.940676,740.70 
107.096437,-6.940053,738.23 
107.098129,-6.939430,735.77 
107.099820,-6.938807,733.31 
107.101512,-6.938184,730.86 
107.103203,-6.937561,728.42 
107.104894,-6.936938,725.99 
107.106586,-6.936315,723.56 
107.108277,-6.935692,721.14 
107.109969,-6.935069,718.73 
107.111660,-6.934446,716.33 
107.113351,-6.933823,713.93 
107.115043,-6.933200,711.54 
107.116734,-6.932577,709.16 
107.118426,-6.931954,706.78 
107.120117,-6.931331,704.41 
107.121808,-6.930708,702.05 
107.123500,-6.930085,699.70 
107.125191,-6.929462,697.35 
107.126883,-6.928839,695.02 
107.128574,-6.928215,692.68 
107.130265,-6.927592,690.36 
107.131957,-6.926969,688.05 
107.133648,-6.926346,685.74 
107.135339,-6.925723,683.44 
107.137031,-6.925100,681.14 
107.138722,-6.924477,678.86 
107.140413,-6.923854,676.58 
107.142105,-6.923231,674.31 
107.143796,-6.922608,672.05 
107.145487,-6.921985,669.79 
107.147179,-6.921361,667.54 
107.148870,-6.920738,665.30 
107.150561,-6.920115,663.07 
107.152253,-6.919492,660.84 
107.153944,-6.918869,658.63 
107.155635,-6.918246,656.42 
107.157326,-6.917623,654.22 
107.159018,-6.916999,652.02 
107.160709,-6.916376,649.84 
107.162400,-6.915753,647.66 
107.164091,-6.915130,645.49 
107.165783,-6.914507,643.33 
107.167474,-6.913883,641.17 
107.169165,-6.913260,639.02 
107.170857,-6.912637,636.89 
107.172548,-6.912014,634.75 
107.174239,-6.911391,632.63 
107.175930,-6.910767,630.52 
107.177621,-6.910144,628.41 
107.179313,-6.909521,626.31 
107.181004,-6.908898,624.22 
107.182695,-6.908274,622.14 
107.184386,-6.907651,620.06 
107.186078,-6.907028,618.00 
107.187769,-6.906405,615.94 
107.189460,-6.905781,613.89 
107.191151,-6.905158,611.85 
107.192842,-6.904535,609.81 
107.194534,-6.903911,607.79 
107.196225,-6.903288,605.77 
107.197916,-6.902665,603.76 
107.199607,-6.902042,601.76 
107.201298,-6.901418,599.77 
107.202989,-6.900795,597.79 
107.204681,-6.900172,595.82 
107.206372,-6.899548,593.85 
107.208063,-6.898925,591.89 
107.209754,-6.898302,589.95 
107.211445,-6.897678,588.01 
107.213136,-6.897055,586.08 
107.214827,-6.896431,584.15 
107.216519,-6.895808,582.24 
107.218210,-6.895185,580.34 
107.219901,-6.894561,578.44 
107.221592,-6.893938,576.55 
107.223283,-6.893315,574.68 
107.224974,-6.892691,572.81 
107.226665,-6.892068,570.95 
107.228356,-6.891444,569.10 
107.230048,-6.890821,567.26 
107.231739,-6.890197,565.43 
107.233430,-6.889574,563.61 
107.235121,-6.888951,561.79 
107.236812,-6.888327,559.99 
107.238503,-6.887704,558.20 
107.240194,-6.887080,556.41 
107.241885,-6.886457,554.64 
107.243576,-6.885833,552.87 
107.245267,-6.885210,551.12 
107.246958,-6.884586,549.38 
107.248649,-6.883963,547.64 
107.250340,-6.883339,545.92 
107.252031,-6.882716,544.20 
107.253722,-6.882092,542.50 
107.255413,-6.881469,540.80 
107.257104,-6.880845,539.12 
107.258795,-6.880222,537.45 
107.260486,-6.879598,535.78 
107.262177,-6.878975,534.13 
107.263868,-6.878351,532.49 
107.265559,-6.877728,530.86 
107.267250,-6.877104,529.24 
107.268941,-6.876481,527.63 
107.270632,-6.875857,526.04 
107.272323,-6.875233,524.45 
107.274014,-6.874610,522.88 
107.275705,-6.873986,521.31 
107.277396,-6.873363,519.76 
107.279087,-6.872739,518.22 
107.280778,-6.872116,516.70 
107.282469,-6.871492,515.18 
107.284160,-6.870868,513.68 
107.285851,-6.870245,512.19 
107.287542,-6.869621,510.71 
107.289233,-6.868997,509.25 
107.290924,-6.868374,507.79 
107.292615,-6.867750,506.36 
107.294306,-6.867127,504.93 
107.295997,-6.866503,503.52 
107.297688,-6.865879,502.12 
107.299379,-6.865256,500.74 
107.301070,-6.864632,499.37 
107.302760,-6.864008,498.01 
107.304451,-6.863385,496.67 
107.306142,-6.862761,495.35 
107.307833,-6.862137,494.04 
107.309524,-6.861513,492.74 
107.311215,-6.860890,491.47 
107.312906,-6.860266,490.20 
107.314597,-6.859642,488.96 
107.316287,-6.859019,487.73 
107.317978,-6.858395,486.52 
107.319669,-6.857771,485.33 
107.321360,-6.857147,484.15 
107.323051,-6.856524,483.00 
107.324742,-6.855900,481.86 
107.326433,-6.855276,480.74 
107.328123,-6.854652,479.65 
107.329814,-6.854029,478.57 
107.331505,-6.853405,477.52 
107.333196,-6.852781,476.49 
107.334887,-6.852157,475.48 
107.336578,-6.851534,474.50 
107.338268,-6.850910,473.54 
107.339959,-6.850286,472.61 
107.341650,-6.849662,471.71 
107.343341,-6.849038,470.83 
107.345032,-6.848414,469.99 
107.346722,-6.847791,469.17 
107.348413,-6.847167,468.39 
107.350104,-6.846543,467.64 
107.351795,-6.845919,466.93 
107.353485,-6.845295,466.25 
107.355176,-6.844671,465.62 
107.356867,-6.844048,465.03 
107.358558,-6.843424,464.49 
107.360249,-6.842800,464.00 
107.361939,-6.842176,463.56 
107.363630,-6.841552,463.19 
107.365321,-6.840928,462.87 
107.367012,-6.840304,462.64 
107.368702,-6.839680,462.48 
107.370393,-6.839056,462.41 
107.372084,-6.838433,462.45 
107.373774,-6.837809,462.61 
107.375465,-6.837185,462.92 
107.377156,-6.836561,463.39 
107.378847,-6.835937,464.09 
107.380537,-6.835313,465.07 
107.382228,-6.834689,466.45 
107.383919,-6.834065,468.45 
107.385609,-6.833441,471.64 
107.387300,-6.832817,482.00 
</coordinates></LineString></Placemark>
</Folder>
</Document></kml>
