Range	40.0dB	-107.0dBm
Fixed unit	1	gcs	-06.83282	 107.38730	491.0
Mobile unit	2	drone	-07.14406	 106.54141	1976.0
Latitude	Longitude	Rx(dB)	Best unit
-06.16252	 106.42056	-022.5	1
-06.16252	 106.43217	-020.5	1
-06.16252	 106.44380	-017.9	1
-06.16252	 106.45541	-019.5	1
-06.16252	 106.46703	-017.9	1
-06.16252	 106.47865	-017.5	1
-06.16252	 106.49027	-017.5	1
-06.16252	 106.50188	-015.9	1
-06.16252	 106.51352	-016.7	1
-06.16252	 106.52513	-016.7	1
-06.16252	 106.53675	-013.7	1
-06.16252	 106.54837	-016.0	1
-06.16252	 106.55999	-018.0	1
-06.16252	 106.57161	-018.5	1
-06.16252	 106.58323	-019.2	1
-06.16252	 106.59485	-018.2	1
-06.16252	 106.60646	-013.6	1
-06.16252	 106.61809	-003.0	1
-06.16252	 106.62971	 010.2	1
-06.16252	 106.64133	 012.8	1
-06.16252	 106.65294	 016.6	1
-06.16252	 106.66457	 016.8	1
-06.16252	 106.67619	 011.9	1
-06.16252	 106.68781	-010.0	1
-06.16252	 106.69942	-002.0	1
-06.16252	 106.71104	-001.0	1
-06.16252	 106.72266	 012.2	1
-06.16252	 106.73428	 017.1	1
-06.16252	 106.74590	 016.8	1
-06.16252	 106.75752	 018.2	1
-06.16252	 106.76914	 017.0	1
-06.16252	 106.78075	 017.1	1
-06.16252	 106.79237	 018.2	1
-06.16252	 106.80400	 018.6	1
-06.16252	 106.81562	 017.2	1
-06.16252	 106.82722	 018.6	1
-06.16252	 106.83886	 018.7	1
-06.16252	 106.85048	-012.7	1
-06.16252	 106.86210	-020.1	1
-06.16252	 106.87371	-020.2	1
-06.16252	 106.88533	-021.4	1
-06.16252	 106.89696	-023.6	1
-06.16252	 106.90858	-025.8	1
-06.16252	 106.92019	-025.5	1
-06.16252	 106.93182	-025.0	1
-06.16252	 106.94344	-022.3	1
-06.16252	 106.95506	-018.4	1
-06.16252	 106.96667	-014.0	1
-06.16252	 106.97829	-016.4	1
-06.16252	 106.98991	-014.6	1
-06.16252	 107.00153	-009.9	1
-06.16252	 107.01315	-001.6	1
-06.16252	 107.02477	-010.9	1
-06.16252	 107.03639	-006.7	1
-06.16252	 107.04800	 018.6	1
-06.16252	 107.05963	 019.8	1
-06.16252	 107.07125	 013.7	1
-06.16252	 107.08286	 019.4	1
-06.16252	 107.09448	 020.1	1
-06.16252	 107.10610	 020.1	1
-06.16252	 107.11772	 019.9	1
-06.16252	 107.12935	 019.7	1
-06.16252	 107.14097	 018.8	1
-06.16252	 107.15259	 018.7	1
-06.16252	 107.16420	 020.0	1
-06.16252	 107.17583	 018.8	1
-06.16252	 107.18745	 019.5	1
-06.16252	 107.19906	 020.1	1
-06.16252	 107.21068	 020.0	1
-06.16252	 107.22231	 020.6	1
-06.16252	 107.23392	 020.5	1
-06.16252	 107.24553	 014.3	1
-06.16252	 107.25716	 007.1	1
-06.16252	 107.26878	 020.7	1
-06.16252	 107.28040	 020.8	1
-06.16252	 107.29202	 020.1	1
-06.16252	 107.30363	 020.0	1
-06.16252	 107.31525	 020.7	1
-06.16252	 107.32687	 019.8	1
-06.16252	 107.33849	 019.5	1
-06.16252	 107.35012	 019.1	1
-06.16252	 107.36174	 020.8	1
-06.16252	 107.37335	 020.8	1
-06.16252	 107.38496	 020.8	1
-06.16252	 107.39658	 020.6	1
-06.16252	 107.40821	 019.5	1
-06.16252	 107.41983	 019.1	1
-06.16252	 107.43145	 019.4	1
-06.16252	 107.44308	 019.4	1
-06.16252	 107.45470	 019.6	1
-06.16252	 107.46631	 020.5	1
-06.16252	 107.47794	 019.2	1
-06.16252	 107.48956	 019.5	1
-06.16252	 107.50117	 020.7	1
-06.16252	 107.51279	 019.9	1
-06.16252	 107.52441	 019.1	1
-06.16252	 107.53602	 019.2	1
-06.16252	 107.54765	 019.0	1
-06.16252	 107.55927	 020.3	1
-06.16252	 107.57089	 020.6	1
-06.16252	 107.58251	 019.8	1
-06.16252	 107.59412	 016.6	1
-06.16252	 107.60576	 015.9	1
-06.16252	 107.61736	 013.9	1
-06.16252	 107.62898	 010.0	1
-06.16252	 107.64061	 009.0	1
-06.16252	 107.65222	-003.7	1
-06.16252	 107.66384	-005.3	1
-06.16252	 107.67547	-003.6	1
-06.16252	 107.68708	-007.0	1
-06.16252	 107.69870	-011.9	1
-06.16252	 107.71033	-014.6	1
-06.16252	 107.72195	-016.2	1
-06.16252	 107.73356	-015.0	1
-06.16252	 107.74518	-015.0	1
-06.16252	 107.75681	-016.5	1
-06.16252	 107.76842	-014.2	1
-06.16252	 107.78004	-014.1	1
-06.16252	 107.79166	-015.2	1
-06.16252	 107.80328	-014.5	1
-06.16252	 107.81490	-015.2	1
-06.16252	 107.82652	-016.7	1
-06.16252	 107.83813	-017.9	1
-06.16252	 107.84975	-018.7	1
-06.16252	 107.86137	-019.5	1
-06.16252	 107.87299	-020.0	1
-06.16252	 107.88461	-020.5	1
-06.16252	 107.89624	-021.5	1
-06.16252	 107.90786	-022.2	1
-06.16252	 107.91947	-022.7	1
-06.16252	 107.93110	-023.3	1
-06.16252	 107.94271	-023.5	1
-06.16252	 107.95432	-024.0	1
-06.16252	 107.96595	-024.7	1
-06.16252	 107.97757	-025.2	1
-06.16252	 107.98918	-026.3	1
-06.16252	 108.00081	-027.3	1
-06.16252	 108.01243	-028.6	1
-06.16252	 108.02405	-029.4	1
-06.16252	 108.03568	-029.3	1
-06.16252	 108.04729	-030.1	1
-06.16252	 108.05891	-030.2	1
-06.16252	 108.07052	-030.2	1
-06.16252	 108.08215	-030.3	1
-06.16252	 108.09377	-030.0	1
-06.16252	 108.10538	-029.4	1
-06.16252	 108.11700	-030.1	1
-06.16252	 108.12863	-030.7	1
-06.16252	 108.14024	-031.5	1
-06.16252	 108.15186	-032.0	1
-06.16252	 108.16348	-032.5	1
-06.16252	 108.17510	-032.9	1
-06.16252	 108.18672	-033.4	1
-06.16252	 108.19835	-033.8	1
-06.16252	 108.20997	-035.0	1
-06.16252	 108.22158	-035.7	1
-06.16252	 108.23320	-036.2	1
-06.16252	 108.24482	-037.3	1
-06.16252	 108.25644	-038.1	1
-06.16252	 108.26806	-038.1	1
-06.16252	 108.27968	-037.9	1
-06.16252	 108.29130	-038.3	1
-06.16252	 108.30292	-038.9	1
-06.16252	 108.31453	-039.2	1
-06.16252	 108.32616	-039.6	1
-06.16252	 108.33778	-040.3	1
-06.16252	 108.34940	-041.1	1
-06.17405	 106.42056	-023.5	1
-06.17405	 106.43217	-022.5	1
-06.17405	 106.44379	-021.1	1
-06.17405	 106.45541	-018.0	1
-06.17405	 106.46703	-018.1	1
-06.17405	 106.47865	-018.1	1
-06.17405	 106.49027	-017.1	1
-06.17405	 106.50189	-017.1	1
-06.17405	 106.51352	-016.0	1
-06.17405	 106.52513	-015.8	1
-06.17405	 106.53674	-017.2	1
-06.17405	 106.54836	-014.3	1
-06.17405	 106.56000	-014.7	1
-06.17405	 106.57161	-016.9	1
-06.17405	 106.58323	-018.0	1
-06.17405	 106.59485	-018.6	1
-06.17405	 106.60646	-018.0	1
-06.17405	 106.61809	-013.7	1
-06.17405	 106.62971	-002.1	1
-06.17405	 106.64133	 011.4	1
-06.17405	 106.65295	 013.7	1
-06.17405	 106.66457	 016.9	1
-06.17405	 106.67619	 017.6	1
-06.17405	 106.68781	 013.5	1
-06.17405	 106.69942	-008.0	1
-06.17405	 106.71105	 000.7	1
-06.17405	 106.72266	 003.0	1
-06.17405	 106.73428	 013.7	1
-06.17405	 106.74590	 017.7	1
-06.17405	 106.75753	 016.8	1
-06.17405	 106.76913	 018.1	1
-06.17405	 106.78075	 018.5	1
-06.17405	 106.79238	 018.3	1
-06.17405	 106.80400	 018.6	1
-06.17405	 106.81561	 018.5	1
-06.17405	 106.82723	 017.4	1
-06.17405	 106.83886	 018.7	1
-06.17405	 106.85048	 018.9	1
-06.17405	 106.86210	-013.8	1
-06.17405	 106.87371	-021.0	1
-06.17405	 106.88533	-019.7	1
-06.17405	 106.89696	-021.8	1
-06.17405	 106.90858	-023.5	1
-06.17405	 106.92019	-025.4	1
-06.17405	 106.93181	-026.1	1
-06.17405	 106.94344	-023.9	1
-06.17405	 106.95506	-021.0	1
-06.17405	 106.96667	-017.1	1
-06.17405	 106.97829	-013.9	1
-06.17405	 106.98991	-017.2	1
-06.17405	 107.00154	-013.0	1
-06.17405	 107.01315	-000.6	1
-06.17405	 107.02477	-004.9	1
-06.17405	 107.03639	-008.4	1
-06.17405	 107.04801	 017.0	1
-06.17405	 107.05962	 020.0	1
-06.17405	 107.07125	 020.1	1
-06.17405	 107.08287	 017.6	1
-06.17405	 107.09449	 019.8	1
-06.17405	 107.10610	 020.3	1
-06.17405	 107.11772	 020.1	1
-06.17405	 107.12935	 019.8	1
-06.17405	 107.14096	 020.2	1
-06.17405	 107.15258	 020.5	1
-06.17405	 107.16420	 020.5	1
-06.17405	 107.17583	 018.9	1
-06.17405	 107.18745	 020.4	1
-06.17405	 107.19907	 020.1	1
-06.17405	 107.21068	 019.9	1
-06.17405	 107.22231	 020.5	1
-06.17405	 107.23392	 020.2	1
-06.17405	 107.24554	 014.6	1
-06.17405	 107.25716	 011.5	1
-06.17405	 107.26878	 020.9	1
-06.17405	 107.28040	 020.5	1
-06.17405	 107.29202	 020.7	1
-06.17405	 107.30363	 019.9	1
-06.17405	 107.31525	 019.3	1
-06.17405	 107.32688	 019.3	1
-06.17405	 107.33850	 020.4	1
-06.17405	 107.35011	 020.0	1
-06.17405	 107.36174	 020.0	1
-06.17405	 107.37336	 020.0	1
-06.17405	 107.38497	 020.1	1
-06.17405	 107.39659	 021.0	1
-06.17405	 107.40821	 019.4	1
-06.17405	 107.41983	 020.0	1
-06.17405	 107.43146	 019.3	1
-06.17405	 107.44307	 020.1	1
-06.17405	 107.45468	 020.2	1
-06.17405	 107.46631	 019.9	1
-06.17405	 107.47793	 020.1	1
-06.17405	 107.48956	 020.2	1
-06.17405	 107.50117	 020.9	1
-06.17405	 107.51279	 020.6	1
-06.17405	 107.52441	 019.4	1
-06.17405	 107.53603	 019.2	1
-06.17405	 107.54765	 019.1	1
-06.17405	 107.55927	 020.1	1
-06.17405	 107.57088	 020.7	1
-06.17405	 107.58251	 019.8	1
-06.17405	 107.59412	 017.4	1
-06.17405	 107.60575	 016.8	1
-06.17405	 107.61736	 014.2	1
-06.17405	 107.62899	 014.3	1
-06.17405	 107.64060	 008.2	1
-06.17405	 107.65223	-003.7	1
-06.17405	 107.66384	-004.4	1
-06.17405	 107.67547	-003.2	1
-06.17405	 107.68709	-008.9	1
-06.17405	 107.69871	-012.9	1
-06.17405	 107.71032	-015.2	1
-06.17405	 107.72194	-015.1	1
-06.17405	 107.73357	-014.3	1
-06.17405	 107.74517	-015.7	1
-06.17405	 107.75681	-014.7	1
-06.17405	 107.76842	-013.1	1
-06.17405	 107.78004	-014.7	1
-06.17405	 107.79166	-014.5	1
-06.17405	 107.80328	-014.0	1
-06.17405	 107.81490	-015.8	1
-06.17405	 107.82652	-017.0	1
-06.17405	 107.83814	-018.1	1
-06.17405	 107.84976	-018.8	1
-06.17405	 107.86137	-019.5	1
-06.17405	 107.87300	-019.7	1
-06.17405	 107.88461	-020.9	1
-06.17405	 107.89622	-021.7	1
-06.17405	 107.90785	-022.2	1
-06.17405	 107.91947	-022.8	1
-06.17405	 107.93110	-023.1	1
-06.17405	 107.94271	-023.5	1
-06.17405	 107.95433	-024.3	1
-06.17405	 107.96596	-024.6	1
-06.17405	 107.97757	-025.7	1
-06.17405	 107.98918	-027.1	1
-06.17405	 108.00082	-028.0	1
-06.17405	 108.01243	-028.9	1
-06.17405	 108.02406	-029.3	1
-06.17405	 108.03567	-029.8	1
-06.17405	 108.04729	-029.9	1
-06.17405	 108.05891	-029.9	1
-06.17405	 108.07052	-030.0	1
-06.17405	 108.08215	-029.6	1
-06.17405	 108.09377	-029.0	1
-06.17405	 108.10538	-029.8	1
-06.17405	 108.11700	-030.5	1
-06.17405	 108.12862	-031.2	1
-06.17405	 108.14024	-031.7	1
-06.17405	 108.15186	-032.1	1
-06.17405	 108.16348	-032.6	1
-06.17405	 108.17511	-033.1	1
-06.17405	 108.18672	-033.6	1
-06.17405	 108.19835	-034.9	1
-06.17405	 108.20996	-035.4	1
-06.17405	 108.22157	-036.2	1
-06.17405	 108.23320	-037.2	1
-06.17405	 108.24482	-037.7	1
-06.17405	 108.25644	-037.7	1
-06.17405	 108.26806	-037.5	1
-06.17405	 108.27968	-038.1	1
-06.17405	 108.29130	-038.6	1
-06.17405	 108.30292	-039.1	1
-06.17405	 108.31453	-039.6	1
-06.17405	 108.32616	-040.4	1
-06.17405	 108.33778	-041.0	1
-06.17405	 108.34940	-041.5	1
-06.18559	 106.40894	-018.3	1
-06.18559	 106.42055	-021.5	1
-06.18559	 106.43217	-023.1	1
-06.18559	 106.44380	-022.5	1
-06.18559	 106.45541	-020.9	1
-06.18559	 106.46703	-018.8	1
-06.18559	 106.47865	-017.2	1
-06.18559	 106.49027	-018.1	1
-06.18559	 106.50189	-016.4	1
-06.18559	 106.51351	-016.7	1
-06.18559	 106.52513	-015.9	1
-06.18559	 106.53675	-015.2	1
-06.18559	 106.54836	-016.3	1
-06.18559	 106.55999	-015.3	1
-06.18559	 106.57160	-013.7	1
-06.18559	 106.58323	-015.9	1
-06.18559	 106.59485	-017.4	1
-06.18559	 106.60646	-018.3	1
-06.18559	 106.61809	-017.9	1
-06.18559	 106.62971	-014.1	1
-06.18559	 106.64132	-001.9	1
-06.18559	 106.65295	 012.9	1
-06.18559	 106.66457	 014.6	1
-06.18559	 106.67619	 017.4	1
-06.18559	 106.68781	 018.0	1
-06.18559	 106.69942	 014.9	1
-06.18559	 106.71104	-001.5	1
-06.18559	 106.72267	 004.9	1
-06.18559	 106.73428	 010.7	1
-06.18559	 106.74590	 015.1	1
-06.18559	 106.75752	 018.3	1
-06.18559	 106.76914	 017.6	1
-06.18559	 106.78075	 018.5	1
-06.18559	 106.79240	 017.0	1
-06.18559	 106.80400	 018.5	1
-06.18559	 106.81562	 018.6	1
-06.18559	 106.82723	 017.7	1
-06.18559	 106.83886	 017.3	1
-06.18559	 106.85048	 018.9	1
-06.18559	 106.86209	 018.1	1
-06.18559	 106.87372	-015.3	1
-06.18559	 106.88533	-020.8	1
-06.18559	 106.89696	-020.1	1
-06.18559	 106.90857	-022.1	1
-06.18559	 106.92019	-024.0	1
-06.18559	 106.93181	-024.9	1
-06.18559	 106.94344	-026.0	1
-06.18559	 106.95506	-022.8	1
-06.18559	 106.96667	-019.6	1
-06.18559	 106.97829	-014.8	1
-06.18559	 106.98991	-015.6	1
-06.18559	 107.00153	-015.0	1
-06.18559	 107.01315	-010.1	1
-06.18559	 107.02477	 013.1	1
-06.18559	 107.03639	-009.6	1
-06.18559	 107.04800	-004.0	1
-06.18559	 107.05962	 019.8	1
-06.18559	 107.07124	 020.2	1
-06.18559	 107.08288	 017.2	1
-06.18559	 107.09449	 019.9	1
-06.18559	 107.10611	 020.4	1
-06.18559	 107.11773	 020.5	1
-06.18559	 107.12935	 018.9	1
-06.18559	 107.14096	 019.6	1
-06.18559	 107.15257	 019.1	1
-06.18559	 107.16421	 019.3	1
-06.18559	 107.17583	 019.0	1
-06.18559	 107.18744	 020.6	1
-06.18559	 107.19906	 019.9	1
-06.18559	 107.21068	 020.2	1
-06.18559	 107.22231	 019.2	1
-06.18559	 107.23392	 019.3	1
-06.18559	 107.24554	 015.0	1
-06.18559	 107.25716	 019.9	1
-06.18559	 107.26878	 020.7	1
-06.18559	 107.28040	 019.8	1
-06.18559	 107.29202	 021.0	1
-06.18559	 107.30364	 019.5	1
-06.18559	 107.31526	 020.9	1
-06.18559	 107.32688	 020.4	1
-06.18559	 107.33849	 021.1	1
-06.18559	 107.35011	 021.1	1
-06.18559	 107.36174	 019.4	1
-06.18559	 107.37335	 019.5	1
-06.18559	 107.38498	 019.4	1
-06.18559	 107.39660	 020.3	1
-06.18559	 107.40822	 020.7	1
-06.18559	 107.41984	 021.0	1
-06.18559	 107.43144	 019.5	1
-06.18559	 107.44307	 020.6	1
-06.18559	 107.45469	 019.6	1
-06.18559	 107.46631	 019.4	1
-06.18559	 107.47793	 021.1	1
-06.18559	 107.48955	 021.0	1
-06.18559	 107.50117	 020.9	1
-06.18559	 107.51279	 021.0	1
-06.18559	 107.52442	 020.0	1
-06.18559	 107.53603	 020.2	1
-06.18559	 107.54765	 019.2	1
-06.18559	 107.55927	 020.0	1
-06.18559	 107.57088	 020.9	1
-06.18559	 107.58250	 019.5	1
-06.18559	 107.59413	 018.0	1
-06.18559	 107.60575	 016.8	1
-06.18559	 107.61736	 014.7	1
-06.18559	 107.62898	 015.0	1
-06.18559	 107.64060	 003.4	1
-06.18559	 107.65222	-002.5	1
-06.18559	 107.66384	-000.7	1
-06.18559	 107.67547	-004.0	1
-06.18559	 107.68709	-010.5	1
-06.18559	 107.69870	-013.4	1
-06.18559	 107.71033	-015.2	1
-06.18559	 107.72195	-014.1	1
-06.18559	 107.73356	-013.9	1
-06.18559	 107.74518	-015.5	1
-06.18559	 107.75680	-013.1	1
-06.18559	 107.76842	-013.6	1
-06.18559	 107.78004	-014.2	1
-06.18559	 107.79166	-013.6	1
-06.18559	 107.80328	-014.6	1
-06.18559	 107.81490	-016.1	1
-06.18559	 107.82652	-017.3	1
-06.18559	 107.83813	-018.1	1
-06.18559	 107.84975	-018.9	1
-06.18559	 107.86137	-019.3	1
-06.18559	 107.87299	-020.3	1
-06.18559	 107.88462	-021.3	1
-06.18559	 107.89623	-021.7	1
-06.18559	 107.90784	-022.3	1
-06.18559	 107.91947	-022.7	1
-06.18559	 107.93109	-023.1	1
-06.18559	 107.94271	-023.9	1
-06.18559	 107.95433	-024.2	1
-06.18559	 107.96596	-025.2	1
-06.18559	 107.97757	-026.5	1
-06.18559	 107.98919	-027.6	1
-06.18559	 108.00082	-028.6	1
-06.18559	 108.01243	-028.8	1
-06.18559	 108.02405	-029.5	1
-06.18559	 108.03567	-029.5	1
-06.18559	 108.04729	-029.5	1
-06.18559	 108.05891	-029.6	1
-06.18559	 108.07052	-029.1	1
-06.18559	 108.08215	-028.7	1
-06.18559	 108.09377	-029.5	1
-06.18559	 108.10538	-030.1	1
-06.18559	 108.11700	-030.8	1
-06.18559	 108.12862	-031.2	1
-06.18559	 108.14024	-031.7	1
-06.18559	 108.15186	-032.3	1
-06.18559	 108.16348	-032.8	1
-06.18559	 108.17511	-033.6	1
-06.18559	 108.18671	-034.5	1
-06.18559	 108.19834	-035.1	1
-06.18559	 108.20996	-036.1	1
-06.18559	 108.22158	-037.1	1
-06.18559	 108.23320	-037.4	1
-06.18559	 108.24482	-037.3	1
-06.18559	 108.25644	-037.3	1
-06.18559	 108.26806	-037.7	1
-06.18559	 108.27967	-038.3	1
-06.18559	 108.29130	-038.9	1
-06.18559	 108.30292	-039.5	1
-06.18559	 108.31453	-040.2	1
-06.18559	 108.32616	-041.1	1
-06.18559	 108.33778	-041.6	1
-06.18559	 108.34939	-042.1	1
-06.18559	 108.36101	-042.5	1
-06.19713	 106.39732	-018.1	1
-06.19713	 106.40894	-016.0	1
-06.19713	 106.42056	-016.6	1
-06.19713	 106.43217	-019.7	1
-06.19713	 106.44379	-022.1	1
-06.19713	 106.45541	-022.2	1
-06.19713	 106.46703	-021.2	1
-06.19713	 106.47865	-019.9	1
-06.19713	 106.49027	-016.7	1
-06.19713	 106.50189	-017.6	1
-06.19713	 106.51351	-016.4	1
-06.19713	 106.52513	-016.0	1
-06.19713	 106.53675	-015.9	1
-06.19713	 106.54836	-014.2	1
-06.19713	 106.56000	-015.3	1
-06.19713	 106.57160	-015.0	1
-06.19713	 106.58323	-012.5	1
-06.19713	 106.59485	-015.2	1
-06.19713	 106.60646	-016.9	1
-06.19713	 106.61809	-017.8	1
-06.19713	 106.62971	-017.8	1
-06.19713	 106.64133	-014.5	1
-06.19713	 106.65294	-002.0	1
-06.19713	 106.66457	 013.9	1
-06.19713	 106.67618	 014.8	1
-06.19713	 106.68781	 017.8	1
-06.19713	 106.69942	 018.0	1
-06.19713	 106.71104	 016.4	1
-06.19713	 106.72266	 001.8	1
-06.19713	 106.73428	 011.3	1
-06.19713	 106.74590	 012.3	1
-06.19713	 106.75752	 016.7	1
-06.19713	 106.76913	 018.5	1
-06.19713	 106.78075	 018.3	1
-06.19713	 106.79238	 018.5	1
-06.19713	 106.80400	 018.7	1
-06.19713	 106.81562	 018.8	1
-06.19713	 106.82724	 018.8	1
-06.19713	 106.83886	 017.5	1
-06.19713	 106.85048	 017.4	1
-06.19713	 106.86209	 019.0	1
-06.19713	 106.87372	 014.1	1
-06.19713	 106.88534	-016.7	1
-06.19713	 106.89696	-020.3	1
-06.19713	 106.90858	-020.0	1
-06.19713	 106.92019	-022.4	1
-06.19713	 106.93181	-024.6	1
-06.19713	 106.94344	-024.1	1
-06.19713	 106.95506	-024.6	1
-06.19713	 106.96667	-021.7	1
-06.19713	 106.97829	-017.1	1
-06.19713	 106.98991	-012.6	1
-06.19713	 107.00153	-015.5	1
-06.19713	 107.01315	-012.0	1
-06.19713	 107.02477	 005.9	1
-06.19713	 107.03639	 003.9	1
-06.19713	 107.04800	-007.6	1
-06.19713	 107.05962	 019.4	1
-06.19713	 107.07124	 020.0	1
-06.19713	 107.08287	 020.1	1
-06.19713	 107.09449	 020.3	1
-06.19713	 107.10610	 019.8	1
-06.19713	 107.11773	 020.5	1
-06.19713	 107.12935	 020.4	1
-06.19713	 107.14097	 020.2	1
-06.19713	 107.15257	 020.2	1
-06.19713	 107.16421	 020.3	1
-06.19713	 107.17583	 020.8	1
-06.19713	 107.18744	 020.8	1
-06.19713	 107.19907	 019.4	1
-06.19713	 107.21068	 019.7	1
-06.19713	 107.22231	 021.1	1
-06.19713	 107.23392	 021.0	1
-06.19713	 107.24554	 016.0	1
-06.19713	 107.25716	 019.9	1
-06.19713	 107.26878	 020.1	1
-06.19713	 107.28040	 020.7	1
-06.19713	 107.29202	 021.2	1
-06.19713	 107.30363	 019.6	1
-06.19713	 107.31526	 020.0	1
-06.19713	 107.32688	 021.3	1
-06.19713	 107.33849	 021.1	1
-06.19713	 107.35012	 021.0	1
-06.19713	 107.36173	 020.2	1
-06.19713	 107.37335	 020.8	1
-06.19713	 107.38498	 020.3	1
-06.19713	 107.39659	 019.6	1
-06.19713	 107.40823	 021.3	1
-06.19713	 107.41983	 021.1	1
-06.19713	 107.43145	 020.1	1
-06.19713	 107.44308	 021.0	1
-06.19713	 107.45469	 019.6	1
-06.19713	 107.46632	 019.8	1
-06.19713	 107.47794	 020.7	1
-06.19713	 107.48956	 021.0	1
-06.19713	 107.50117	 021.2	1
-06.19713	 107.51279	 021.1	1
-06.19713	 107.52441	 020.6	1
-06.19713	 107.53602	 021.1	1
-06.19713	 107.54765	 019.3	1
-06.19713	 107.55927	 020.1	1
-06.19713	 107.57088	 021.0	1
-06.19713	 107.58250	 019.1	1
-06.19713	 107.59412	 018.8	1
-06.19713	 107.60575	 016.8	1
-06.19713	 107.61736	 015.4	1
-06.19713	 107.62898	 015.1	1
-06.19713	 107.64061	 000.1	1
-06.19713	 107.65221	-000.2	1
-06.19713	 107.66384	 000.5	1
-06.19713	 107.67547	-005.5	1
-06.19713	 107.68708	-011.6	1
-06.19713	 107.69871	-014.3	1
-06.19713	 107.71032	-014.4	1
-06.19713	 107.72194	-013.5	1
-06.19713	 107.73356	-015.0	1
-06.19713	 107.74518	-013.7	1
-06.19713	 107.75681	-012.0	1
-06.19713	 107.76842	-014.1	1
-06.19713	 107.78004	-013.5	1
-06.19713	 107.79166	-013.6	1
-06.19713	 107.80328	-015.2	1
-06.19713	 107.81490	-016.5	1
-06.19713	 107.82652	-017.7	1
-06.19713	 107.83813	-018.4	1
-06.19713	 107.84975	-018.8	1
-06.19713	 107.86137	-019.5	1
-06.19713	 107.87300	-020.8	1
-06.19713	 107.88461	-021.2	1
-06.19713	 107.89623	-021.9	1
-06.19713	 107.90785	-022.3	1
-06.19713	 107.91947	-022.6	1
-06.19713	 107.93109	-023.3	1
-06.19713	 107.94271	-023.8	1
-06.19713	 107.95432	-024.4	1
-06.19713	 107.96595	-026.0	1
-06.19713	 107.97757	-027.2	1
-06.19713	 107.98919	-028.1	1
-06.19713	 108.00081	-028.3	1
-06.19713	 108.01243	-029.3	1
-06.19713	 108.02405	-029.0	1
-06.19713	 108.03567	-029.2	1
-06.19713	 108.04729	-029.2	1
-06.19713	 108.05891	-028.5	1
-06.19713	 108.07052	-028.3	1
-06.19713	 108.08215	-029.0	1
-06.19713	 108.09377	-029.9	1
-06.19713	 108.10538	-030.6	1
-06.19713	 108.11700	-030.9	1
-06.19713	 108.12862	-031.4	1
-06.19713	 108.14024	-032.0	1
-06.19713	 108.15186	-032.5	1
-06.19713	 108.16349	-033.3	1
-06.19713	 108.17510	-034.3	1
-06.19713	 108.18671	-034.9	1
-06.19713	 108.19834	-035.9	1
-06.19713	 108.20996	-036.9	1
-06.19713	 108.22158	-037.1	1
-06.19713	 108.23320	-036.8	1
-06.19713	 108.24482	-037.2	1
-06.19713	 108.25644	-037.8	1
-06.19713	 108.26806	-038.1	1
-06.19713	 108.27968	-038.8	1
-06.19713	 108.29131	-039.4	1
-06.19713	 108.30292	-040.2	1
-06.19713	 108.31453	-041.0	1
-06.19713	 108.32616	-041.5	1
-06.19713	 108.33778	-042.0	1
-06.19713	 108.34939	-043.3	1
-06.19713	 108.36101	-043.4	1
-06.19713	 108.37264	-044.5	1
-06.20866	 106.39732	-022.6	1
-06.20866	 106.40894	-017.8	1
-06.20866	 106.42056	-016.7	1
-06.20867	 106.43217	-015.3	1
-06.20867	 106.44380	-017.3	1
-06.20867	 106.45541	-021.4	1
-06.20867	 106.46703	-022.3	1
-06.20867	 106.47865	-021.5	1
-06.20867	 106.49027	-019.5	1
-06.20866	 106.50189	-017.1	1
-06.20866	 106.51352	-016.0	1
-06.20866	 106.52513	-016.7	1
-06.20866	 106.53675	-015.2	1
-06.20866	 106.54836	-015.4	1
-06.20866	 106.55999	-014.2	1
-06.20866	 106.57160	-014.4	1
-06.20867	 106.58323	-015.5	1
-06.20866	 106.59484	-009.9	1
-06.20867	 106.60646	-014.2	1
-06.20866	 106.61809	-016.0	1
-06.20867	 106.62971	-016.9	1
-06.20866	 106.64133	-017.4	1
-06.20867	 106.65294	-014.9	1
-06.20866	 106.66457	-003.6	1
-06.20867	 106.67619	 014.9	1
-06.20866	 106.68781	 015.1	1
-06.20866	 106.69942	 018.1	1
-06.20866	 106.71105	 017.9	1
-06.20867	 106.72267	 017.4	1
-06.20866	 106.73428	 009.3	1
-06.20866	 106.74591	 012.7	1
-06.20866	 106.75753	 014.0	1
-06.20866	 106.76914	 017.7	1
-06.20867	 106.78076	 017.8	1
-06.20866	 106.79239	 018.8	1
-06.20867	 106.80400	 018.3	1
-06.20866	 106.81562	 018.7	1
-06.20867	 106.82723	 019.0	1
-06.20866	 106.83885	 018.9	1
-06.20867	 106.85047	 019.0	1
-06.20866	 106.86209	 018.0	1
-06.20866	 106.87371	 017.7	1
-06.20866	 106.88532	 000.8	1
-06.20867	 106.89696	-017.8	1
-06.20866	 106.90857	-018.9	1
-06.20866	 106.92019	-019.7	1
-06.20866	 106.93182	-022.1	1
-06.20866	 106.94344	-024.7	1
-06.20866	 106.95506	-025.0	1
-06.20866	 106.96667	-023.8	1
-06.20867	 106.97829	-019.8	1
-06.20866	 106.98991	-014.6	1
-06.20867	 107.00153	-013.2	1
-06.20866	 107.01315	-015.7	1
-06.20867	 107.02477	-009.9	1
-06.20866	 107.03639	 017.4	1
-06.20866	 107.04801	-007.9	1
-06.20866	 107.05962	 004.3	1
-06.20866	 107.07124	 020.4	1
-06.20867	 107.08288	 019.2	1
-06.20866	 107.09449	 019.9	1
-06.20866	 107.10611	 019.4	1
-06.20866	 107.11773	 020.5	1
-06.20866	 107.12935	 020.8	1
-06.20866	 107.14096	 020.4	1
-06.20867	 107.15258	 019.9	1
-06.20866	 107.16420	 020.3	1
-06.20867	 107.17582	 019.4	1
-06.20866	 107.18744	 020.9	1
-06.20867	 107.19906	 019.7	1
-06.20866	 107.21069	 021.1	1
-06.20866	 107.22231	 019.5	1
-06.20866	 107.23392	 020.1	1
-06.20866	 107.24554	 019.9	1
-06.20866	 107.25716	 020.2	1
-06.20866	 107.26878	 020.2	1
-06.20866	 107.28040	 019.6	1
-06.20866	 107.29201	 019.7	1
-06.20866	 107.30364	 020.5	1
-06.20866	 107.31525	 021.2	1
-06.20867	 107.32687	 020.9	1
-06.20866	 107.33850	 020.6	1
-06.20867	 107.35012	 020.0	1
-06.20866	 107.36174	 021.3	1
-06.20867	 107.37336	 021.4	1
-06.20866	 107.38497	 021.4	1
-06.20866	 107.39659	 020.6	1
-06.20866	 107.40821	 020.5	1
-06.20866	 107.41983	 020.1	1
-06.20866	 107.43145	 020.9	1
-06.20866	 107.44307	 021.4	1
-06.20866	 107.45470	 020.2	1
-06.20866	 107.46632	 020.7	1
-06.20866	 107.47793	 020.0	1
-06.20866	 107.48956	 020.6	1
-06.20866	 107.50117	 021.2	1
-06.20866	 107.51279	 020.6	1
-06.20867	 107.52441	 021.2	1
-06.20866	 107.53603	 021.0	1
-06.20867	 107.54765	 019.7	1
-06.20866	 107.55927	 020.3	1
-06.20866	 107.57088	 021.1	1
-06.20866	 107.58250	 020.0	1
-06.20866	 107.59413	 019.7	1
-06.20866	 107.60575	 017.2	1
-06.20866	 107.61737	 017.1	1
-06.20866	 107.62899	 014.6	1
-06.20866	 107.64061	 003.6	1
-06.20866	 107.65223	 003.1	1
-06.20866	 107.66384	-000.4	1
-06.20867	 107.67547	-009.0	1
-06.20866	 107.68708	-012.8	1
-06.20867	 107.69869	-014.4	1
-06.20866	 107.71033	-013.2	1
-06.20867	 107.72194	-013.3	1
-06.20866	 107.73355	-014.3	1
-06.20866	 107.74518	-012.0	1
-06.20866	 107.75680	-013.1	1
-06.20866	 107.76842	-013.1	1
-06.20866	 107.78004	-012.7	1
-06.20866	 107.79166	-014.2	1
-06.20866	 107.80328	-015.6	1
-06.20866	 107.81490	-016.7	1
-06.20866	 107.82652	-017.6	1
-06.20866	 107.83813	-018.3	1
-06.20867	 107.84975	-018.7	1
-06.20866	 107.86137	-020.1	1
-06.20867	 107.87300	-020.5	1
-06.20866	 107.88461	-021.2	1
-06.20867	 107.89623	-021.7	1
-06.20866	 107.90785	-022.1	1
-06.20867	 107.91947	-022.7	1
-06.20866	 107.93110	-023.4	1
-06.20866	 107.94271	-023.9	1
-06.20866	 107.95432	-025.5	1
-06.20867	 107.96596	-026.5	1
-06.20866	 107.97757	-027.7	1
-06.20867	 107.98918	-028.2	1
-06.20866	 108.00082	-028.9	1
-06.20866	 108.01243	-028.9	1
-06.20867	 108.02405	-028.9	1
-06.20866	 108.03568	-028.9	1
-06.20867	 108.04729	-028.1	1
-06.20866	 108.05891	-027.9	1
-06.20867	 108.07052	-028.7	1
-06.20866	 108.08215	-029.6	1
-06.20867	 108.09377	-030.1	1
-06.20867	 108.10538	-030.5	1
-06.20866	 108.11700	-031.1	1
-06.20867	 108.12862	-031.6	1
-06.20866	 108.14024	-032.1	1
-06.20866	 108.15186	-033.3	1
-06.20866	 108.16348	-034.0	1
-06.20866	 108.17510	-034.8	1
-06.20866	 108.18672	-035.8	1
-06.20866	 108.19835	-036.6	1
-06.20866	 108.20996	-036.5	1
-06.20867	 108.22158	-036.4	1
-06.20866	 108.23320	-036.9	1
-06.20867	 108.24482	-037.4	1
-06.20866	 108.25645	-038.0	1
-06.20867	 108.26806	-038.6	1
-06.20867	 108.27967	-039.3	1
-06.20866	 108.29130	-040.2	1
-06.20867	 108.30292	-040.9	1
-06.20866	 108.31453	-041.4	1
-06.20866	 108.32616	-042.1	1
-06.20866	 108.33778	-043.4	1
-06.20866	 108.34940	-044.0	1
-06.20866	 108.36101	-044.5	1
-06.20867	 108.37264	-045.4	1
-06.22020	 106.38570	-025.3	1
-06.22020	 106.39732	-025.3	1
-06.22020	 106.40894	-023.4	1
-06.22020	 106.42056	-020.3	1
-06.22020	 106.43217	-016.9	1
-06.22020	 106.44379	-014.8	1
-06.22020	 106.45541	-015.5	1
-06.22020	 106.46703	-019.2	1
-06.22020	 106.47865	-021.3	1
-06.22020	 106.49027	-021.3	1
-06.22020	 106.50188	-019.9	1
-06.22020	 106.51353	-018.3	1
-06.22020	 106.52513	-014.9	1
-06.22020	 106.53675	-016.6	1
-06.22020	 106.54837	-014.7	1
-06.22020	 106.56000	-014.9	1
-06.22020	 106.57160	-014.2	1
-06.22020	 106.58323	-013.4	1
-06.22020	 106.59485	-015.1	1
-06.22020	 106.60646	-012.4	1
-06.22020	 106.61809	-012.7	1
-06.22020	 106.62971	-015.1	1
-06.22020	 106.64132	-016.0	1
-06.22020	 106.65295	-017.0	1
-06.22020	 106.66457	-015.3	1
-06.22020	 106.67619	-005.0	1
-06.22020	 106.68781	 015.9	1
-06.22020	 106.69942	 016.7	1
-06.22020	 106.71105	 018.4	1
-06.22020	 106.72266	 017.3	1
-06.22020	 106.73428	 018.1	1
-06.22020	 106.74590	 012.6	1
-06.22020	 106.75753	 014.3	1
-06.22020	 106.76913	 015.6	1
-06.22020	 106.78075	 018.3	1
-06.22020	 106.79238	 017.2	1
-06.22020	 106.80399	 018.9	1
-06.22020	 106.81562	 018.1	1
-06.22020	 106.82723	 018.6	1
-06.22020	 106.83887	 018.4	1
-06.22020	 106.85048	 018.9	1
-06.22020	 106.86209	 018.8	1
-06.22020	 106.87372	 018.6	1
-06.22020	 106.88533	 019.0	1
-06.22020	 106.89696	-005.8	1
-06.22020	 106.90858	-018.2	1
-06.22020	 106.92019	-017.8	1
-06.22020	 106.93181	-020.0	1
-06.22020	 106.94344	-022.4	1
-06.22020	 106.95506	-024.4	1
-06.22020	 106.96667	-025.0	1
-06.22020	 106.97829	-021.9	1
-06.22020	 106.98992	-018.4	1
-06.22020	 107.00154	-013.2	1
-06.22020	 107.01315	-014.0	1
-06.22020	 107.02477	-011.1	1
-06.22020	 107.03640	 013.5	1
-06.22020	 107.04800	 015.9	1
-06.22020	 107.05962	-006.2	1
-06.22020	 107.07125	 020.7	1
-06.22020	 107.08287	 019.6	1
-06.22020	 107.09449	 019.1	1
-06.22020	 107.10610	 019.2	1
-06.22020	 107.11772	 019.7	1
-06.22020	 107.12936	 020.6	1
-06.22020	 107.14097	 019.3	1
-06.22020	 107.15258	 020.7	1
-06.22020	 107.16422	 019.5	1
-06.22020	 107.17583	 020.8	1
-06.22020	 107.18744	 021.2	1
-06.22020	 107.19907	 020.0	1
-06.22020	 107.21068	 020.5	1
-06.22020	 107.22230	 021.3	1
-06.22020	 107.23391	 020.6	1
-06.22020	 107.24554	 019.7	1
-06.22020	 107.25716	 019.7	1
-06.22020	 107.26878	 020.7	1
-06.22020	 107.28040	 020.5	1
-06.22020	 107.29202	 020.2	1
-06.22020	 107.30364	 021.4	1
-06.22020	 107.31525	 020.0	1
-06.22020	 107.32688	 021.6	1
-06.22020	 107.33850	 020.2	1
-06.22020	 107.35011	 020.2	1
-06.22020	 107.36175	 021.4	1
-06.22020	 107.37335	 020.3	1
-06.22020	 107.38496	 021.2	1
-06.22020	 107.39658	 021.6	1
-06.22020	 107.40821	 020.0	1
-06.22020	 107.41984	 020.1	1
-06.22020	 107.43145	 021.5	1
-06.22020	 107.44307	 021.5	1
-06.22020	 107.45469	 021.2	1
-06.22020	 107.46632	 021.5	1
-06.22020	 107.47793	 020.6	1
-06.22020	 107.48956	 020.2	1
-06.22020	 107.50117	 021.5	1
-06.22020	 107.51279	 021.4	1
-06.22020	 107.52442	 021.4	1
-06.22020	 107.53603	 021.2	1
-06.22020	 107.54765	 020.2	1
-06.22020	 107.55926	 020.3	1
-06.22020	 107.57088	 021.1	1
-06.22020	 107.58250	 020.4	1
-06.22020	 107.59412	 019.6	1
-06.22020	 107.60574	 017.7	1
-06.22020	 107.61736	 017.7	1
-06.22020	 107.62899	 013.5	1
-06.22020	 107.64060	 006.8	1
-06.22020	 107.65223	 005.5	1
-06.22020	 107.66384	-001.4	1
-06.22020	 107.67546	-010.5	1
-06.22020	 107.68709	-013.2	1
-06.22020	 107.69871	-013.3	1
-06.22020	 107.71033	-012.7	1
-06.22020	 107.72194	-014.1	1
-06.22020	 107.73356	-012.5	1
-06.22020	 107.74518	-011.7	1
-06.22020	 107.75680	-012.9	1
-06.22020	 107.76842	-012.4	1
-06.22020	 107.78004	-013.2	1
-06.22020	 107.79166	-014.8	1
-06.22020	 107.80328	-016.0	1
-06.22020	 107.81490	-016.9	1
-06.22020	 107.82652	-017.9	1
-06.22020	 107.83814	-018.0	1
-06.22020	 107.84975	-019.3	1
-06.22020	 107.86138	-020.0	1
-06.22020	 107.87300	-020.5	1
-06.22020	 107.88462	-021.2	1
-06.22020	 107.89624	-021.6	1
-06.22020	 107.90785	-022.2	1
-06.22020	 107.91947	-022.8	1
-06.22020	 107.93109	-023.3	1
-06.22020	 107.94271	-024.9	1
-06.22020	 107.95432	-026.0	1
-06.22020	 107.96595	-027.3	1
-06.22020	 107.97757	-027.8	1
-06.22020	 107.98918	-028.4	1
-06.22020	 108.00082	-028.5	1
-06.22020	 108.01243	-028.5	1
-06.22020	 108.02405	-028.4	1
-06.22020	 108.03568	-027.6	1
-06.22020	 108.04729	-027.5	1
-06.22020	 108.05891	-028.1	1
-06.22020	 108.07052	-029.2	1
-06.22020	 108.08215	-029.7	1
-06.22020	 108.09377	-030.2	1
-06.22020	 108.10538	-030.7	1
-06.22020	 108.11700	-031.3	1
-06.22020	 108.12862	-031.8	1
-06.22020	 108.14024	-033.1	1
-06.22020	 108.15186	-033.7	1
-06.22020	 108.16349	-034.6	1
-06.22020	 108.17510	-035.8	1
-06.22020	 108.18672	-036.3	1
-06.22020	 108.19835	-036.1	1
-06.22020	 108.20996	-036.2	1
-06.22020	 108.22159	-036.7	1
-06.22020	 108.23320	-037.2	1
-06.22020	 108.24482	-037.8	1
-06.22020	 108.25644	-038.5	1
-06.22020	 108.26806	-039.3	1
-06.22020	 108.27967	-040.2	1
-06.22020	 108.29131	-040.7	1
-06.22020	 108.30292	-041.2	1
-06.22020	 108.31453	-042.6	1
-06.22020	 108.32616	-043.5	1
-06.22020	 108.33778	-043.9	1
-06.22020	 108.34940	-045.0	1
-06.22020	 108.36102	-045.8	1
-06.22020	 108.37263	-046.6	1
-06.22020	 108.38425	-047.3	1
-06.23174	 106.38569	-026.2	1
-06.23174	 106.39732	-025.3	1
-06.23174	 106.40894	-024.9	1
-06.23174	 106.42055	-024.8	1
-06.23174	 106.43217	-021.7	1
-06.23174	 106.44380	-016.9	1
-06.23174	 106.45541	-015.2	1
-06.23174	 106.46703	-013.9	1
-06.23174	 106.47865	-016.5	1
-06.23174	 106.49027	-020.7	1
-06.23174	 106.50189	-021.1	1
-06.23174	 106.51351	-020.3	1
-06.23174	 106.52513	-018.5	1
-06.23174	 106.53675	-015.5	1
-06.23174	 106.54837	-015.7	1
-06.23174	 106.56000	-014.8	1
-06.23174	 106.57161	-014.1	1
-06.23174	 106.58323	-014.0	1
-06.23174	 106.59485	-012.5	1
-06.23174	 106.60647	-013.5	1
-06.23174	 106.61809	-013.1	1
-06.23174	 106.62971	-009.8	1
-06.23174	 106.64133	-013.8	1
-06.23174	 106.65295	-015.4	1
-06.23174	 106.66457	-016.6	1
-06.23174	 106.67619	-015.1	1
-06.23174	 106.68781	-006.6	1
-06.23174	 106.69942	 016.5	1
-06.23174	 106.71104	 017.8	1
-06.23174	 106.72266	 018.4	1
-06.23174	 106.73428	 017.2	1
-06.23174	 106.74590	 018.6	1
-06.23174	 106.75752	 014.8	1
-06.23174	 106.76913	 016.0	1
-06.23174	 106.78075	 017.1	1
-06.23174	 106.79238	 018.9	1
-06.23174	 106.80399	 018.5	1
-06.23174	 106.81562	 018.6	1
-06.23174	 106.82723	 017.6	1
-06.23174	 106.83887	 018.0	1
-06.23174	 106.85048	 018.1	1
-06.23174	 106.86209	 018.7	1
-06.23174	 106.87372	 017.9	1
-06.23174	 106.88534	 019.0	1
-06.23174	 106.89697	 019.6	1
-06.23174	 106.90858	-011.1	1
-06.23174	 106.92019	-019.0	1
-06.23174	 106.93182	-018.9	1
-06.23174	 106.94344	-020.5	1
-06.23174	 106.95506	-023.3	1
-06.23174	 106.96667	-023.4	1
-06.23174	 106.97829	-024.0	1
-06.23174	 106.98991	-021.2	1
-06.23174	 107.00153	-016.1	1
-06.23174	 107.01315	-011.3	1
-06.23174	 107.02477	-014.4	1
-06.23174	 107.03640	-009.2	1
-06.23174	 107.04800	 019.9	1
-06.23174	 107.05962	-006.4	1
-06.23174	 107.07124	 014.7	1
-06.23174	 107.08287	 019.1	1
-06.23174	 107.09448	 020.9	1
-06.23174	 107.10610	 020.9	1
-06.23174	 107.11772	 019.3	1
-06.23174	 107.12936	 020.6	1
-06.23174	 107.14096	 021.0	1
-06.23174	 107.15258	 020.4	1
-06.23174	 107.16421	 021.2	1
-06.23174	 107.17583	 020.8	1
-06.23174	 107.18745	 020.0	1
-06.23174	 107.19905	 020.1	1
-06.23174	 107.21068	 021.4	1
-06.23174	 107.22230	 019.9	1
-06.23174	 107.23392	 020.9	1
-06.23174	 107.24553	 021.3	1
-06.23174	 107.25716	 020.3	1
-06.23174	 107.26879	 021.4	1
-06.23174	 107.28040	 021.5	1
-06.23174	 107.29202	 021.6	1
-06.23174	 107.30363	 021.7	1
-06.23174	 107.31526	 021.6	1
-06.23174	 107.32688	 020.7	1
-06.23174	 107.33849	 020.0	1
-06.23174	 107.35011	 021.6	1
-06.23174	 107.36174	 020.3	1
-06.23174	 107.37335	 020.4	1
-06.23174	 107.38497	 020.1	1
-06.23174	 107.39660	 021.0	1
-06.23174	 107.40822	 021.5	1
-06.23174	 107.41985	 021.6	1
-06.23174	 107.43144	 021.8	1
-06.23174	 107.44307	 021.0	1
-06.23174	 107.45469	 021.7	1
-06.23174	 107.46632	 021.5	1
-06.23174	 107.47793	 021.2	1
-06.23174	 107.48956	 020.0	1
-06.23174	 107.50117	 021.3	1
-06.23174	 107.51279	 020.7	1
-06.23174	 107.52441	 020.4	1
-06.23174	 107.53603	 021.5	1
-06.23174	 107.54765	 020.8	1
-06.23174	 107.55926	 020.3	1
-06.23174	 107.57088	 020.9	1
-06.23174	 107.58250	 020.8	1
-06.23174	 107.59412	 019.7	1
-06.23174	 107.60574	 019.1	1
-06.23174	 107.61737	 017.7	1
-06.23174	 107.62899	 013.5	1
-06.23174	 107.64061	 009.8	1
-06.23174	 107.65223	 004.4	1
-06.23174	 107.66384	-006.0	1
-06.23174	 107.67546	-011.5	1
-06.23174	 107.68708	-013.5	1
-06.23174	 107.69870	-012.2	1
-06.23174	 107.71033	-012.6	1
-06.23174	 107.72194	-013.5	1
-06.23174	 107.73356	-010.9	1
-06.23174	 107.74518	-012.2	1
-06.23174	 107.75681	-012.0	1
-06.23174	 107.76842	-012.2	1
-06.23174	 107.78004	-013.7	1
-06.23174	 107.79165	-015.3	1
-06.23174	 107.80328	-016.3	1
-06.23174	 107.81490	-017.1	1
-06.23174	 107.82652	-017.6	1
-06.23174	 107.83813	-018.5	1
-06.23174	 107.84975	-019.6	1
-06.23174	 107.86137	-020.0	1
-06.23174	 107.87300	-020.7	1
-06.23174	 107.88462	-021.0	1
-06.23174	 107.89623	-021.6	1
-06.23174	 107.90785	-022.3	1
-06.23174	 107.91947	-022.7	1
-06.23174	 107.93110	-024.2	1
-06.23174	 107.94270	-025.7	1
-06.23174	 107.95433	-026.7	1
-06.23174	 107.96596	-027.4	1
-06.23174	 107.97757	-028.0	1
-06.23174	 107.98919	-028.1	1
-06.23174	 108.00081	-028.1	1
-06.23174	 108.01244	-028.3	1
-06.23174	 108.02405	-027.1	1
-06.23174	 108.03568	-027.1	1
-06.23174	 108.04729	-027.9	1
-06.23174	 108.05891	-028.8	1
-06.23174	 108.07053	-029.4	1
-06.23174	 108.08215	-029.8	1
-06.23174	 108.09377	-030.3	1
-06.23174	 108.10538	-031.0	1
-06.23174	 108.11700	-031.7	1
-06.23174	 108.12862	-032.8	1
-06.23174	 108.14024	-033.4	1
-06.23174	 108.15186	-034.5	1
-06.23174	 108.16349	-035.6	1
-06.23174	 108.17509	-035.8	1
-06.23174	 108.18672	-035.6	1
-06.23174	 108.19835	-035.7	1
-06.23174	 108.20996	-036.7	1
-06.23174	 108.22158	-036.9	1
-06.23174	 108.23319	-037.6	1
-06.23174	 108.24482	-038.6	1
-06.23174	 108.25644	-039.3	1
-06.23174	 108.26806	-040.0	1
-06.23174	 108.27967	-040.7	1
-06.23174	 108.29130	-041.4	1
-06.23174	 108.30292	-042.7	1
-06.23174	 108.31453	-043.3	1
-06.23174	 108.32616	-043.8	1
-06.23174	 108.33778	-045.3	1
-06.23174	 108.34940	-045.9	1
-06.23174	 108.36101	-047.0	1
-06.23174	 108.37264	-047.5	1
-06.23174	 108.38425	-048.1	1
-06.23174	 108.39587	-048.8	1
-06.24328	 106.37408	-029.5	1
-06.24328	 106.38570	-028.5	1
-06.24328	 106.39732	-027.5	1
-06.24328	 106.40894	-024.9	1
-06.24328	 106.42056	-024.7	1
-06.24328	 106.43217	-024.2	1
-06.24328	 106.44379	-023.1	1
-06.24328	 106.45541	-019.5	1
-06.24328	 106.46704	-015.7	1
-06.24328	 106.47865	-013.6	1
-06.24328	 106.49027	-014.2	1
-06.24328	 106.50188	-018.3	1
-06.24328	 106.51351	-020.2	1
-06.24328	 106.52513	-020.6	1
-06.24328	 106.53676	-018.5	1
-06.24328	 106.54836	-016.0	1
-06.24328	 106.55999	-013.9	1
-06.24328	 106.57160	-015.1	1
-06.24328	 106.58323	-013.3	1
-06.24328	 106.59485	-013.6	1
-06.24328	 106.60646	-011.4	1
-06.24328	 106.61809	-012.5	1
-06.24328	 106.62971	-013.7	1
-06.24328	 106.64132	-004.7	1
-06.24328	 106.65294	-012.8	1
-06.24328	 106.66457	-014.7	1
-06.24328	 106.67619	-016.1	1
-06.24328	 106.68781	-015.2	1
-06.24328	 106.69942	-008.1	1
-06.24328	 106.71105	 017.2	1
-06.24328	 106.72266	 018.3	1
-06.24328	 106.73428	 018.0	1
-06.24328	 106.74591	 017.9	1
-06.24328	 106.75753	 018.8	1
-06.24328	 106.76914	 016.6	1
-06.24328	 106.78075	 017.3	1
-06.24328	 106.79238	 018.1	1
-06.24328	 106.80399	 019.1	1
-06.24328	 106.81563	 019.0	1
-06.24328	 106.82723	 017.9	1
-06.24328	 106.83886	 019.1	1
-06.24328	 106.85048	 019.4	1
-06.24328	 106.86210	 019.4	1
-06.24328	 106.87371	 018.2	1
-06.24328	 106.88533	 019.0	1
-06.24328	 106.89697	 018.8	1
-06.24328	 106.90858	 018.7	1
-06.24328	 106.92019	-012.9	1
-06.24328	 106.93182	-018.7	1
-06.24328	 106.94343	-017.7	1
-06.24328	 106.95506	-020.8	1
-06.24328	 106.96668	-023.4	1
-06.24328	 106.97829	-024.2	1
-06.24328	 106.98991	-023.2	1
-06.24328	 107.00153	-019.7	1
-06.24328	 107.01315	-012.1	1
-06.24328	 107.02477	-013.2	1
-06.24328	 107.03640	-011.2	1
-06.24328	 107.04801	 013.9	1
-06.24328	 107.05962	 020.3	1
-06.24328	 107.07125	-004.5	1
-06.24328	 107.08286	 020.2	1
-06.24328	 107.09448	 021.0	1
-06.24328	 107.10611	 021.1	1
-06.24328	 107.11773	 020.2	1
-06.24328	 107.12935	 019.7	1
-06.24328	 107.14097	 020.5	1
-06.24328	 107.15258	 021.0	1
-06.24328	 107.16420	 019.7	1
-06.24328	 107.17583	 019.8	1
-06.24328	 107.18745	 021.5	1
-06.24328	 107.19906	 020.1	1
-06.24328	 107.21069	 021.5	1
-06.24328	 107.22230	 021.1	1
-06.24328	 107.23392	 020.9	1
-06.24328	 107.24554	 020.1	1
-06.24328	 107.25716	 020.6	1
-06.24328	 107.26879	 020.2	1
-06.24328	 107.28040	 021.4	1
-06.24328	 107.29202	 020.3	1
-06.24328	 107.30363	 020.9	1
-06.24328	 107.31526	 021.6	1
-06.24328	 107.32688	 020.9	1
-06.24328	 107.33849	 021.0	1
-06.24328	 107.35012	 021.7	1
-06.24328	 107.36173	 020.5	1
-06.24328	 107.37335	 021.9	1
-06.24328	 107.38497	 020.9	1
-06.24328	 107.39660	 020.3	1
-06.24328	 107.40822	 021.7	1
-06.24328	 107.41984	 021.6	1
-06.24328	 107.43145	 021.7	1
-06.24328	 107.44308	 020.3	1
-06.24328	 107.45470	 021.4	1
-06.24328	 107.46632	 020.7	1
-06.24328	 107.47794	 021.7	1
-06.24328	 107.48956	 020.2	1
-06.24328	 107.50117	 020.7	1
-06.24328	 107.51279	 020.1	1
-06.24328	 107.52441	 020.3	1
-06.24328	 107.53603	 021.7	1
-06.24328	 107.54765	 020.8	1
-06.24328	 107.55927	 020.6	1
-06.24328	 107.57088	 021.4	1
-06.24328	 107.58251	 021.2	1
-06.24328	 107.59413	 020.2	1
-06.24328	 107.60574	 019.9	1
-06.24328	 107.61736	 016.9	1
-06.24328	 107.62899	 014.2	1
-06.24328	 107.64060	 014.0	1
-06.24328	 107.65223	 002.9	1
-06.24328	 107.66385	-009.1	1
-06.24328	 107.67546	-011.9	1
-06.24328	 107.68708	-012.3	1
-06.24328	 107.69871	-011.4	1
-06.24328	 107.71032	-013.2	1
-06.24328	 107.72195	-011.1	1
-06.24328	 107.73357	-010.9	1
-06.24328	 107.74518	-011.9	1
-06.24328	 107.75681	-011.1	1
-06.24328	 107.76842	-012.6	1
-06.24328	 107.78004	-014.4	1
-06.24328	 107.79166	-015.5	1
-06.24328	 107.80328	-016.6	1
-06.24328	 107.81490	-017.0	1
-06.24328	 107.82652	-017.6	1
-06.24328	 107.83814	-019.2	1
-06.24328	 107.84975	-019.5	1
-06.24328	 107.86137	-020.1	1
-06.24328	 107.87300	-020.4	1
-06.24328	 107.88461	-021.1	1
-06.24328	 107.89623	-021.8	1
-06.24328	 107.90786	-022.2	1
-06.24328	 107.91947	-023.7	1
-06.24328	 107.93110	-025.2	1
-06.24328	 107.94271	-026.4	1
-06.24328	 107.95433	-026.9	1
-06.24328	 107.96596	-027.7	1
-06.24328	 107.97757	-027.7	1
-06.24328	 107.98918	-027.8	1
-06.24328	 108.00082	-027.9	1
-06.24328	 108.01244	-026.7	1
-06.24328	 108.02405	-026.7	1
-06.24328	 108.03568	-027.6	1
-06.24328	 108.04729	-028.5	1
-06.24328	 108.05891	-028.9	1
-06.24328	 108.07053	-029.4	1
-06.24328	 108.08215	-030.0	1
-06.24328	 108.09377	-030.6	1
-06.24328	 108.10538	-031.5	1
-06.24328	 108.11700	-032.6	1
-06.24328	 108.12863	-033.2	1
-06.24328	 108.14024	-034.5	1
-06.24328	 108.15186	-035.3	1
-06.24328	 108.16349	-035.2	1
-06.24328	 108.17510	-035.4	1
-06.24328	 108.18672	-035.7	1
-06.24328	 108.19835	-036.1	1
-06.24328	 108.20997	-036.8	1
-06.24328	 108.22158	-037.7	1
-06.24328	 108.23320	-038.3	1
-06.24328	 108.24482	-039.5	1
-06.24328	 108.25644	-039.9	1
-06.24328	 108.26805	-040.4	1
-06.24328	 108.27968	-041.8	1
-06.24328	 108.29131	-042.7	1
-06.24328	 108.30292	-043.2	1
-06.24328	 108.31453	-044.4	1
-06.24328	 108.32616	-045.3	1
-06.24328	 108.33778	-046.2	1
-06.24328	 108.34940	-046.9	1
-06.24328	 108.36102	-047.9	1
-06.24328	 108.37263	-048.5	1
-06.24328	 108.38425	-049.0	1
-06.24328	 108.39587	-049.7	1
-06.25481	 106.36246	-027.4	1
-06.25481	 106.37408	-028.4	1
-06.25481	 106.38569	-029.4	1
-06.25481	 106.39732	-028.4	1
-06.25481	 106.40894	-027.6	1
-06.25481	 106.42056	-026.1	1
-06.25481	 106.43217	-024.4	1
-06.25481	 106.44380	-024.1	1
-06.25481	 106.45541	-023.8	1
-06.25481	 106.46703	-021.0	1
-06.25481	 106.47865	-015.9	1
-06.25481	 106.49027	-013.9	1
-06.25481	 106.50189	-009.8	1
-06.25481	 106.51352	-014.9	1
-06.25481	 106.52513	-019.6	1
-06.25481	 106.53675	-020.6	1
-06.25481	 106.54837	-018.8	1
-06.25481	 106.56000	-017.2	1
-06.25481	 106.57160	-011.8	1
-06.25481	 106.58323	-014.9	1
-06.25481	 106.59484	-012.9	1
-06.25481	 106.60647	-012.9	1
-06.25481	 106.61809	-011.4	1
-06.25481	 106.62971	-010.1	1
-06.25481	 106.64133	-013.3	1
-06.25481	 106.65294	 004.3	1
-06.25481	 106.66457	-011.0	1
-06.25481	 106.67619	-014.0	1
-06.25481	 106.68781	-015.4	1
-06.25481	 106.69942	-015.3	1
-06.25481	 106.71105	-009.8	1
-06.25481	 106.72266	 017.8	1
-06.25481	 106.73428	 018.7	1
-06.25481	 106.74590	 017.7	1
-06.25481	 106.75752	 018.9	1
-06.25481	 106.76914	 018.4	1
-06.25481	 106.78075	 018.1	1
-06.25481	 106.79238	 018.2	1
-06.25481	 106.80399	 018.8	1
-06.25481	 106.81562	 018.7	1
-06.25481	 106.82722	 017.7	1
-06.25481	 106.83886	 018.4	1
-06.25481	 106.85049	 017.9	1
-06.25481	 106.86209	 019.2	1
-06.25481	 106.87372	 019.5	1
-06.25481	 106.88534	 018.1	1
-06.25481	 106.89696	 019.7	1
-06.25481	 106.90857	 020.0	1
-06.25481	 106.92019	 020.1	1
-06.25481	 106.93182	-014.6	1
-06.25481	 106.94344	-017.0	1
-06.25481	 106.95506	-018.2	1
-06.25481	 106.96667	-020.9	1
-06.25481	 106.97829	-023.3	1
-06.25481	 106.98992	-024.6	1
-06.25481	 107.00153	-021.6	1
-06.25481	 107.01315	-016.9	1
-06.25481	 107.02477	-009.8	1
-06.25481	 107.03640	-012.6	1
-06.25481	 107.04800	-007.2	1
-06.25481	 107.05962	 020.9	1
-06.25481	 107.07124	 015.2	1
-06.25481	 107.08287	 017.9	1
-06.25481	 107.09449	 021.1	1
-06.25481	 107.10609	 019.8	1
-06.25481	 107.11772	 021.2	1
-06.25481	 107.12935	 020.1	1
-06.25481	 107.14097	 019.8	1
-06.25481	 107.15259	 019.8	1
-06.25481	 107.16421	 021.0	1
-06.25481	 107.17583	 021.1	1
-06.25481	 107.18744	 020.6	1
-06.25481	 107.19906	 021.1	1
-06.25481	 107.21069	 021.7	1
-06.25481	 107.22230	 021.8	1
-06.25481	 107.23392	 020.7	1
-06.25481	 107.24554	 021.9	1
-06.25481	 107.25716	 020.2	1
-06.25481	 107.26878	 021.3	1
-06.25481	 107.28040	 020.3	1
-06.25481	 107.29202	 020.5	1
-06.25481	 107.30364	 021.1	1
-06.25481	 107.31526	 020.8	1
-06.25481	 107.32687	 022.0	1
-06.25481	 107.33849	 020.9	1
-06.25481	 107.35012	 020.5	1
-06.25481	 107.36174	 022.0	1
-06.25481	 107.37335	 021.2	1
-06.25481	 107.38496	 022.1	1
-06.25481	 107.39659	 021.8	1
-06.25481	 107.40821	 020.4	1
-06.25481	 107.41984	 020.4	1
-06.25481	 107.43145	 021.3	1
-06.25481	 107.44308	 020.6	1
-06.25481	 107.45469	 020.6	1
-06.25481	 107.46632	 020.3	1
-06.25481	 107.47794	 022.0	1
-06.25481	 107.48955	 020.4	1
-06.25481	 107.50117	 020.3	1
-06.25481	 107.51279	 020.5	1
-06.25481	 107.52441	 020.8	1
-06.25481	 107.53603	 021.3	1
-06.25481	 107.54765	 021.1	1
-06.25481	 107.55927	 020.9	1
-06.25481	 107.57088	 021.7	1
-06.25481	 107.58251	 021.3	1
-06.25481	 107.59412	 020.6	1
-06.25481	 107.60574	 020.2	1
-06.25481	 107.61736	 015.8	1
-06.25481	 107.62899	 015.2	1
-06.25481	 107.64062	 013.7	1
-06.25481	 107.65222	-001.8	1
-06.25481	 107.66384	-010.3	1
-06.25481	 107.67546	-012.3	1
-06.25481	 107.68709	-011.1	1
-06.25481	 107.69869	-012.0	1
-06.25481	 107.71033	-012.1	1
-06.25481	 107.72195	-008.9	1
-06.25481	 107.73356	-011.5	1
-06.25481	 107.74519	-010.8	1
-06.25481	 107.75680	-011.6	1
-06.25481	 107.76842	-013.2	1
-06.25481	 107.78004	-014.6	1
-06.25481	 107.79166	-015.8	1
-06.25481	 107.80328	-016.4	1
-06.25481	 107.81490	-016.8	1
-06.25481	 107.82652	-018.3	1
-06.25481	 107.83814	-018.9	1
-06.25481	 107.84975	-019.6	1
-06.25481	 107.86137	-020.0	1
-06.25481	 107.87299	-020.6	1
-06.25481	 107.88461	-021.3	1
-06.25481	 107.89623	-021.7	1
-06.25481	 107.90786	-023.0	1
-06.25481	 107.91947	-024.6	1
-06.25481	 107.93109	-025.9	1
-06.25481	 107.94271	-026.6	1
-06.25481	 107.95433	-027.3	1
-06.25481	 107.96596	-027.3	1
-06.25481	 107.97757	-027.2	1
-06.25481	 107.98918	-027.6	1
-06.25481	 108.00082	-026.1	1
-06.25481	 108.01243	-026.3	1
-06.25481	 108.02405	-027.2	1
-06.25481	 108.03567	-028.3	1
-06.25481	 108.04729	-028.5	1
-06.25481	 108.05891	-029.1	1
-06.25481	 108.07053	-029.8	1
-06.25481	 108.08215	-030.3	1
-06.25481	 108.09377	-031.5	1
-06.25481	 108.10538	-032.3	1
-06.25481	 108.11700	-033.0	1
-06.25481	 108.12862	-034.3	1
-06.25481	 108.14024	-034.9	1
-06.25481	 108.15186	-034.8	1
-06.25481	 108.16349	-034.9	1
-06.25481	 108.17511	-035.4	1
-06.25481	 108.18671	-036.0	1
-06.25481	 108.19834	-036.6	1
-06.25481	 108.20996	-037.6	1
-06.25481	 108.22159	-038.6	1
-06.25481	 108.23320	-039.2	1
-06.25481	 108.24482	-039.8	1
-06.25481	 108.25644	-040.7	1
-06.25481	 108.26806	-041.9	1
-06.25481	 108.27968	-042.6	1
-06.25481	 108.29130	-043.2	1
-06.25481	 108.30292	-044.8	1
-06.25481	 108.31453	-045.5	1
-06.25481	 108.32616	-046.4	1
-06.25481	 108.33778	-047.2	1
-06.25481	 108.34940	-048.0	1
-06.25481	 108.36101	-048.4	1
-06.25481	 108.37263	-049.4	1
-06.25481	 108.38425	-049.7	1
-06.25481	 108.39587	-050.3	1
-06.25481	 108.40749	-050.9	1
-06.26635	 106.36246	-029.7	1
-06.26635	 106.37408	-026.9	1
-06.26635	 106.38570	-027.1	1
-06.26635	 106.39732	-028.0	1
-06.26635	 106.40894	-028.8	1
-06.26635	 106.42056	-027.6	1
-06.26635	 106.43217	-026.2	1
-06.26635	 106.44380	-024.6	1
-06.26635	 106.45541	-024.0	1
-06.26635	 106.46703	-023.5	1
-06.26635	 106.47866	-022.7	1
-06.26635	 106.49026	-018.7	1
-06.26635	 106.50188	-014.5	1
-06.26635	 106.51351	-006.9	1
-06.26635	 106.52513	-010.5	1
-06.26635	 106.53675	-016.9	1
-06.26635	 106.54836	-019.6	1
-06.26635	 106.55999	-019.2	1
-06.26635	 106.57160	-017.0	1
-06.26635	 106.58323	-014.4	1
-06.26635	 106.59486	-012.9	1
-06.26635	 106.60646	-013.2	1
-06.26635	 106.61809	-010.2	1
-06.26635	 106.62971	-010.3	1
-06.26635	 106.64133	-006.4	1
-06.26635	 106.65295	-011.5	1
-06.26635	 106.66457	-006.2	1
-06.26635	 106.67619	-005.8	1
-06.26635	 106.68781	-012.8	1
-06.26635	 106.69942	-014.3	1
-06.26635	 106.71105	-014.7	1
-06.26635	 106.72267	-011.0	1
-06.26635	 106.73428	 018.0	1
-06.26635	 106.74590	 018.7	1
-06.26635	 106.75752	 017.3	1
-06.26635	 106.76913	 018.7	1
-06.26635	 106.78075	 017.5	1
-06.26635	 106.79238	 018.9	1
-06.26635	 106.80399	 018.9	1
-06.26635	 106.81561	 019.4	1
-06.26635	 106.82723	 018.0	1
-06.26635	 106.83886	 019.5	1
-06.26635	 106.85048	 019.6	1
-06.26635	 106.86210	 019.6	1
-06.26635	 106.87371	 018.3	1
-06.26635	 106.88533	 018.3	1
-06.26635	 106.89696	 019.9	1
-06.26635	 106.90857	 020.1	1
-06.26635	 106.92019	 018.9	1
-06.26635	 106.93182	 019.3	1
-06.26635	 106.94344	-015.4	1
-06.26635	 106.95506	-015.7	1
-06.26635	 106.96667	-018.7	1
-06.26635	 106.97829	-021.4	1
-06.26635	 106.98992	-023.0	1
-06.26635	 107.00154	-022.6	1
-06.26635	 107.01315	-021.1	1
-06.26635	 107.02477	-013.9	1
-06.26635	 107.03639	-008.8	1
-06.26635	 107.04800	-011.9	1
-06.26635	 107.05962	 014.5	1
-06.26635	 107.07124	 019.5	1
-06.26635	 107.08287	 000.3	1
-06.26635	 107.09448	 020.5	1
-06.26635	 107.10610	 020.8	1
-06.26635	 107.11773	 019.7	1
-06.26635	 107.12935	 021.0	1
-06.26635	 107.14096	 019.8	1
-06.26635	 107.15258	 020.4	1
-06.26635	 107.16420	 020.6	1
-06.26635	 107.17583	 021.1	1
-06.26635	 107.18745	 020.4	1
-06.26635	 107.19906	 021.7	1
-06.26635	 107.21068	 021.8	1
-06.26635	 107.22231	 020.9	1
-06.26635	 107.23392	 020.7	1
-06.26635	 107.24554	 020.3	1
-06.26635	 107.25716	 021.7	1
-06.26635	 107.26878	 020.4	1
-06.26635	 107.28040	 020.8	1
-06.26635	 107.29202	 020.5	1
-06.26635	 107.30364	 020.8	1
-06.26635	 107.31526	 022.2	1
-06.26635	 107.32687	 021.0	1
-06.26635	 107.33849	 022.3	1
-06.26635	 107.35011	 021.2	1
-06.26635	 107.36174	 022.0	1
-06.26635	 107.37335	 020.8	1
-06.26635	 107.38497	 021.3	1
-06.26635	 107.39659	 022.0	1
-06.26635	 107.40822	 021.9	1
-06.26635	 107.41983	 022.2	1
-06.26635	 107.43144	 020.7	1
-06.26635	 107.44308	 021.9	1
-06.26635	 107.45469	 020.8	1
-06.26635	 107.46632	 021.3	1
-06.26635	 107.47794	 022.1	1
-06.26635	 107.48955	 020.7	1
-06.26635	 107.50117	 020.9	1
-06.26635	 107.51279	 022.0	1
-06.26635	 107.52441	 021.1	1
-06.26635	 107.53603	 020.6	1
-06.26635	 107.54766	 021.5	1
-06.26635	 107.55927	 021.7	1
-06.26635	 107.57088	 021.9	1
-06.26635	 107.58252	 021.4	1
-06.26635	 107.59412	 021.2	1
-06.26635	 107.60574	 020.3	1
-06.26635	 107.61736	 017.3	1
-06.26635	 107.62898	 016.4	1
-06.26635	 107.64060	 010.2	1
-06.26635	 107.65223	-007.2	1
-06.26635	 107.66385	-010.7	1
-06.26635	 107.67546	-011.1	1
-06.26635	 107.68708	-010.5	1
-06.26635	 107.69871	-012.7	1
-06.26635	 107.71032	-009.7	1
-06.26635	 107.72194	-009.9	1
-06.26635	 107.73356	-010.6	1
-06.26635	 107.74518	-010.1	1
-06.26635	 107.75681	-012.0	1
-06.26635	 107.76842	-013.8	1
-06.26635	 107.78004	-015.3	1
-06.26635	 107.79166	-015.8	1
-06.26635	 107.80328	-016.2	1
-06.26635	 107.81490	-017.5	1
-06.26635	 107.82652	-018.3	1
-06.26635	 107.83814	-019.0	1
-06.26635	 107.84975	-019.5	1
-06.26635	 107.86137	-020.2	1
-06.26635	 107.87301	-020.9	1
-06.26635	 107.88462	-021.3	1
-06.26635	 107.89623	-022.6	1
-06.26635	 107.90785	-024.0	1
-06.26635	 107.91947	-025.3	1
-06.26635	 107.93110	-026.1	1
-06.26635	 107.94271	-026.7	1
-06.26635	 107.95433	-026.7	1
-06.26635	 107.96595	-026.9	1
-06.26635	 107.97757	-027.1	1
-06.26635	 107.98919	-025.7	1
-06.26635	 108.00081	-025.9	1
-06.26635	 108.01244	-026.9	1
-06.26635	 108.02405	-027.9	1
-06.26635	 108.03567	-028.0	1
-06.26635	 108.04729	-028.7	1
-06.26635	 108.05891	-029.4	1
-06.26635	 108.07053	-030.0	1
-06.26635	 108.08215	-031.3	1
-06.26635	 108.09377	-032.0	1
-06.26635	 108.10538	-033.0	1
-06.26635	 108.11700	-034.2	1
-06.26635	 108.12863	-034.5	1
-06.26635	 108.14024	-034.5	1
-06.26635	 108.15186	-034.4	1
-06.26635	 108.16350	-035.3	1
-06.26635	 108.17510	-035.9	1
-06.26635	 108.18672	-036.6	1
-06.26635	 108.19835	-037.6	1
-06.26635	 108.20996	-038.4	1
-06.26635	 108.22158	-039.1	1
-06.26635	 108.23319	-039.7	1
-06.26635	 108.24483	-040.8	1
-06.26635	 108.25644	-041.9	1
-06.26635	 108.26805	-042.6	1
-06.26635	 108.27968	-044.0	1
-06.26635	 108.29130	-044.7	1
-06.26635	 108.30292	-046.0	1
-06.26635	 108.31453	-046.5	1
-06.26635	 108.32616	-047.6	1
-06.26635	 108.33778	-048.0	1
-06.26635	 108.34939	-048.8	1
-06.26635	 108.36102	-049.6	1
-06.26635	 108.37263	-049.8	1
-06.26635	 108.38425	-050.7	1
-06.26635	 108.39587	-051.3	1
-06.26635	 108.40749	-051.6	1
-06.27789	 106.35084	-033.1	1
-06.27789	 106.36246	-031.9	1
-06.27789	 106.37408	-030.5	1
-06.27789	 106.38569	-028.9	1
-06.27789	 106.39732	-026.6	1
-06.27789	 106.40894	-026.9	1
-06.27789	 106.42056	-027.7	1
-06.27789	 106.43217	-027.6	1
-06.27789	 106.44380	-026.9	1
-06.27789	 106.45541	-025.4	1
-06.27789	 106.46703	-023.2	1
-06.27789	 106.47865	-023.3	1
-06.27789	 106.49027	-022.7	1
-06.27789	 106.50188	-020.6	1
-06.27789	 106.51351	-015.7	1
-06.27789	 106.52513	-008.3	1
-06.27789	 106.53675	 000.6	1
-06.27789	 106.54836	-013.3	1
-06.27789	 106.56000	-018.2	1
-06.27789	 106.57160	-019.9	1
-06.27789	 106.58322	-017.9	1
-06.27789	 106.59485	-015.1	1
-06.27789	 106.60646	-004.3	1
-06.27789	 106.61809	-013.2	1
-06.27789	 106.62971	-006.5	1
-06.27789	 106.64132	-008.4	1
-06.27789	 106.65295	-002.2	1
-06.27789	 106.66457	-006.4	1
-06.27789	 106.67619	-006.0	1
-06.27789	 106.68781	 005.5	1
-06.27789	 106.69942	-011.1	1
-06.27789	 106.71104	-013.4	1
-06.27789	 106.72266	-014.1	1
-06.27789	 106.73428	-011.6	1
-06.27789	 106.74590	 018.0	1
-06.27789	 106.75754	 018.1	1
-06.27789	 106.76913	 017.6	1
-06.27789	 106.78076	 017.5	1
-06.27789	 106.79239	 018.7	1
-06.27789	 106.80400	 019.4	1
-06.27789	 106.81563	 019.4	1
-06.27789	 106.82724	 019.5	1
-06.27789	 106.83886	 018.4	1
-06.27789	 106.85049	 018.4	1
-06.27789	 106.86209	 018.3	1
-06.27789	 106.87371	 019.5	1
-06.27789	 106.88534	 018.3	1
-06.27789	 106.89696	 019.7	1
-06.27789	 106.90858	 018.7	1
-06.27789	 106.92020	 019.7	1
-06.27789	 106.93182	 018.9	1
-06.27789	 106.94344	 017.2	1
-06.27789	 106.95506	-016.6	1
-06.27789	 106.96667	-017.1	1
-06.27789	 106.97829	-019.1	1
-06.27789	 106.98991	-022.0	1
-06.27789	 107.00153	-022.9	1
-06.27789	 107.01315	-022.5	1
-06.27789	 107.02477	-018.1	1
-06.27789	 107.03639	-007.9	1
-06.27789	 107.04800	-011.2	1
-06.27789	 107.05962	-001.7	1
-06.27789	 107.07124	 020.5	1
-06.27789	 107.08287	 021.0	1
-06.27789	 107.09449	 020.6	1
-06.27789	 107.10610	 020.4	1
-06.27789	 107.11772	 019.8	1
-06.27789	 107.12935	 021.1	1
-06.27789	 107.14097	 021.0	1
-06.27789	 107.15258	 020.0	1
-06.27789	 107.16420	 021.6	1
-06.27789	 107.17583	 020.4	1
-06.27789	 107.18744	 021.4	1
-06.27789	 107.19906	 020.5	1
-06.27789	 107.21069	 020.8	1
-06.27789	 107.22231	 020.8	1
-06.27789	 107.23391	 020.6	1
-06.27789	 107.24554	 021.1	1
-06.27789	 107.25716	 022.1	1
-06.27789	 107.26878	 021.4	1
-06.27789	 107.28040	 020.6	1
-06.27789	 107.29201	 022.0	1
-06.27789	 107.30363	 020.8	1
-06.27789	 107.31525	 022.3	1
-06.27789	 107.32687	 021.2	1
-06.27789	 107.33849	 022.0	1
-06.27789	 107.35011	 022.4	1
-06.27789	 107.36174	 020.8	1
-06.27789	 107.37335	 022.2	1
-06.27789	 107.38497	 021.0	1
-06.27789	 107.39659	 020.7	1
-06.27789	 107.40822	 021.9	1
-06.27789	 107.41983	 022.2	1
-06.27789	 107.43146	 020.7	1
-06.27789	 107.44308	 022.4	1
-06.27789	 107.45470	 022.2	1
-06.27789	 107.46632	 022.4	1
-06.27789	 107.47794	 022.0	1
-06.27789	 107.48955	 021.9	1
-06.27789	 107.50117	 022.0	1
-06.27789	 107.51279	 022.0	1
-06.27789	 107.52441	 021.7	1
-06.27789	 107.53603	 020.5	1
-06.27789	 107.54765	 021.7	1
-06.27789	 107.55927	 021.6	1
-06.27789	 107.57089	 021.9	1
-06.27789	 107.58251	 021.8	1
-06.27789	 107.59412	 021.6	1
-06.27789	 107.60574	 019.4	1
-06.27789	 107.61736	 018.0	1
-06.27789	 107.62899	 016.1	1
-06.27789	 107.64061	 004.0	1
-06.27789	 107.65222	-009.0	1
-06.27789	 107.66384	-011.2	1
-06.27789	 107.67546	-010.0	1
-06.27789	 107.68709	-011.2	1
-06.27789	 107.69870	-010.6	1
-06.27789	 107.71033	-006.3	1
-06.27789	 107.72195	-010.1	1
-06.27789	 107.73356	-008.7	1
-06.27789	 107.74518	-010.7	1
-06.27789	 107.75681	-012.7	1
-06.27789	 107.76842	-014.1	1
-06.27789	 107.78003	-015.2	1
-06.27789	 107.79166	-015.7	1
-06.27789	 107.80328	-016.8	1
-06.27789	 107.81490	-017.9	1
-06.27789	 107.82652	-018.4	1
-06.27789	 107.83814	-019.0	1
-06.27789	 107.84976	-019.5	1
-06.27789	 107.86137	-020.5	1
-06.27789	 107.87299	-021.0	1
-06.27789	 107.88462	-022.0	1
-06.27789	 107.89622	-023.4	1
-06.27789	 107.90784	-024.9	1
-06.27789	 107.91947	-025.7	1
-06.27789	 107.93109	-026.2	1
-06.27789	 107.94271	-026.3	1
-06.27789	 107.95432	-026.5	1
-06.27789	 107.96595	-026.6	1
-06.27789	 107.97757	-025.0	1
-06.27789	 107.98918	-025.5	1
-06.27789	 108.00081	-026.6	1
-06.27789	 108.01244	-027.4	1
-06.27789	 108.02405	-027.8	1
-06.27789	 108.03568	-028.4	1
-06.27789	 108.04729	-029.0	1
-06.27789	 108.05891	-029.7	1
-06.27789	 108.07053	-031.1	1
-06.27789	 108.08215	-031.7	1
-06.27789	 108.09377	-032.9	1
-06.27789	 108.10538	-034.0	1
-06.27789	 108.11700	-034.0	1
-06.27789	 108.12863	-034.1	1
-06.27789	 108.14025	-034.1	1
-06.27789	 108.15186	-035.1	1
-06.27789	 108.16349	-035.6	1
-06.27789	 108.17511	-036.5	1
-06.27789	 108.18672	-037.6	1
-06.27789	 108.19835	-038.3	1
-06.27789	 108.20996	-039.0	1
-06.27789	 108.22158	-039.8	1
-06.27789	 108.23320	-041.0	1
-06.27789	 108.24483	-041.9	1
-06.27789	 108.25644	-042.7	1
-06.27789	 108.26806	-044.2	1
-06.27789	 108.27968	-045.2	1
-06.27789	 108.29130	-045.9	1
-06.27789	 108.30293	-047.0	1
-06.27789	 108.31453	-047.8	1
-06.27789	 108.32616	-048.2	1
-06.27789	 108.33778	-049.3	1
-06.27789	 108.34940	-049.3	1
-06.27789	 108.36102	-050.2	1
-06.27789	 108.37263	-050.9	1
-06.27789	 108.38425	-051.6	1
-06.27789	 108.39587	-052.0	1
-06.27789	 108.40749	-052.1	1
-06.27789	 108.41911	-052.1	1
-06.28942	 106.35085	-032.8	1
-06.28942	 106.36246	-033.6	1
-06.28942	 106.37408	-032.7	1
-06.28942	 106.38570	-031.3	1
-06.28942	 106.39732	-029.5	1
-06.28942	 106.40894	-027.6	1
-06.28942	 106.42056	-025.4	1
-06.28942	 106.43217	-026.7	1
-06.28942	 106.44380	-027.9	1
-06.28942	 106.45541	-027.4	1
-06.28942	 106.46703	-025.9	1
-06.28942	 106.47865	-024.2	1
-06.28942	 106.49027	-022.8	1
-06.28942	 106.50188	-022.6	1
-06.28942	 106.51351	-022.4	1
-06.28942	 106.52513	-018.4	1
-06.28942	 106.53675	-008.9	1
-06.28942	 106.54836	 007.7	1
-06.28942	 106.55999	-001.2	1
-06.28942	 106.57161	-016.0	1
-06.28942	 106.58323	-018.4	1
-06.28942	 106.59485	-018.2	1
-06.28942	 106.60646	-015.6	1
-06.28942	 106.61809	-005.3	1
-06.28942	 106.62971	-010.7	1
-06.28942	 106.64133	-005.3	1
-06.28942	 106.65294	-005.6	1
-06.28942	 106.66457	-000.5	1
-06.28942	 106.67619	-000.9	1
-06.28942	 106.68781	-009.1	1
-06.28942	 106.69942	 014.2	1
-06.28942	 106.71105	-005.9	1
-06.28942	 106.72267	-012.1	1
-06.28942	 106.73428	-013.5	1
-06.28942	 106.74590	-011.8	1
-06.28942	 106.75753	 018.0	1
-06.28942	 106.76914	 017.5	1
-06.28942	 106.78075	 018.8	1
-06.28942	 106.79237	 018.5	1
-06.28942	 106.80399	 018.8	1
-06.28942	 106.81562	 018.8	1
-06.28942	 106.82724	 019.6	1
-06.28942	 106.83886	 018.6	1
-06.28942	 106.85048	 019.6	1
-06.28942	 106.86209	 019.2	1
-06.28942	 106.87372	 019.4	1
-06.28942	 106.88534	 019.2	1
-06.28942	 106.89695	 020.0	1
-06.28942	 106.90857	 019.7	1
-06.28942	 106.92020	 020.2	1
-06.28942	 106.93182	 019.3	1
-06.28942	 106.94344	 018.9	1
-06.28942	 106.95506	 013.7	1
-06.28942	 106.96667	-016.4	1
-06.28942	 106.97829	-016.3	1
-06.28942	 106.98991	-019.1	1
-06.28942	 107.00153	-022.2	1
-06.28942	 107.01315	-023.7	1
-06.28942	 107.02477	-021.0	1
-06.28942	 107.03639	-014.0	1
-06.28942	 107.04801	 008.1	1
-06.28942	 107.05962	-011.0	1
-06.28942	 107.07125	 014.9	1
-06.28942	 107.08287	 021.2	1
-06.28942	 107.09448	 008.5	1
-06.28942	 107.10610	 020.7	1
-06.28942	 107.11773	 020.0	1
-06.28942	 107.12934	 021.3	1
-06.28942	 107.14097	 021.8	1
-06.28942	 107.15257	 020.3	1
-06.28942	 107.16421	 020.4	1
-06.28942	 107.17583	 022.0	1
-06.28942	 107.18745	 021.9	1
-06.28942	 107.19906	 022.0	1
-06.28942	 107.21069	 020.6	1
-06.28942	 107.22231	 020.9	1
-06.28942	 107.23392	 021.5	1
-06.28942	 107.24554	 021.2	1
-06.28942	 107.25716	 021.0	1
-06.28942	 107.26879	 021.9	1
-06.28942	 107.28040	 021.0	1
-06.28942	 107.29202	 021.5	1
-06.28942	 107.30364	 022.2	1
-06.28942	 107.31526	 022.3	1
-06.28942	 107.32687	 020.9	1
-06.28942	 107.33849	 021.3	1
-06.28942	 107.35012	 022.6	1
-06.28942	 107.36174	 021.8	1
-06.28942	 107.37334	 022.4	1
-06.28942	 107.38497	 022.6	1
-06.28942	 107.39660	 022.3	1
-06.28942	 107.40821	 021.2	1
-06.28942	 107.41983	 021.2	1
-06.28942	 107.43146	 021.6	1
-06.28942	 107.44307	 021.4	1
-06.28942	 107.45469	 022.3	1
-06.28942	 107.46632	 021.0	1
-06.28942	 107.47793	 021.6	1
-06.28942	 107.48955	 022.5	1
-06.28942	 107.50117	 022.5	1
-06.28942	 107.51279	 021.2	1
-06.28942	 107.52441	 022.4	1
-06.28942	 107.53602	 020.7	1
-06.28942	 107.54765	 021.9	1
-06.28942	 107.55927	 021.1	1
-06.28942	 107.57088	 022.1	1
-06.28942	 107.58251	 022.1	1
-06.28942	 107.59413	 021.8	1
-06.28942	 107.60575	 019.7	1
-06.28942	 107.61736	 018.8	1
-06.28942	 107.62898	 015.9	1
-06.28942	 107.64061	-003.2	1
-06.28942	 107.65224	-010.1	1
-06.28942	 107.66384	-009.9	1
-06.28942	 107.67546	-009.3	1
-06.28942	 107.68709	-011.3	1
-06.28942	 107.69871	-006.1	1
-06.28942	 107.71032	-008.8	1
-06.28942	 107.72194	-007.8	1
-06.28942	 107.73356	-008.8	1
-06.28942	 107.74519	-011.3	1
-06.28942	 107.75679	-013.0	1
-06.28942	 107.76842	-014.2	1
-06.28942	 107.78004	-015.1	1
-06.28942	 107.79166	-015.8	1
-06.28942	 107.80328	-017.3	1
-06.28942	 107.81490	-017.7	1
-06.28942	 107.82652	-018.6	1
-06.28942	 107.83814	-019.0	1
-06.28942	 107.84975	-019.8	1
-06.28942	 107.86137	-020.4	1
-06.28942	 107.87299	-021.1	1
-06.28942	 107.88461	-022.6	1
-06.28942	 107.89623	-024.3	1
-06.28942	 107.90785	-025.2	1
-06.28942	 107.91947	-025.6	1
-06.28942	 107.93110	-025.7	1
-06.28942	 107.94272	-026.0	1
-06.28942	 107.95432	-026.1	1
-06.28942	 107.96596	-024.7	1
-06.28942	 107.97757	-025.2	1
-06.28942	 107.98918	-026.2	1
-06.28942	 108.00082	-027.0	1
-06.28942	 108.01243	-027.5	1
-06.28942	 108.02405	-028.0	1
-06.28942	 108.03568	-028.7	1
-06.28942	 108.04729	-029.5	1
-06.28942	 108.05891	-030.8	1
-06.28942	 108.07053	-031.5	1
-06.28942	 108.08215	-032.9	1
-06.28942	 108.09377	-033.6	1
-06.28942	 108.10538	-033.7	1
-06.28942	 108.11700	-033.7	1
-06.28942	 108.12863	-033.7	1
-06.28942	 108.14024	-034.7	1
-06.28942	 108.15186	-035.4	1
-06.28942	 108.16349	-036.5	1
-06.28942	 108.17510	-037.7	1
-06.28942	 108.18672	-038.1	1
-06.28942	 108.19835	-038.9	1
-06.28942	 108.20996	-040.3	1
-06.28942	 108.22158	-041.1	1
-06.28942	 108.23320	-041.9	1
-06.28942	 108.24482	-043.4	1
-06.28942	 108.25644	-044.3	1
-06.28942	 108.26805	-045.7	1
-06.28942	 108.27969	-046.4	1
-06.28942	 108.29130	-047.3	1
-06.28942	 108.30292	-047.8	1
-06.28942	 108.31453	-048.7	1
-06.28942	 108.32616	-049.4	1
-06.28942	 108.33778	-049.8	1
-06.28942	 108.34940	-050.7	1
-06.28942	 108.36102	-051.0	1
-06.28942	 108.37263	-052.0	1
-06.28942	 108.38425	-052.3	1
-06.28942	 108.39587	-051.8	1
-06.28942	 108.40749	-052.4	1
-06.28942	 108.41911	-053.0	1
-06.30096	 106.33922	-035.9	1
-06.30096	 106.35084	-033.3	1
-06.30096	 106.36246	-032.9	1
-06.30096	 106.37407	-032.8	1
-06.30096	 106.38569	-033.0	1
-06.30096	 106.39732	-032.1	1
-06.30096	 106.40894	-030.7	1
-06.30096	 106.42056	-028.7	1
-06.30096	 106.43217	-026.2	1
-06.30096	 106.44379	-025.0	1
-06.30096	 106.45541	-026.2	1
-06.30096	 106.46704	-027.9	1
-06.30096	 106.47865	-025.9	1
-06.30096	 106.49027	-024.8	1
-06.30096	 106.50188	-023.1	1
-06.30096	 106.51351	-022.4	1
-06.30096	 106.52513	-021.7	1
-06.30096	 106.53675	-019.8	1
-06.30096	 106.54837	-015.0	1
-06.30096	 106.56000	 001.5	1
-06.30096	 106.57160	 013.4	1
-06.30096	 106.58323	-008.9	1
-06.30096	 106.59485	-017.3	1
-06.30096	 106.60646	-018.5	1
-06.30096	 106.61809	-016.1	1
-06.30096	 106.62971	-010.9	1
-06.30096	 106.64133	-001.2	1
-06.30096	 106.65294	-007.8	1
-06.30096	 106.66457	 001.6	1
-06.30096	 106.67619	 000.3	1
-06.30096	 106.68781	 011.8	1
-06.30096	 106.69942	-003.5	1
-06.30096	 106.71105	 016.5	1
-06.30096	 106.72266	 002.6	1
-06.30096	 106.73428	-011.2	1
-06.30096	 106.74590	-012.7	1
-06.30096	 106.75753	-011.3	1
-06.30096	 106.76914	 017.5	1
-06.30096	 106.78075	 018.1	1
-06.30096	 106.79238	 019.5	1
-06.30096	 106.80400	 019.6	1
-06.30096	 106.81561	 018.1	1
-06.30096	 106.82722	 018.0	1
-06.30096	 106.83886	 018.9	1
-06.30096	 106.85048	 018.2	1
-06.30096	 106.86210	 019.3	1
-06.30096	 106.87372	 019.4	1
-06.30096	 106.88533	 019.1	1
-06.30096	 106.89695	 020.0	1
-06.30096	 106.90858	 020.3	1
-06.30096	 106.92020	 020.4	1
-06.30096	 106.93182	 019.7	1
-06.30096	 106.94344	 020.0	1
-06.30096	 106.95505	 019.0	1
-06.30096	 106.96667	-005.7	1
-06.30096	 106.97829	-015.1	1
-06.30096	 106.98992	-015.8	1
-06.30096	 107.00153	-018.9	1
-06.30096	 107.01315	-021.8	1
-06.30096	 107.02477	-022.2	1
-06.30096	 107.03639	-018.9	1
-06.30096	 107.04800	-005.3	1
-06.30096	 107.05963	-006.7	1
-06.30096	 107.07125	 000.9	1
-06.30096	 107.08287	 019.9	1
-06.30096	 107.09448	 020.2	1
-06.30096	 107.10610	 021.7	1
-06.30096	 107.11772	 020.4	1
-06.30096	 107.12935	 021.5	1
-06.30096	 107.14097	 020.7	1
-06.30096	 107.15258	 021.8	1
-06.30096	 107.16420	 020.8	1
-06.30096	 107.17583	 020.8	1
-06.30096	 107.18744	 020.5	1
-06.30096	 107.19907	 022.3	1
-06.30096	 107.21069	 020.7	1
-06.30096	 107.22231	 022.4	1
-06.30096	 107.23392	 022.1	1
-06.30096	 107.24554	 022.5	1
-06.30096	 107.25716	 021.0	1
-06.30096	 107.26878	 020.9	1
-06.30096	 107.28040	 021.7	1
-06.30096	 107.29202	 022.2	1
-06.30096	 107.30364	 022.7	1
-06.30096	 107.31526	 021.7	1
-06.30096	 107.32687	 021.0	1
-06.30096	 107.33849	 021.1	1
-06.30096	 107.35012	 021.6	1
-06.30096	 107.36174	 022.8	1
-06.30096	 107.37334	 021.1	1
-06.30096	 107.38497	 021.8	1
-06.30096	 107.39659	 022.0	1
-06.30096	 107.40821	 022.8	1
-06.30096	 107.41984	 021.3	1
-06.30096	 107.43146	 022.7	1
-06.30096	 107.44307	 021.1	1
-06.30096	 107.45469	 021.2	1
-06.30096	 107.46631	 021.0	1
-06.30096	 107.47794	 021.3	1
-06.30096	 107.48955	 021.7	1
-06.30096	 107.50117	 021.8	1
-06.30096	 107.51279	 021.0	1
-06.30096	 107.52441	 022.3	1
-06.30096	 107.53603	 020.8	1
-06.30096	 107.54765	 021.1	1
-06.30096	 107.55926	 020.9	1
-06.30096	 107.57089	 022.2	1
-06.30096	 107.58251	 022.3	1
-06.30096	 107.59412	 021.9	1
-06.30096	 107.60574	 020.7	1
-06.30096	 107.61736	 018.5	1
-06.30096	 107.62898	 014.9	1
-06.30096	 107.64061	-006.2	1
-06.30096	 107.65224	-010.3	1
-06.30096	 107.66384	-008.6	1
-06.30096	 107.67546	-009.9	1
-06.30096	 107.68708	-008.4	1
-06.30096	 107.69870	-003.5	1
-06.30096	 107.71033	-007.4	1
-06.30096	 107.72195	-004.7	1
-06.30096	 107.73356	-009.9	1
-06.30096	 107.74518	-012.0	1
-06.30096	 107.75681	-013.4	1
-06.30096	 107.76842	-014.3	1
-06.30096	 107.78003	-015.0	1
-06.30096	 107.79166	-016.4	1
-06.30096	 107.80328	-017.2	1
-06.30096	 107.81490	-017.9	1
-06.30096	 107.82651	-018.4	1
-06.30096	 107.83814	-019.1	1
-06.30096	 107.84975	-020.3	1
-06.30096	 107.86138	-020.5	1
-06.30096	 107.87300	-022.0	1
-06.30096	 107.88462	-023.7	1
-06.30096	 107.89623	-024.6	1
-06.30096	 107.90785	-025.2	1
-06.30096	 107.91947	-025.3	1
-06.30096	 107.93111	-025.5	1
-06.30096	 107.94271	-025.6	1
-06.30096	 107.95433	-024.2	1
-06.30096	 107.96595	-024.9	1
-06.30096	 107.97758	-025.8	1
-06.30096	 107.98919	-026.6	1
-06.30096	 108.00082	-027.1	1
-06.30096	 108.01243	-027.6	1
-06.30096	 108.02406	-028.3	1
-06.30096	 108.03568	-029.4	1
-06.30096	 108.04729	-030.4	1
-06.30096	 108.05891	-031.4	1
-06.30096	 108.07053	-032.8	1
-06.30096	 108.08216	-033.3	1
-06.30096	 108.09377	-033.2	1
-06.30096	 108.10538	-033.2	1
-06.30096	 108.11700	-033.7	1
-06.30096	 108.12862	-034.6	1
-06.30096	 108.14024	-035.5	1
-06.30096	 108.15186	-036.6	1
-06.30096	 108.16349	-037.6	1
-06.30096	 108.17510	-038.0	1
-06.30096	 108.18672	-039.2	1
-06.30096	 108.19834	-040.4	1
-06.30096	 108.20997	-041.2	1
-06.30096	 108.22158	-042.2	1
-06.30096	 108.23320	-043.6	1
-06.30096	 108.24482	-045.0	1
-06.30096	 108.25645	-045.8	1
-06.30096	 108.26806	-046.8	1
-06.30096	 108.27967	-047.4	1
-06.30096	 108.29130	-048.2	1
-06.30096	 108.30293	-049.1	1
-06.30096	 108.31453	-049.3	1
-06.30096	 108.32616	-050.3	1
-06.30096	 108.33777	-050.9	1
-06.30096	 108.34940	-052.0	1
-06.30096	 108.36102	-052.1	1
-06.30096	 108.37264	-051.9	1
-06.30096	 108.38425	-052.0	1
-06.30096	 108.39587	-052.7	1
-06.30096	 108.40749	-053.3	1
-06.30096	 108.41911	-054.2	1
-06.30096	 108.43073	-054.3	1
-06.31250	 106.33922	-038.6	1
-06.31250	 106.35084	-037.5	1
-06.31250	 106.36246	-035.3	1
-06.31250	 106.37407	-032.9	1
-06.31250	 106.38570	-032.6	1
-06.31250	 106.39732	-032.6	1
-06.31250	 106.40894	-032.6	1
-06.31250	 106.42056	-031.3	1
-06.31250	 106.43217	-029.9	1
-06.31250	 106.44380	-028.2	1
-06.31250	 106.45541	-024.9	1
-06.31250	 106.46704	-024.9	1
-06.31250	 106.47865	-026.1	1
-06.31250	 106.49027	-026.7	1
-06.31250	 106.50189	-025.2	1
-06.31250	 106.51351	-024.0	1
-06.31250	 106.52513	-021.4	1
-06.31250	 106.53674	-021.2	1
-06.31250	 106.54837	-020.7	1
-06.31250	 106.56000	-017.7	1
-06.31250	 106.57160	 004.8	1
-06.31250	 106.58324	 014.5	1
-06.31250	 106.59485	 013.1	1
-06.31250	 106.60647	-014.8	1
-06.31250	 106.61809	-017.9	1
-06.31250	 106.62971	-016.4	1
-06.31250	 106.64133	-013.5	1
-06.31250	 106.65295	 013.1	1
-06.31250	 106.66457	-006.4	1
-06.31250	 106.67619	 012.1	1
-06.31250	 106.68781	 011.3	1
-06.31250	 106.69942	 014.9	1
-06.31250	 106.71105	 011.6	1
-06.31250	 106.72266	 013.3	1
-06.31250	 106.73428	 014.5	1
-06.31250	 106.74590	-006.5	1
-06.31250	 106.75753	-011.7	1
-06.31250	 106.76913	-011.2	1
-06.31250	 106.78075	 017.1	1
-06.31250	 106.79239	 019.5	1
-06.31250	 106.80400	 018.6	1
-06.31250	 106.81562	 018.3	1
-06.31250	 106.82722	 019.1	1
-06.31250	 106.83886	 019.6	1
-06.31250	 106.85048	 018.3	1
-06.31250	 106.86209	 019.7	1
-06.31250	 106.87371	 018.5	1
-06.31250	 106.88534	 020.0	1
-06.31250	 106.89697	 020.0	1
-06.31250	 106.90858	 020.5	1
-06.31250	 106.92020	 020.4	1
-06.31250	 106.93181	 020.2	1
-06.31250	 106.94344	 019.5	1
-06.31250	 106.95506	 020.4	1
-06.31250	 106.96667	 019.2	1
-06.31250	 106.97829	-011.6	1
-06.31250	 106.98992	-013.1	1
-06.31250	 107.00154	-016.8	1
-06.31250	 107.01315	-020.7	1
-06.31250	 107.02477	-021.2	1
-06.31250	 107.03639	-021.5	1
-06.31250	 107.04801	-016.0	1
-06.31250	 107.05962	 017.5	1
-06.31250	 107.07125	-007.3	1
-06.31250	 107.08287	 020.1	1
-06.31250	 107.09448	 021.8	1
-06.31250	 107.10610	 019.2	1
-06.31250	 107.11773	 020.5	1
-06.31250	 107.12935	 021.6	1
-06.31250	 107.14096	 022.1	1
-06.31250	 107.15258	 021.5	1
-06.31250	 107.16421	 022.2	1
-06.31250	 107.17583	 021.7	1
-06.31250	 107.18744	 021.3	1
-06.31250	 107.19906	 021.7	1
-06.31250	 107.21069	 021.0	1
-06.31250	 107.22231	 022.6	1
-06.31250	 107.23392	 020.9	1
-06.31250	 107.24554	 021.9	1
-06.31250	 107.25716	 022.8	1
-06.31250	 107.26878	 021.1	1
-06.31250	 107.28040	 022.5	1
-06.31250	 107.29202	 022.5	1
-06.31250	 107.30363	 021.9	1
-06.31250	 107.31526	 021.2	1
-06.31250	 107.32688	 022.7	1
-06.31250	 107.33850	 022.1	1
-06.31250	 107.35011	 022.1	1
-06.31250	 107.36175	 021.5	1
-06.31250	 107.37334	 022.4	1
-06.31250	 107.38497	 022.0	1
-06.31250	 107.39658	 021.6	1
-06.31250	 107.40822	 021.3	1
-06.31250	 107.41984	 022.5	1
-06.31250	 107.43145	 022.9	1
-06.31250	 107.44308	 022.5	1
-06.31250	 107.45470	 021.9	1
-06.31250	 107.46631	 021.3	1
-06.31250	 107.47793	 021.2	1
-06.31250	 107.48956	 021.2	1
-06.31250	 107.50117	 021.1	1
-06.31250	 107.51279	 022.1	1
-06.31250	 107.52442	 021.4	1
-06.31250	 107.53603	 021.0	1
-06.31250	 107.54765	 021.5	1
-06.31250	 107.55926	 021.0	1
-06.31250	 107.57088	 022.3	1
-06.31250	 107.58251	 022.4	1
-06.31250	 107.59412	 021.7	1
-06.31250	 107.60575	 021.0	1
-06.31250	 107.61737	 018.3	1
-06.31250	 107.62899	 002.4	1
-06.31250	 107.64060	-008.7	1
-06.31250	 107.65222	-008.8	1
-06.31250	 107.66384	-006.9	1
-06.31250	 107.67546	-009.6	1
-06.31250	 107.68708	-001.2	1
-06.31250	 107.69871	-006.6	1
-06.31250	 107.71033	-003.1	1
-06.31250	 107.72194	-005.6	1
-06.31250	 107.73356	-010.7	1
-06.31250	 107.74518	-012.2	1
-06.31250	 107.75680	-013.4	1
-06.31250	 107.76842	-014.1	1
-06.31250	 107.78004	-015.6	1
-06.31250	 107.79166	-016.5	1
-06.31250	 107.80328	-017.0	1
-06.31250	 107.81490	-017.9	1
-06.31250	 107.82652	-018.4	1
-06.31250	 107.83813	-019.7	1
-06.31250	 107.84975	-019.9	1
-06.31250	 107.86137	-021.4	1
-06.31250	 107.87299	-023.1	1
-06.31250	 107.88462	-024.2	1
-06.31250	 107.89623	-024.6	1
-06.31250	 107.90785	-024.8	1
-06.31250	 107.91947	-025.0	1
-06.31250	 107.93109	-025.1	1
-06.31250	 107.94271	-023.7	1
-06.31250	 107.95433	-024.3	1
-06.31250	 107.96596	-025.5	1
-06.31250	 107.97758	-026.3	1
-06.31250	 107.98919	-026.5	1
-06.31250	 108.00081	-027.5	1
-06.31250	 108.01243	-027.8	1
-06.31250	 108.02405	-029.3	1
-06.31250	 108.03567	-030.2	1
-06.31250	 108.04729	-031.3	1
-06.31250	 108.05891	-032.7	1
-06.31250	 108.07053	-032.7	1
-06.31250	 108.08216	-032.8	1
-06.31250	 108.09377	-032.8	1
-06.31250	 108.10539	-033.7	1
-06.31250	 108.11700	-034.3	1
-06.31250	 108.12862	-035.5	1
-06.31250	 108.14024	-036.8	1
-06.31250	 108.15186	-037.4	1
-06.31250	 108.16349	-038.1	1
-06.31250	 108.17509	-039.4	1
-06.31250	 108.18672	-040.5	1
-06.31250	 108.19834	-041.2	1
-06.31250	 108.20996	-043.0	1
-06.31250	 108.22158	-043.9	1
-06.31250	 108.23320	-045.6	1
-06.31250	 108.24482	-046.1	1
-06.31250	 108.25644	-047.3	1
-06.31250	 108.26805	-047.8	1
-06.31250	 108.27967	-048.6	1
-06.31250	 108.29131	-049.2	1
-06.31250	 108.30292	-049.9	1
-06.31250	 108.31454	-050.7	1
-06.31250	 108.32616	-051.8	1
-06.31250	 108.33778	-052.0	1
-06.31250	 108.34939	-051.8	1
-06.31250	 108.36101	-052.0	1
-06.31250	 108.37263	-052.6	1
-06.31250	 108.38425	-053.0	1
-06.31250	 108.39587	-054.0	1
-06.31250	 108.40749	-054.2	1
-06.31250	 108.41911	-054.3	1
-06.31250	 108.43073	-054.4	1
-06.32404	 106.32761	-042.1	1
-06.32403	 106.33922	-041.6	1
-06.32404	 106.35085	-039.8	1
-06.32404	 106.36246	-038.7	1
-06.32404	 106.37408	-037.2	1
-06.32403	 106.38570	-035.2	1
-06.32403	 106.39732	-032.5	1
-06.32404	 106.40894	-032.1	1
-06.32404	 106.42056	-031.9	1
-06.32403	 106.43217	-032.0	1
-06.32404	 106.44380	-030.4	1
-06.32404	 106.45541	-028.9	1
-06.32404	 106.46703	-026.9	1
-06.32404	 106.47865	-023.7	1
-06.32404	 106.49026	-024.7	1
-06.32404	 106.50189	-025.9	1
-06.32404	 106.51351	-026.0	1
-06.32404	 106.52513	-024.2	1
-06.32404	 106.53675	-022.2	1
-06.32404	 106.54837	-021.1	1
-06.32404	 106.55999	-020.4	1
-06.32404	 106.57160	-019.3	1
-06.32404	 106.58323	-014.1	1
-06.32404	 106.59485	 013.7	1
-06.32404	 106.60647	 017.5	1
-06.32404	 106.61809	 005.8	1
-06.32404	 106.62971	-016.3	1
-06.32403	 106.64133	-016.9	1
-06.32404	 106.65295	-014.0	1
-06.32404	 106.66457	 009.0	1
-06.32404	 106.67619	 011.3	1
-06.32403	 106.68780	 012.7	1
-06.32404	 106.69942	 013.6	1
-06.32404	 106.71104	 015.1	1
-06.32404	 106.72266	 015.0	1
-06.32404	 106.73428	 007.3	1
-06.32403	 106.74590	 018.2	1
-06.32404	 106.75752	 004.2	1
-06.32404	 106.76913	-009.2	1
-06.32404	 106.78076	-011.1	1
-06.32403	 106.79238	 016.5	1
-06.32404	 106.80400	 019.5	1
-06.32404	 106.81562	 018.3	1
-06.32404	 106.82723	 019.0	1
-06.32404	 106.83886	 019.5	1
-06.32404	 106.85048	 019.6	1
-06.32404	 106.86210	 019.1	1
-06.32404	 106.87372	 020.3	1
-06.32404	 106.88533	 020.3	1
-06.32404	 106.89696	 019.0	1
-06.32404	 106.90858	 019.1	1
-06.32404	 106.92020	 020.5	1
-06.32404	 106.93182	 019.3	1
-06.32404	 106.94343	 019.3	1
-06.32404	 106.95505	 019.2	1
-06.32404	 106.96667	 020.8	1
-06.32404	 106.97829	 021.0	1
-06.32403	 106.98991	-012.6	1
-06.32404	 107.00153	-014.3	1
-06.32403	 107.01315	-017.0	1
-06.32404	 107.02477	-021.2	1
-06.32404	 107.03639	-023.3	1
-06.32404	 107.04800	-019.2	1
-06.32403	 107.05962	-007.2	1
-06.32404	 107.07125	 020.1	1
-06.32404	 107.08287	-002.6	1
-06.32404	 107.09449	 021.8	1
-06.32403	 107.10610	 020.9	1
-06.32404	 107.11773	 020.5	1
-06.32404	 107.12935	 021.2	1
-06.32404	 107.14097	 022.0	1
-06.32403	 107.15258	 020.7	1
-06.32404	 107.16421	 022.5	1
-06.32404	 107.17583	 021.9	1
-06.32404	 107.18745	 022.6	1
-06.32403	 107.19906	 020.9	1
-06.32404	 107.21069	 021.1	1
-06.32404	 107.22230	 022.6	1
-06.32404	 107.23392	 021.9	1
-06.32403	 107.24553	 021.3	1
-06.32404	 107.25716	 021.7	1
-06.32404	 107.26878	 022.1	1
-06.32404	 107.28040	 022.6	1
-06.32404	 107.29202	 021.4	1
-06.32404	 107.30363	 022.6	1
-06.32404	 107.31525	 023.1	1
-06.32404	 107.32687	 022.2	1
-06.32404	 107.33849	 023.1	1
-06.32403	 107.35011	 023.1	1
-06.32404	 107.36174	 022.5	1
-06.32403	 107.37335	 023.0	1
-06.32403	 107.38497	 023.1	1
-06.32403	 107.39658	 023.1	1
-06.32404	 107.40822	 023.2	1
-06.32403	 107.41983	 023.1	1
-06.32404	 107.43146	 022.5	1
-06.32403	 107.44308	 023.0	1
-06.32404	 107.45469	 023.1	1
-06.32404	 107.46632	 022.1	1
-06.32404	 107.47794	 022.4	1
-06.32404	 107.48956	 022.6	1
-06.32404	 107.50117	 022.4	1
-06.32404	 107.51279	 022.9	1
-06.32404	 107.52441	 021.3	1
-06.32403	 107.53603	 021.3	1
-06.32404	 107.54765	 022.5	1
-06.32404	 107.55927	 021.1	1
-06.32404	 107.57088	 021.8	1
-06.32403	 107.58250	 022.4	1
-06.32404	 107.59413	 022.0	1
-06.32403	 107.60575	 021.0	1
-06.32404	 107.61736	 017.9	1
-06.32403	 107.62898	-001.9	1
-06.32404	 107.64061	-009.0	1
-06.32403	 107.65223	-005.7	1
-06.32404	 107.66384	-008.9	1
-06.32403	 107.67546	-003.4	1
-06.32404	 107.68709	-000.8	1
-06.32403	 107.69871	-002.3	1
-06.32404	 107.71033	-001.1	1
-06.32403	 107.72195	-008.8	1
-06.32403	 107.73357	-011.0	1
-06.32403	 107.74519	-012.5	1
-06.32404	 107.75681	-013.4	1
-06.32403	 107.76842	-014.6	1
-06.32403	 107.78003	-015.8	1
-06.32403	 107.79166	-016.4	1
-06.32404	 107.80328	-017.2	1
-06.32403	 107.81489	-017.9	1
-06.32404	 107.82651	-019.2	1
-06.32403	 107.83813	-019.2	1
-06.32404	 107.84975	-020.8	1
-06.32404	 107.86137	-022.5	1
-06.32404	 107.87299	-023.6	1
-06.32404	 107.88462	-024.2	1
-06.32404	 107.89623	-024.2	1
-06.32404	 107.90785	-024.7	1
-06.32404	 107.91947	-024.6	1
-06.32404	 107.93110	-023.3	1
-06.32404	 107.94271	-024.0	1
-06.32404	 107.95433	-025.2	1
-06.32404	 107.96595	-025.8	1
-06.32404	 107.97757	-026.1	1
-06.32404	 107.98918	-027.1	1
-06.32404	 108.00082	-027.6	1
-06.32404	 108.01243	-029.2	1
-06.32404	 108.02405	-029.9	1
-06.32404	 108.03567	-031.2	1
-06.32404	 108.04729	-032.2	1
-06.32404	 108.05891	-032.4	1
-06.32404	 108.07053	-032.3	1
-06.32404	 108.08215	-032.4	1
-06.32404	 108.09377	-033.4	1
-06.32404	 108.10538	-034.3	1
-06.32404	 108.11700	-035.5	1
-06.32404	 108.12862	-036.7	1
-06.32404	 108.14024	-037.3	1
-06.32404	 108.15186	-038.3	1
-06.32403	 108.16349	-039.7	1
-06.32404	 108.17510	-040.7	1
-06.32404	 108.18671	-041.9	1
-06.32404	 108.19834	-043.1	1
-06.32403	 108.20996	-044.6	1
-06.32403	 108.22158	-045.9	1
-06.32404	 108.23319	-046.6	1
-06.32403	 108.24482	-047.6	1
-06.32404	 108.25644	-048.3	1
-06.32403	 108.26806	-048.7	1
-06.32404	 108.27967	-049.3	1
-06.32403	 108.29130	-050.4	1
-06.32404	 108.30292	-051.4	1
-06.32403	 108.31454	-052.0	1
-06.32404	 108.32616	-051.4	1
-06.32404	 108.33778	-051.8	1
-06.32404	 108.34940	-052.5	1
-06.32403	 108.36102	-052.8	1
-06.32404	 108.37263	-053.8	1
-06.32404	 108.38425	-054.1	1
-06.32404	 108.39587	-054.2	1
-06.32403	 108.40749	-054.0	1
-06.32404	 108.41911	-054.7	1
-06.32404	 108.43073	-055.1	1
-06.32404	 108.44234	-055.7	1
-06.33557	 106.32759	-043.5	1
-06.33557	 106.33922	-042.6	1
-06.33557	 106.35084	-041.8	1
-06.33557	 106.36246	-041.6	1
-06.33557	 106.37408	-039.6	1
-06.33557	 106.38570	-038.3	1
-06.33557	 106.39732	-036.7	1
-06.33557	 106.40894	-034.9	1
-06.33557	 106.42056	-032.1	1
-06.33557	 106.43217	-031.6	1
-06.33557	 106.44380	-031.6	1
-06.33557	 106.45541	-031.3	1
-06.33557	 106.46704	-029.8	1
-06.33557	 106.47865	-028.4	1
-06.33557	 106.49026	-026.3	1
-06.33557	 106.50189	-022.7	1
-06.33557	 106.51351	-024.2	1
-06.33557	 106.52513	-025.3	1
-06.33557	 106.53675	-024.4	1
-06.33557	 106.54836	-023.3	1
-06.33557	 106.56000	-020.9	1
-06.33557	 106.57161	-020.1	1
-06.33557	 106.58323	-019.3	1
-06.33557	 106.59485	-016.5	1
-06.33557	 106.60648	 015.1	1
-06.33557	 106.61809	 017.7	1
-06.33557	 106.62971	 017.5	1
-06.33557	 106.64133	-013.4	1
-06.33557	 106.65294	-016.7	1
-06.33557	 106.66457	-015.0	1
-06.33557	 106.67619	-004.8	1
-06.33557	 106.68781	 016.4	1
-06.33557	 106.69942	 012.2	1
-06.33557	 106.71106	 016.2	1
-06.33557	 106.72267	 016.1	1
-06.33557	 106.73428	 018.0	1
-06.33557	 106.74590	 013.3	1
-06.33557	 106.75753	 019.4	1
-06.33557	 106.76913	 014.8	1
-06.33557	 106.78075	-003.7	1
-06.33557	 106.79238	-008.9	1
-06.33557	 106.80399	 015.3	1
-06.33557	 106.81561	 018.6	1
-06.33557	 106.82724	 019.9	1
-06.33557	 106.83886	 020.0	1
-06.33557	 106.85048	 018.8	1
-06.33557	 106.86210	 019.0	1
-06.33557	 106.87372	 020.4	1
-06.33557	 106.88534	 019.0	1
-06.33557	 106.89696	 018.9	1
-06.33557	 106.90858	 019.0	1
-06.33557	 106.92020	 020.7	1
-06.33557	 106.93181	 019.6	1
-06.33557	 106.94344	 019.7	1
-06.33557	 106.95506	 019.5	1
-06.33557	 106.96667	 019.4	1
-06.33557	 106.97829	 021.1	1
-06.33557	 106.98992	 019.7	1
-06.33557	 107.00153	-013.3	1
-06.33557	 107.01315	-013.6	1
-06.33557	 107.02477	-016.8	1
-06.33557	 107.03639	-021.1	1
-06.33557	 107.04800	-022.0	1
-06.33557	 107.05963	-017.6	1
-06.33557	 107.07125	 020.9	1
-06.33557	 107.08288	 015.7	1
-06.33557	 107.09449	 021.7	1
-06.33557	 107.10610	 020.6	1
-06.33557	 107.11773	 022.3	1
-06.33557	 107.12935	 022.4	1
-06.33557	 107.14096	 022.3	1
-06.33557	 107.15258	 022.4	1
-06.33557	 107.16421	 020.9	1
-06.33557	 107.17583	 022.6	1
-06.33557	 107.18745	 021.1	1
-06.33557	 107.19906	 021.2	1
-06.33557	 107.21068	 021.3	1
-06.33557	 107.22231	 022.1	1
-06.33557	 107.23392	 022.2	1
-06.33557	 107.24554	 021.5	1
-06.33557	 107.25716	 021.5	1
-06.33557	 107.26878	 022.9	1
-06.33557	 107.28040	 022.4	1
-06.33557	 107.29202	 022.7	1
-06.33557	 107.30364	 023.2	1
-06.33557	 107.31526	 021.7	1
-06.33557	 107.32687	 021.6	1
-06.33557	 107.33849	 023.0	1
-06.33557	 107.35012	 021.7	1
-06.33557	 107.36173	 023.1	1
-06.33557	 107.37335	 021.7	1
-06.33557	 107.38496	 021.7	1
-06.33557	 107.39660	 021.7	1
-06.33557	 107.40822	 021.7	1
-06.33557	 107.41984	 022.0	1
-06.33557	 107.43145	 021.7	1
-06.33557	 107.44308	 021.9	1
-06.33557	 107.45469	 022.1	1
-06.33557	 107.46631	 022.9	1
-06.33557	 107.47794	 021.5	1
-06.33557	 107.48955	 022.1	1
-06.33557	 107.50117	 022.4	1
-06.33557	 107.51280	 022.5	1
-06.33557	 107.52441	 021.4	1
-06.33557	 107.53603	 021.5	1
-06.33557	 107.54765	 023.0	1
-06.33557	 107.55927	 021.2	1
-06.33557	 107.57089	 021.3	1
-06.33557	 107.58250	 022.8	1
-06.33557	 107.59412	 022.4	1
-06.33557	 107.60576	 020.8	1
-06.33557	 107.61737	 014.8	1
-06.33557	 107.62898	-006.2	1
-06.33557	 107.64061	-007.1	1
-06.33557	 107.65223	-003.5	1
-06.33557	 107.66384	-006.6	1
-06.33557	 107.67546	 005.9	1
-06.33557	 107.68709	-001.5	1
-06.33557	 107.69871	 003.6	1
-06.33557	 107.71032	-003.5	1
-06.33557	 107.72195	-009.9	1
-06.33557	 107.73357	-011.6	1
-06.33557	 107.74519	-012.5	1
-06.33557	 107.75680	-013.5	1
-06.33557	 107.76842	-015.2	1
-06.33557	 107.78004	-015.8	1
-06.33557	 107.79166	-016.5	1
-06.33557	 107.80328	-017.1	1
-06.33557	 107.81489	-018.5	1
-06.33557	 107.82652	-018.7	1
-06.33557	 107.83814	-020.2	1
-06.33557	 107.84975	-021.9	1
-06.33557	 107.86138	-023.1	1
-06.33557	 107.87300	-023.6	1
-06.33557	 107.88461	-023.7	1
-06.33557	 107.89623	-024.2	1
-06.33557	 107.90785	-024.0	1
-06.33557	 107.91947	-023.1	1
-06.33557	 107.93109	-023.9	1
-06.33557	 107.94271	-024.9	1
-06.33557	 107.95433	-025.5	1
-06.33557	 107.96596	-025.9	1
-06.33557	 107.97757	-026.7	1
-06.33557	 107.98919	-027.5	1
-06.33557	 108.00082	-029.0	1
-06.33557	 108.01243	-029.7	1
-06.33557	 108.02406	-031.1	1
-06.33557	 108.03567	-031.8	1
-06.33557	 108.04729	-031.8	1
-06.33557	 108.05891	-031.9	1
-06.33557	 108.07053	-032.2	1
-06.33557	 108.08215	-033.2	1
-06.33557	 108.09377	-034.3	1
-06.33557	 108.10538	-035.7	1
-06.33557	 108.11700	-036.6	1
-06.33557	 108.12862	-037.3	1
-06.33557	 108.14024	-039.1	1
-06.33557	 108.15186	-039.8	1
-06.33557	 108.16348	-040.9	1
-06.33557	 108.17511	-042.5	1
-06.33557	 108.18673	-043.8	1
-06.33557	 108.19835	-045.1	1
-06.33557	 108.20997	-046.1	1
-06.33557	 108.22158	-047.1	1
-06.33557	 108.23320	-048.1	1
-06.33557	 108.24482	-048.5	1
-06.33557	 108.25644	-049.0	1
-06.33557	 108.26805	-050.0	1
-06.33557	 108.27968	-051.0	1
-06.33557	 108.29130	-051.8	1
-06.33557	 108.30292	-051.7	1
-06.33557	 108.31454	-051.7	1
-06.33557	 108.32616	-052.3	1
-06.33557	 108.33778	-052.6	1
-06.33557	 108.34940	-053.7	1
-06.33557	 108.36101	-053.6	1
-06.33557	 108.37263	-054.0	1
-06.33557	 108.38425	-053.8	1
-06.33557	 108.39587	-054.5	1
-06.33557	 108.40749	-055.1	1
-06.33557	 108.41911	-055.7	1
-06.33557	 108.43073	-055.6	1
-06.33557	 108.44236	-055.1	1
-06.34711	 106.31598	-044.2	1
-06.34711	 106.32760	-043.5	1
-06.34711	 106.33922	-043.9	1
-06.34711	 106.35084	-043.5	1
-06.34711	 106.36246	-042.4	1
-06.34711	 106.37408	-041.5	1
-06.34711	 106.38570	-041.2	1
-06.34711	 106.39732	-039.9	1
-06.34711	 106.40894	-038.1	1
-06.34711	 106.42056	-036.4	1
-06.34711	 106.43217	-034.2	1
-06.34711	 106.44379	-031.9	1
-06.34711	 106.45541	-031.2	1
-06.34711	 106.46703	-031.0	1
-06.34711	 106.47865	-030.5	1
-06.34711	 106.49026	-029.2	1
-06.34711	 106.50188	-027.8	1
-06.34711	 106.51351	-024.5	1
-06.34711	 106.52513	-022.4	1
-06.34711	 106.53676	-023.9	1
-06.34711	 106.54836	-024.6	1
-06.34711	 106.56000	-022.9	1
-06.34711	 106.57161	-021.5	1
-06.34711	 106.58323	-019.1	1
-06.34711	 106.59485	-019.1	1
-06.34711	 106.60646	-018.6	1
-06.34711	 106.61810	-010.3	1
-06.34711	 106.62971	 017.5	1
-06.34711	 106.64133	 018.4	1
-06.34711	 106.65295	 014.3	1
-06.34711	 106.66458	-014.8	1
-06.34711	 106.67619	-015.3	1
-06.34711	 106.68781	-004.0	1
-06.34711	 106.69943	 018.0	1
-06.34711	 106.71105	 013.6	1
-06.34711	 106.72267	 018.1	1
-06.34711	 106.73428	 018.2	1
-06.34711	 106.74591	 019.2	1
-06.34711	 106.75753	 017.5	1
-06.34711	 106.76914	 019.6	1
-06.34711	 106.78075	 018.2	1
-06.34711	 106.79238	 003.8	1
-06.34711	 106.80400	-005.6	1
-06.34711	 106.81562	 013.2	1
-06.34711	 106.82722	 018.6	1
-06.34711	 106.83886	 019.3	1
-06.34711	 106.85048	 018.7	1
-06.34711	 106.86210	 019.0	1
-06.34711	 106.87371	 019.1	1
-06.34711	 106.88533	 019.2	1
-06.34711	 106.89697	 020.3	1
-06.34711	 106.90858	 020.2	1
-06.34711	 106.92020	 019.2	1
-06.34711	 106.93182	 020.1	1
-06.34711	 106.94344	 019.4	1
-06.34711	 106.95506	 020.5	1
-06.34711	 106.96667	 021.0	1
-06.34711	 106.97829	 019.7	1
-06.34711	 106.98992	 021.2	1
-06.34711	 107.00153	 021.5	1
-06.34711	 107.01315	-012.3	1
-06.34711	 107.02477	-012.9	1
-06.34711	 107.03640	-017.6	1
-06.34711	 107.04800	-022.2	1
-06.34711	 107.05963	-020.2	1
-06.34711	 107.07125	-012.4	1
-06.34711	 107.08287	 022.1	1
-06.34711	 107.09448	 000.6	1
-06.34711	 107.10611	 022.2	1
-06.34711	 107.11772	 020.8	1
-06.34711	 107.12935	 021.5	1
-06.34711	 107.14096	 022.6	1
-06.34711	 107.15259	 021.0	1
-06.34711	 107.16420	 021.9	1
-06.34711	 107.17583	 022.4	1
-06.34711	 107.18744	 022.9	1
-06.34711	 107.19907	 023.0	1
-06.34711	 107.21068	 022.4	1
-06.34711	 107.22231	 023.0	1
-06.34711	 107.23392	 023.0	1
-06.34711	 107.24554	 022.8	1
-06.34711	 107.25716	 021.6	1
-06.34711	 107.26878	 021.8	1
-06.34711	 107.28040	 022.7	1
-06.34711	 107.29202	 023.4	1
-06.34711	 107.30364	 023.4	1
-06.34711	 107.31526	 022.3	1
-06.34711	 107.32687	 021.8	1
-06.34711	 107.33849	 022.3	1
-06.34711	 107.35012	 022.6	1
-06.34711	 107.36174	 021.9	1
-06.34711	 107.37334	 023.4	1
-06.34711	 107.38497	 023.6	1
-06.34711	 107.39660	 023.6	1
-06.34711	 107.40822	 023.6	1
-06.34711	 107.41984	 023.5	1
-06.34711	 107.43145	 022.6	1
-06.34711	 107.44308	 022.6	1
-06.34711	 107.45470	 022.7	1
-06.34711	 107.46632	 023.4	1
-06.34711	 107.47793	 022.8	1
-06.34711	 107.48956	 023.4	1
-06.34711	 107.50117	 021.7	1
-06.34711	 107.51279	 021.8	1
-06.34711	 107.52441	 021.8	1
-06.34711	 107.53603	 022.1	1
-06.34711	 107.54765	 022.4	1
-06.34711	 107.55927	 021.5	1
-06.34711	 107.57088	 021.3	1
-06.34711	 107.58250	 022.9	1
-06.34711	 107.59412	 022.4	1
-06.34711	 107.60575	 020.6	1
-06.34711	 107.61736	 001.9	1
-06.34711	 107.62899	-007.7	1
-06.34711	 107.64060	-001.6	1
-06.34711	 107.65223	-007.3	1
-06.34711	 107.66383	 003.1	1
-06.34711	 107.67547	 002.6	1
-06.34711	 107.68709	 005.4	1
-06.34711	 107.69871	 004.4	1
-06.34711	 107.71032	-007.0	1
-06.34711	 107.72194	-010.2	1
-06.34711	 107.73356	-011.6	1
-06.34711	 107.74518	-012.4	1
-06.34711	 107.75681	-014.3	1
-06.34711	 107.76842	-014.9	1
-06.34711	 107.78004	-015.9	1
-06.34711	 107.79166	-016.4	1
-06.34711	 107.80328	-017.6	1
-06.34711	 107.81490	-018.1	1
-06.34711	 107.82652	-019.6	1
-06.34711	 107.83813	-021.4	1
-06.34711	 107.84975	-022.7	1
-06.34711	 107.86137	-023.0	1
-06.34711	 107.87299	-023.3	1
-06.34711	 107.88462	-023.8	1
-06.34711	 107.89623	-023.5	1
-06.34711	 107.90785	-022.6	1
-06.34711	 107.91948	-023.5	1
-06.34711	 107.93109	-024.7	1
-06.34711	 107.94271	-024.9	1
-06.34711	 107.95432	-025.7	1
-06.34711	 107.96595	-026.5	1
-06.34711	 107.97758	-027.4	1
-06.34711	 107.98919	-028.7	1
-06.34711	 108.00081	-029.4	1
-06.34711	 108.01243	-031.0	1
-06.34711	 108.02405	-031.3	1
-06.34711	 108.03568	-031.4	1
-06.34711	 108.04729	-031.4	1
-06.34711	 108.05891	-032.1	1
-06.34711	 108.07053	-033.1	1
-06.34711	 108.08215	-034.5	1
-06.34711	 108.09377	-035.9	1
-06.34711	 108.10538	-036.7	1
-06.34711	 108.11701	-037.4	1
-06.34711	 108.12862	-039.4	1
-06.34711	 108.14024	-040.1	1
-06.34711	 108.15186	-041.9	1
-06.34711	 108.16348	-042.7	1
-06.34711	 108.17510	-044.6	1
-06.34711	 108.18672	-045.8	1
-06.34711	 108.19835	-046.5	1
-06.34711	 108.20996	-047.9	1
-06.34711	 108.22158	-048.5	1
-06.34711	 108.23320	-048.5	1
-06.34711	 108.24483	-049.2	1
-06.34711	 108.25644	-050.6	1
-06.34711	 108.26806	-051.5	1
-06.34711	 108.27968	-051.9	1
-06.34711	 108.29130	-051.5	1
-06.34711	 108.30292	-052.4	1
-06.34711	 108.31454	-052.6	1
-06.34711	 108.32616	-053.4	1
-06.34711	 108.33778	-053.7	1
-06.34711	 108.34940	-053.8	1
-06.34711	 108.36102	-053.8	1
-06.34711	 108.37263	-054.2	1
-06.34711	 108.38425	-055.1	1
-06.34711	 108.39587	-055.7	1
-06.34711	 108.40751	-055.5	1
-06.34711	 108.41911	-055.0	1
-06.34711	 108.43073	-055.4	1
-06.34711	 108.44235	-055.4	1
-06.34711	 108.45398	-055.7	1
-06.35865	 106.31598	-044.9	1
-06.35865	 106.32759	-044.7	1
-06.35865	 106.33922	-044.2	1
-06.35865	 106.35085	-043.3	1
-06.35865	 106.36246	-043.5	1
-06.35865	 106.37408	-043.1	1
-06.35865	 106.38570	-042.2	1
-06.35865	 106.39732	-041.4	1
-06.35865	 106.40894	-041.1	1
-06.35865	 106.42056	-039.6	1
-06.35865	 106.43217	-037.7	1
-06.35865	 106.44379	-035.7	1
-06.35865	 106.45541	-033.4	1
-06.35865	 106.46703	-031.6	1
-06.35865	 106.47865	-030.7	1
-06.35865	 106.49028	-030.4	1
-06.35865	 106.50189	-029.4	1
-06.35865	 106.51351	-028.4	1
-06.35865	 106.52513	-026.5	1
-06.35865	 106.53675	-022.6	1
-06.35865	 106.54836	-022.0	1
-06.35865	 106.56000	-023.2	1
-06.35865	 106.57160	-023.9	1
-06.35865	 106.58323	-021.4	1
-06.35865	 106.59485	-020.2	1
-06.35865	 106.60646	-018.6	1
-06.35865	 106.61809	-017.7	1
-06.35865	 106.62971	-015.3	1
-06.35865	 106.64133	 017.0	1
-06.35865	 106.65295	 018.8	1
-06.35865	 106.66457	 018.4	1
-06.35865	 106.67619	-006.7	1
-06.35865	 106.68780	-014.9	1
-06.35865	 106.69942	-010.0	1
-06.35865	 106.71105	 016.0	1
-06.35865	 106.72267	 018.6	1
-06.35865	 106.73428	 018.3	1
-06.35865	 106.74590	 019.1	1
-06.35865	 106.75753	 019.5	1
-06.35865	 106.76914	 019.0	1
-06.35865	 106.78076	 019.5	1
-06.35865	 106.79239	 019.9	1
-06.35865	 106.80400	 014.9	1
-06.35865	 106.81562	-000.7	1
-06.35865	 106.82723	 014.4	1
-06.35865	 106.83886	 019.9	1
-06.35865	 106.85049	 020.4	1
-06.35865	 106.86211	 020.1	1
-06.35865	 106.87372	 019.0	1
-06.35865	 106.88533	 020.6	1
-06.35865	 106.89696	 020.2	1
-06.35865	 106.90858	 019.5	1
-06.35865	 106.92019	 021.0	1
-06.35865	 106.93181	 019.5	1
-06.35865	 106.94344	 019.6	1
-06.35865	 106.95506	 021.3	1
-06.35865	 106.96667	 021.3	1
-06.35865	 106.97829	 020.1	1
-06.35865	 106.98991	 020.4	1
-06.35865	 107.00154	 021.1	1
-06.35865	 107.01315	 020.2	1
-06.35865	 107.02477	-004.7	1
-06.35865	 107.03640	-014.1	1
-06.35865	 107.04801	-020.1	1
-06.35865	 107.05962	-022.5	1
-06.35865	 107.07125	-017.6	1
-06.35865	 107.08288	 018.4	1
-06.35865	 107.09449	 021.2	1
-06.35865	 107.10611	 022.3	1
-06.35865	 107.11772	 021.6	1
-06.35865	 107.12935	 022.7	1
-06.35865	 107.14097	 021.3	1
-06.35865	 107.15259	 021.6	1
-06.35865	 107.16421	 021.6	1
-06.35865	 107.17583	 021.6	1
-06.35865	 107.18745	 022.0	1
-06.35865	 107.19906	 022.7	1
-06.35865	 107.21068	 023.1	1
-06.35865	 107.22231	 022.8	1
-06.35865	 107.23392	 023.4	1
-06.35865	 107.24554	 023.4	1
-06.35865	 107.25716	 022.1	1
-06.35865	 107.26878	 022.2	1
-06.35865	 107.28040	 023.6	1
-06.35865	 107.29202	 023.6	1
-06.35865	 107.30364	 023.0	1
-06.35865	 107.31527	 022.0	1
-06.35865	 107.32688	 022.6	1
-06.35865	 107.33849	 022.1	1
-06.35865	 107.35012	 023.8	1
-06.35865	 107.36174	 023.7	1
-06.35865	 107.37336	 022.9	1
-06.35865	 107.38498	 022.1	1
-06.35865	 107.39659	 022.1	1
-06.35865	 107.40822	 022.1	1
-06.35865	 107.41984	 022.6	1
-06.35865	 107.43145	 023.7	1
-06.35865	 107.44307	 023.6	1
-06.35865	 107.45470	 023.7	1
-06.35865	 107.46632	 023.7	1
-06.35865	 107.47794	 023.6	1
-06.35865	 107.48956	 022.0	1
-06.35865	 107.50117	 023.2	1
-06.35865	 107.51280	 023.2	1
-06.35865	 107.52441	 021.8	1
-06.35865	 107.53603	 022.1	1
-06.35865	 107.54765	 022.9	1
-06.35865	 107.55927	 022.7	1
-06.35865	 107.57088	 021.5	1
-06.35865	 107.58250	 023.0	1
-06.35865	 107.59412	 022.4	1
-06.35865	 107.60575	 018.2	1
-06.35865	 107.61737	-001.7	1
-06.35865	 107.62898	-003.2	1
-06.35865	 107.64061	 002.9	1
-06.35865	 107.65223	-000.7	1
-06.35865	 107.66384	 015.9	1
-06.35865	 107.67547	 007.5	1
-06.35865	 107.68710	 015.1	1
-06.35865	 107.69870	-001.2	1
-06.35865	 107.71032	-008.9	1
-06.35865	 107.72194	-010.3	1
-06.35865	 107.73356	-011.4	1
-06.35865	 107.74519	-013.0	1
-06.35865	 107.75681	-014.1	1
-06.35865	 107.76842	-015.0	1
-06.35865	 107.78004	-015.8	1
-06.35865	 107.79166	-016.7	1
-06.35865	 107.80328	-017.6	1
-06.35865	 107.81490	-018.9	1
-06.35865	 107.82652	-020.7	1
-06.35865	 107.83814	-021.9	1
-06.35865	 107.84975	-022.5	1
-06.35865	 107.86137	-022.9	1
-06.35865	 107.87299	-023.2	1
-06.35865	 107.88462	-022.8	1
-06.35865	 107.89624	-022.1	1
-06.35865	 107.90785	-023.3	1
-06.35865	 107.91947	-024.4	1
-06.35865	 107.93110	-024.5	1
-06.35865	 107.94271	-025.5	1
-06.35865	 107.95433	-026.2	1
-06.35865	 107.96596	-027.5	1
-06.35865	 107.97758	-028.6	1
-06.35865	 107.98918	-029.4	1
-06.35865	 108.00082	-030.8	1
-06.35865	 108.01243	-030.8	1
-06.35865	 108.02405	-030.9	1
-06.35865	 108.03568	-031.2	1
-06.35865	 108.04729	-031.8	1
-06.35865	 108.05891	-033.6	1
-06.35865	 108.07053	-034.6	1
-06.35865	 108.08215	-036.0	1
-06.35865	 108.09377	-036.8	1
-06.35865	 108.10539	-038.4	1
-06.35865	 108.11700	-039.5	1
-06.35865	 108.12862	-040.5	1
-06.35865	 108.14024	-042.2	1
-06.35865	 108.15186	-043.4	1
-06.35865	 108.16348	-044.9	1
-06.35865	 108.17511	-045.9	1
-06.35865	 108.18672	-047.0	1
-06.35865	 108.19834	-048.3	1
-06.35865	 108.20997	-048.3	1
-06.35865	 108.22158	-049.0	1
-06.35865	 108.23319	-049.9	1
-06.35865	 108.24483	-051.5	1
-06.35865	 108.25644	-051.6	1
-06.35865	 108.26805	-051.5	1
-06.35865	 108.27968	-052.1	1
-06.35865	 108.29130	-052.5	1
-06.35865	 108.30292	-053.2	1
-06.35865	 108.31454	-053.9	1
-06.35865	 108.32616	-053.5	1
-06.35865	 108.33778	-053.8	1
-06.35865	 108.34940	-053.8	1
-06.35865	 108.36101	-055.0	1
-06.35865	 108.37263	-055.6	1
-06.35865	 108.38425	-055.4	1
-06.35865	 108.39587	-055.1	1
-06.35865	 108.40750	-055.4	1
-06.35865	 108.41911	-055.2	1
-06.35865	 108.43073	-055.7	1
-06.35865	 108.44235	-055.6	1
-06.35865	 108.45397	-055.2	1
-06.37018	 106.30437	-045.1	1
-06.37018	 106.31598	-045.3	1
-06.37018	 106.32760	-045.3	1
-06.37018	 106.33922	-044.9	1
-06.37018	 106.35084	-044.4	1
-06.37018	 106.36246	-043.9	1
-06.37018	 106.37407	-043.1	1
-06.37018	 106.38570	-042.9	1
-06.37018	 106.39732	-042.9	1
-06.37018	 106.40894	-042.0	1
-06.37018	 106.42055	-041.0	1
-06.37018	 106.43217	-041.4	1
-06.37018	 106.44380	-039.3	1
-06.37018	 106.45541	-037.2	1
-06.37018	 106.46703	-035.3	1
-06.37018	 106.47865	-033.0	1
-06.37018	 106.49027	-030.7	1
-06.37018	 106.50189	-030.1	1
-06.37018	 106.51351	-030.7	1
-06.37018	 106.52513	-029.0	1
-06.37018	 106.53676	-027.9	1
-06.37018	 106.54837	-025.1	1
-06.37018	 106.56000	-020.7	1
-06.37018	 106.57161	-020.3	1
-06.37018	 106.58323	-022.1	1
-06.37018	 106.59485	-022.0	1
-06.37018	 106.60646	-020.8	1
-06.37018	 106.61809	-017.8	1
-06.37018	 106.62971	-017.1	1
-06.37018	 106.64133	-016.5	1
-06.37018	 106.65295	-009.2	1
-06.37018	 106.66457	 018.8	1
-06.37018	 106.67619	 018.0	1
-06.37018	 106.68780	 019.1	1
-06.37018	 106.69942	-011.6	1
-06.37018	 106.71104	-012.4	1
-06.37018	 106.72267	 016.5	1
-06.37018	 106.73428	 018.7	1
-06.37018	 106.74590	 018.6	1
-06.37018	 106.75753	 019.7	1
-06.37018	 106.76914	 019.8	1
-06.37018	 106.78076	 019.5	1
-06.37018	 106.79238	 019.3	1
-06.37018	 106.80400	 018.3	1
-06.37018	 106.81561	 019.2	1
-06.37018	 106.82723	 013.4	1
-06.37018	 106.83887	 014.4	1
-06.37018	 106.85048	 019.9	1
-06.37018	 106.86210	 020.1	1
-06.37018	 106.87371	 019.0	1
-06.37018	 106.88533	 019.1	1
-06.37018	 106.89696	 020.7	1
-06.37018	 106.90858	 020.8	1
-06.37018	 106.92019	 021.0	1
-06.37018	 106.93182	 020.8	1
-06.37018	 106.94344	 019.6	1
-06.37018	 106.95506	 019.9	1
-06.37018	 106.96667	 021.3	1
-06.37018	 106.97829	 020.6	1
-06.37018	 106.98992	 020.4	1
-06.37018	 107.00154	 020.8	1
-06.37018	 107.01315	 020.8	1
-06.37018	 107.02477	 015.5	1
-06.37018	 107.03640	-010.2	1
-06.37018	 107.04800	-014.3	1
-06.37018	 107.05963	-020.7	1
-06.37018	 107.07126	-021.2	1
-06.37018	 107.08287	-013.9	1
-06.37018	 107.09448	 020.9	1
-06.37018	 107.10610	 022.1	1
-06.37018	 107.11773	 022.5	1
-06.37018	 107.12934	 022.9	1
-06.37018	 107.14096	 021.5	1
-06.37018	 107.15259	 021.3	1
-06.37018	 107.16421	 022.9	1
-06.37018	 107.17583	 023.1	1
-06.37018	 107.18744	 021.9	1
-06.37018	 107.19907	 022.0	1
-06.37018	 107.21069	 023.2	1
-06.37018	 107.22231	 022.2	1
-06.37018	 107.23392	 022.8	1
-06.37018	 107.24554	 022.4	1
-06.37018	 107.25717	 022.1	1
-06.37018	 107.26878	 022.6	1
-06.37018	 107.28040	 022.7	1
-06.37018	 107.29202	 023.8	1
-06.37018	 107.30365	 022.3	1
-06.37018	 107.31526	 023.5	1
-06.37018	 107.32687	 023.9	1
-06.37018	 107.33849	 023.3	1
-06.37018	 107.35011	 023.2	1
-06.37018	 107.36174	 022.3	1
-06.37018	 107.37335	 023.3	1
-06.37018	 107.38498	 024.0	1
-06.37018	 107.39659	 024.0	1
-06.37018	 107.40822	 023.9	1
-06.37018	 107.41983	 022.4	1
-06.37018	 107.43145	 022.3	1
-06.37018	 107.44308	 022.2	1
-06.37018	 107.45469	 023.9	1
-06.37018	 107.46632	 023.5	1
-06.37018	 107.47794	 022.3	1
-06.37018	 107.48956	 023.6	1
-06.37018	 107.50117	 023.4	1
-06.37018	 107.51279	 023.6	1
-06.37018	 107.52441	 022.4	1
-06.37018	 107.53603	 023.5	1
-06.37018	 107.54765	 023.4	1
-06.37018	 107.55927	 023.2	1
-06.37018	 107.57089	 021.8	1
-06.37018	 107.58251	 023.3	1
-06.37018	 107.59413	 022.5	1
-06.37018	 107.60574	 011.8	1
-06.37018	 107.61737	-004.5	1
-06.37018	 107.62898	 003.9	1
-06.37018	 107.64060	-003.2	1
-06.37018	 107.65222	 015.6	1
-06.37018	 107.66383	 009.1	1
-06.37018	 107.67547	 016.5	1
-06.37018	 107.68708	 013.3	1
-06.37018	 107.69871	-004.8	1
-06.37018	 107.71033	-009.3	1
-06.37018	 107.72194	-010.6	1
-06.37018	 107.73356	-011.8	1
-06.37018	 107.74518	-013.4	1
-06.37018	 107.75681	-014.0	1
-06.37018	 107.76842	-015.0	1
-06.37018	 107.78004	-015.9	1
-06.37018	 107.79166	-017.0	1
-06.37018	 107.80329	-018.2	1
-06.37018	 107.81490	-019.9	1
-06.37018	 107.82652	-021.5	1
-06.37018	 107.83815	-022.1	1
-06.37018	 107.84975	-022.5	1
-06.37018	 107.86137	-022.7	1
-06.37018	 107.87300	-022.1	1
-06.37018	 107.88462	-021.7	1
-06.37018	 107.89623	-022.9	1
-06.37018	 107.90785	-023.9	1
-06.37018	 107.91947	-024.3	1
-06.37018	 107.93109	-025.2	1
-06.37018	 107.94270	-025.7	1
-06.37018	 107.95433	-027.4	1
-06.37018	 107.96596	-028.2	1
-06.37018	 107.97757	-029.4	1
-06.37018	 107.98919	-030.1	1
-06.37018	 108.00081	-030.3	1
-06.37018	 108.01243	-030.5	1
-06.37018	 108.02405	-030.7	1
-06.37018	 108.03568	-032.1	1
-06.37018	 108.04729	-033.6	1
-06.37018	 108.05891	-034.8	1
-06.37018	 108.07053	-036.1	1
-06.37018	 108.08215	-036.9	1
-06.37018	 108.09377	-038.9	1
-06.37018	 108.10538	-039.7	1
-06.37018	 108.11700	-041.4	1
-06.37018	 108.12863	-042.7	1
-06.37018	 108.14024	-044.1	1
-06.37018	 108.15186	-045.6	1
-06.37018	 108.16348	-046.3	1
-06.37018	 108.17511	-047.9	1
-06.37018	 108.18672	-047.9	1
-06.37018	 108.19834	-048.4	1
-06.37018	 108.20996	-049.8	1
-06.37018	 108.22158	-050.8	1
-06.37018	 108.23320	-051.3	1
-06.37018	 108.24482	-051.3	1
-06.37018	 108.25645	-051.6	1
-06.37018	 108.26806	-052.5	1
-06.37018	 108.27969	-052.9	1
-06.37018	 108.29130	-054.0	1
-06.37018	 108.30292	-053.6	1
-06.37018	 108.31454	-053.5	1
-06.37018	 108.32616	-054.4	1
-06.37018	 108.33778	-054.8	1
-06.37018	 108.34940	-055.2	1
-06.37018	 108.36102	-055.3	1
-06.37018	 108.37264	-054.9	1
-06.37018	 108.38426	-055.5	1
-06.37018	 108.39587	-055.2	1
-06.37018	 108.40749	-055.5	1
-06.37018	 108.41911	-055.6	1
-06.37018	 108.43073	-055.2	1
-06.37018	 108.44234	-055.2	1
-06.37018	 108.45397	-056.0	1
-06.37018	 108.46560	-056.6	1
-06.38172	 106.30437	-043.9	1
-06.38172	 106.31598	-044.6	1
-06.38172	 106.32760	-044.8	1
-06.38172	 106.33922	-045.0	1
-06.38172	 106.35084	-045.0	1
-06.38172	 106.36246	-044.8	1
-06.38172	 106.37407	-044.1	1
-06.38172	 106.38570	-043.7	1
-06.38172	 106.39732	-043.0	1
-06.38172	 106.40894	-042.5	1
-06.38172	 106.42056	-042.7	1
-06.38172	 106.43217	-042.0	1
-06.38172	 106.44380	-041.2	1
-06.38172	 106.45541	-040.9	1
-06.38172	 106.46703	-038.9	1
-06.38172	 106.47865	-036.7	1
-06.38172	 106.49027	-035.1	1
-06.38172	 106.50189	-032.6	1
-06.38172	 106.51351	-030.6	1
-06.38172	 106.52513	-029.5	1
-06.38172	 106.53675	-029.8	1
-06.38172	 106.54838	-028.1	1
-06.38172	 106.56000	-026.6	1
-06.38172	 106.57161	-023.1	1
-06.38172	 106.58324	-017.8	1
-06.38172	 106.59485	-020.6	1
-06.38172	 106.60648	-022.0	1
-06.38172	 106.61808	-019.7	1
-06.38172	 106.62971	-018.6	1
-06.38172	 106.64133	-016.4	1
-06.38172	 106.65294	-016.1	1
-06.38172	 106.66457	-014.4	1
-06.38172	 106.67619	 018.4	1
-06.38172	 106.68781	 019.1	1
-06.38172	 106.69942	 017.5	1
-06.38172	 106.71105	 012.9	1
-06.38172	 106.72266	-012.9	1
-06.38172	 106.73428	 013.3	1
-06.38172	 106.74590	 019.5	1
-06.38172	 106.75753	 019.7	1
-06.38172	 106.76913	 019.1	1
-06.38172	 106.78075	 019.3	1
-06.38172	 106.79239	 018.5	1
-06.38172	 106.80400	 020.1	1
-06.38172	 106.81562	 019.5	1
-06.38172	 106.82723	 020.3	1
-06.38172	 106.83887	 017.3	1
-06.38172	 106.85049	 015.6	1
-06.38172	 106.86210	 020.5	1
-06.38172	 106.87372	 019.1	1
-06.38172	 106.88532	 020.8	1
-06.38172	 106.89696	 020.4	1
-06.38172	 106.90857	 020.1	1
-06.38172	 106.92019	 019.7	1
-06.38172	 106.93181	 020.7	1
-06.38172	 106.94344	 019.9	1
-06.38172	 106.95506	 020.3	1
-06.38172	 106.96667	 021.5	1
-06.38172	 106.97829	 020.6	1
-06.38172	 106.98991	 020.1	1
-06.38172	 107.00153	 021.2	1
-06.38172	 107.01315	 021.6	1
-06.38172	 107.02477	 020.9	1
-06.38172	 107.03640	-002.2	1
-06.38172	 107.04800	-007.0	1
-06.38172	 107.05963	-015.8	1
-06.38172	 107.07124	-020.5	1
-06.38172	 107.08288	-018.1	1
-06.38172	 107.09450	 016.3	1
-06.38172	 107.10611	 021.4	1
-06.38172	 107.11773	 022.0	1
-06.38172	 107.12935	 022.9	1
-06.38172	 107.14097	 022.1	1
-06.38172	 107.15257	 021.5	1
-06.38172	 107.16420	 022.5	1
-06.38172	 107.17583	 021.7	1
-06.38172	 107.18744	 022.6	1
-06.38172	 107.19906	 022.0	1
-06.38172	 107.21068	 023.5	1
-06.38172	 107.22231	 022.4	1
-06.38172	 107.23391	 022.1	1
-06.38172	 107.24554	 023.3	1
-06.38172	 107.25716	 023.8	1
-06.38172	 107.26878	 022.3	1
-06.38172	 107.28040	 022.3	1
-06.38172	 107.29202	 024.0	1
-06.38172	 107.30364	 023.7	1
-06.38172	 107.31526	 024.0	1
-06.38172	 107.32687	 023.8	1
-06.38172	 107.33849	 024.1	1
-06.38172	 107.35012	 022.4	1
-06.38172	 107.36175	 023.8	1
-06.38172	 107.37335	 023.4	1
-06.38172	 107.38498	 022.6	1
-06.38172	 107.39659	 022.5	1
-06.38172	 107.40821	 022.7	1
-06.38172	 107.41984	 024.1	1
-06.38172	 107.43144	 024.0	1
-06.38172	 107.44308	 023.3	1
-06.38172	 107.45469	 024.0	1
-06.38172	 107.46631	 023.4	1
-06.38172	 107.47794	 023.5	1
-06.38172	 107.48956	 023.3	1
-06.38172	 107.50117	 022.3	1
-06.38172	 107.51279	 023.9	1
-06.38172	 107.52441	 022.7	1
-06.38172	 107.53603	 023.5	1
-06.38172	 107.54765	 022.8	1
-06.38172	 107.55927	 023.4	1
-06.38172	 107.57088	 021.9	1
-06.38172	 107.58251	 023.5	1
-06.38172	 107.59413	 021.5	1
-06.38172	 107.60575	 004.7	1
-06.38172	 107.61736	 001.7	1
-06.38172	 107.62899	 007.8	1
-06.38172	 107.64062	 008.7	1
-06.38172	 107.65223	 018.1	1
-06.38172	 107.66385	 017.5	1
-06.38172	 107.67547	 018.1	1
-06.38172	 107.68708	 002.6	1
-06.38172	 107.69869	-006.3	1
-06.38172	 107.71033	-009.5	1
-06.38172	 107.72194	-010.4	1
-06.38172	 107.73356	-012.5	1
-06.38172	 107.74519	-012.9	1
-06.38172	 107.75680	-014.2	1
-06.38172	 107.76842	-015.0	1
-06.38172	 107.78003	-016.2	1
-06.38172	 107.79166	-017.2	1
-06.38172	 107.80328	-019.5	1
-06.38172	 107.81490	-020.9	1
-06.38172	 107.82652	-021.5	1
-06.38172	 107.83813	-022.1	1
-06.38172	 107.84975	-022.1	1
-06.38172	 107.86137	-021.6	1
-06.38172	 107.87299	-021.3	1
-06.38172	 107.88462	-022.8	1
-06.38172	 107.89624	-023.6	1
-06.38172	 107.90786	-024.1	1
-06.38172	 107.91948	-025.1	1
-06.38172	 107.93110	-025.6	1
-06.38172	 107.94272	-027.4	1
-06.38172	 107.95433	-027.9	1
-06.38172	 107.96595	-029.5	1
-06.38172	 107.97756	-029.7	1
-06.38172	 107.98919	-029.8	1
-06.38172	 108.00081	-030.3	1
-06.38172	 108.01243	-030.6	1
-06.38172	 108.02405	-032.1	1
-06.38172	 108.03568	-033.7	1
-06.38172	 108.04729	-035.0	1
-06.38172	 108.05891	-036.2	1
-06.38172	 108.07053	-038.2	1
-06.38172	 108.08215	-039.5	1
-06.38172	 108.09377	-040.4	1
-06.38172	 108.10538	-041.8	1
-06.38172	 108.11700	-043.6	1
-06.38172	 108.12863	-044.9	1
-06.38172	 108.14024	-045.7	1
-06.38172	 108.15186	-046.9	1
-06.38172	 108.16348	-048.1	1
-06.38172	 108.17510	-048.0	1
-06.38172	 108.18671	-049.0	1
-06.38172	 108.19835	-050.4	1
-06.38172	 108.20997	-051.1	1
-06.38172	 108.22158	-051.2	1
-06.38172	 108.23320	-051.2	1
-06.38172	 108.24483	-052.1	1
-06.38172	 108.25645	-053.0	1
-06.38172	 108.26806	-053.6	1
-06.38172	 108.27967	-053.8	1
-06.38172	 108.29131	-053.2	1
-06.38172	 108.30292	-054.4	1
-06.38172	 108.31454	-054.6	1
-06.38172	 108.32616	-055.1	1
-06.38172	 108.33778	-055.1	1
-06.38172	 108.34939	-054.9	1
-06.38172	 108.36102	-055.4	1
-06.38172	 108.37264	-055.1	1
-06.38172	 108.38425	-055.2	1
-06.38172	 108.39587	-055.3	1
-06.38172	 108.40749	-054.9	1
-06.38172	 108.41911	-055.1	1
-06.38172	 108.43073	-056.3	1
-06.38172	 108.44234	-056.4	1
-06.38172	 108.45397	-056.4	1
-06.38172	 108.46559	-057.5	1
-06.39326	 106.30436	-042.1	1
-06.39326	 106.31598	-042.7	1
-06.39326	 106.32760	-043.5	1
-06.39326	 106.33921	-044.0	1
-06.39326	 106.35085	-044.6	1
-06.39326	 106.36246	-044.8	1
-06.39326	 106.37408	-044.7	1
-06.39326	 106.38570	-044.5	1
-06.39326	 106.39732	-043.9	1
-06.39326	 106.40895	-043.5	1
-06.39326	 106.42056	-042.9	1
-06.39326	 106.43217	-042.5	1
-06.39326	 106.44380	-042.4	1
-06.39326	 106.45541	-041.9	1
-06.39326	 106.46704	-040.7	1
-06.39326	 106.47865	-040.3	1
-06.39326	 106.49027	-038.6	1
-06.39326	 106.50188	-036.4	1
-06.39326	 106.51351	-034.7	1
-06.39326	 106.52513	-031.8	1
-06.39326	 106.53676	-030.0	1
-06.39326	 106.54837	-028.6	1
-06.39326	 106.55999	-028.7	1
-06.39326	 106.57161	-026.9	1
-06.39326	 106.58323	-025.8	1
-06.39326	 106.59485	-021.8	1
-06.39326	 106.60647	-018.2	1
-06.39326	 106.61809	-019.4	1
-06.39326	 106.62971	-020.6	1
-06.39326	 106.64133	-019.2	1
-06.39326	 106.65295	-016.9	1
-06.39326	 106.66457	-015.8	1
-06.39326	 106.67619	-014.6	1
-06.39326	 106.68781	 013.3	1
-06.39326	 106.69942	 019.1	1
-06.39326	 106.71105	 019.3	1
-06.39326	 106.72266	 017.8	1
-06.39326	 106.73428	 004.5	1
-06.39326	 106.74590	 006.9	1
-06.39326	 106.75752	 019.4	1
-06.39326	 106.76914	 018.2	1
-06.39326	 106.78075	 019.5	1
-06.39326	 106.79238	 018.5	1
-06.39326	 106.80400	 020.0	1
-06.39326	 106.81562	 018.7	1
-06.39326	 106.82723	 018.7	1
-06.39326	 106.83887	 018.8	1
-06.39326	 106.85048	 020.0	1
-06.39326	 106.86210	 017.9	1
-06.39326	 106.87372	 020.8	1
-06.39326	 106.88533	 020.9	1
-06.39326	 106.89697	 019.3	1
-06.39326	 106.90858	 020.6	1
-06.39326	 106.92019	 020.2	1
-06.39326	 106.93182	 021.0	1
-06.39326	 106.94344	 021.5	1
-06.39326	 106.95505	 020.0	1
-06.39326	 106.96667	 020.4	1
-06.39326	 106.97829	 020.2	1
-06.39326	 106.98991	 020.2	1
-06.39326	 107.00154	 021.3	1
-06.39326	 107.01315	 022.1	1
-06.39326	 107.02478	 022.1	1
-06.39326	 107.03640	 022.2	1
-06.39326	 107.04800	-002.7	1
-06.39326	 107.05963	-007.7	1
-06.39326	 107.07124	-017.8	1
-06.39326	 107.08288	-020.9	1
-06.39326	 107.09449	-015.0	1
-06.39326	 107.10610	 021.4	1
-06.39326	 107.11772	 022.7	1
-06.39326	 107.12935	 023.0	1
-06.39326	 107.14096	 022.0	1
-06.39326	 107.15258	 023.2	1
-06.39326	 107.16421	 022.9	1
-06.39326	 107.17583	 023.2	1
-06.39326	 107.18744	 022.5	1
-06.39326	 107.19905	 023.5	1
-06.39326	 107.21069	 022.9	1
-06.39326	 107.22231	 023.2	1
-06.39326	 107.23392	 023.5	1
-06.39326	 107.24554	 022.3	1
-06.39326	 107.25716	 022.4	1
-06.39326	 107.26878	 023.4	1
-06.39326	 107.28040	 023.9	1
-06.39326	 107.29202	 022.5	1
-06.39326	 107.30363	 022.5	1
-06.39326	 107.31525	 022.6	1
-06.39326	 107.32689	 022.6	1
-06.39326	 107.33849	 023.1	1
-06.39326	 107.35012	 024.0	1
-06.39326	 107.36174	 023.0	1
-06.39326	 107.37335	 023.3	1
-06.39326	 107.38497	 024.4	1
-06.39326	 107.39660	 023.6	1
-06.39326	 107.40822	 024.2	1
-06.39326	 107.41984	 023.1	1
-06.39326	 107.43145	 023.0	1
-06.39326	 107.44307	 023.4	1
-06.39326	 107.45470	 024.3	1
-06.39326	 107.46631	 023.6	1
-06.39326	 107.47793	 023.2	1
-06.39326	 107.48956	 023.1	1
-06.39326	 107.50117	 024.1	1
-06.39326	 107.51279	 023.6	1
-06.39326	 107.52441	 022.5	1
-06.39326	 107.53603	 024.0	1
-06.39326	 107.54765	 022.4	1
-06.39326	 107.55927	 023.7	1
-06.39326	 107.57089	 022.7	1
-06.39326	 107.58252	 023.7	1
-06.39326	 107.59412	 018.6	1
-06.39326	 107.60574	 000.0	1
-06.39326	 107.61736	 014.7	1
-06.39326	 107.62899	 002.9	1
-06.39326	 107.64060	 019.2	1
-06.39326	 107.65223	 018.1	1
-06.39326	 107.66384	 020.2	1
-06.39326	 107.67547	 016.5	1
-06.39326	 107.68709	-000.3	1
-06.39326	 107.69871	-006.6	1
-06.39326	 107.71033	-009.1	1
-06.39326	 107.72194	-011.3	1
-06.39326	 107.73356	-012.1	1
-06.39326	 107.74518	-013.2	1
-06.39326	 107.75681	-014.0	1
-06.39326	 107.76842	-015.5	1
-06.39326	 107.78004	-016.5	1
-06.39326	 107.79166	-018.7	1
-06.39326	 107.80327	-020.3	1
-06.39326	 107.81490	-020.9	1
-06.39326	 107.82652	-021.5	1
-06.39326	 107.83814	-021.5	1
-06.39326	 107.84975	-021.4	1
-06.39326	 107.86137	-021.0	1
-06.39326	 107.87301	-022.2	1
-06.39326	 107.88462	-023.2	1
-06.39326	 107.89623	-023.8	1
-06.39326	 107.90786	-024.9	1
-06.39326	 107.91947	-025.5	1
-06.39326	 107.93109	-027.1	1
-06.39326	 107.94272	-028.1	1
-06.39326	 107.95433	-029.5	1
-06.39326	 107.96595	-029.2	1
-06.39326	 107.97757	-029.5	1
-06.39326	 107.98918	-029.6	1
-06.39326	 108.00082	-030.7	1
-06.39326	 108.01244	-032.2	1
-06.39326	 108.02405	-033.7	1
-06.39326	 108.03568	-035.0	1
-06.39326	 108.04729	-036.2	1
-06.39326	 108.05891	-038.4	1
-06.39326	 108.07053	-039.7	1
-06.39326	 108.08215	-041.3	1
-06.39326	 108.09377	-042.6	1
-06.39326	 108.10538	-043.9	1
-06.39326	 108.11700	-045.3	1
-06.39326	 108.12863	-046.1	1
-06.39326	 108.14024	-047.4	1
-06.39326	 108.15186	-048.1	1
-06.39326	 108.16349	-048.1	1
-06.39326	 108.17509	-049.8	1
-06.39326	 108.18672	-050.6	1
-06.39326	 108.19836	-050.9	1
-06.39326	 108.20996	-051.2	1
-06.39326	 108.22158	-051.8	1
-06.39326	 108.23320	-052.5	1
-06.39326	 108.24483	-053.3	1
-06.39326	 108.25644	-053.7	1
-06.39326	 108.26806	-053.4	1
-06.39326	 108.27968	-054.3	1
-06.39326	 108.29131	-054.7	1
-06.39326	 108.30292	-055.0	1
-06.39326	 108.31454	-054.9	1
-06.39326	 108.32616	-055.0	1
-06.39326	 108.33778	-055.2	1
-06.39326	 108.34939	-055.2	1
-06.39326	 108.36102	-055.0	1
-06.39326	 108.37264	-055.0	1
-06.39326	 108.38425	-055.0	1
-06.39326	 108.39587	-055.1	1
-06.39326	 108.40749	-056.2	1
-06.39326	 108.41911	-056.0	1
-06.39326	 108.43073	-057.0	1
-06.39326	 108.44235	-057.1	1
-06.39326	 108.45397	-057.3	1
-06.39326	 108.46559	-057.2	1
-06.39326	 108.47720	-057.7	1
-06.40479	 106.29273	-045.1	1
-06.40479	 106.30436	-043.4	1
-06.40479	 106.31598	-042.3	1
-06.40479	 106.32761	-041.8	1
-06.40479	 106.33921	-042.2	1
-06.40479	 106.35084	-043.3	1
-06.40479	 106.36246	-043.6	1
-06.40479	 106.37408	-044.0	1
-06.40479	 106.38570	-044.3	1
-06.40479	 106.39732	-044.7	1
-06.40479	 106.40894	-044.5	1
-06.40479	 106.42056	-043.7	1
-06.40479	 106.43217	-043.3	1
-06.40480	 106.44379	-042.9	1
-06.40479	 106.45541	-042.0	1
-06.40479	 106.46703	-042.2	1
-06.40479	 106.47865	-041.3	1
-06.40479	 106.49026	-040.5	1
-06.40479	 106.50190	-040.1	1
-06.40479	 106.51352	-038.4	1
-06.40479	 106.52512	-035.9	1
-06.40479	 106.53674	-034.4	1
-06.40479	 106.54836	-030.9	1
-06.40479	 106.56000	-029.1	1
-06.40479	 106.57161	-027.4	1
-06.40479	 106.58323	-028.0	1
-06.40479	 106.59485	-026.0	1
-06.40479	 106.60646	-023.7	1
-06.40479	 106.61809	-018.9	1
-06.40479	 106.62971	-015.7	1
-06.40479	 106.64132	-018.6	1
-06.40479	 106.65295	-018.7	1
-06.40479	 106.66457	-017.5	1
-06.40479	 106.67619	-010.2	1
-06.40479	 106.68781	-008.6	1
-06.40479	 106.69942	-008.5	1
-06.40479	 106.71105	 019.3	1
-06.40479	 106.72266	 019.3	1
-06.40479	 106.73428	 019.2	1
-06.40479	 106.74590	 018.7	1
-06.40479	 106.75754	 001.3	1
-06.40479	 106.76913	 019.9	1
-06.40479	 106.78075	 020.1	1
-06.40479	 106.79238	 019.1	1
-06.40479	 106.80400	 020.3	1
-06.40479	 106.81561	 020.4	1
-06.40479	 106.82723	 020.1	1
-06.40479	 106.83886	 019.9	1
-06.40479	 106.85048	 019.4	1
-06.40479	 106.86210	 020.7	1
-06.40479	 106.87372	 020.0	1
-06.40479	 106.88533	 020.2	1
-06.40479	 106.89696	 019.5	1
-06.40479	 106.90857	 019.5	1
-06.40479	 106.92020	 020.9	1
-06.40479	 106.93182	 019.9	1
-06.40479	 106.94344	 020.7	1
-06.40479	 106.95505	 021.1	1
-06.40479	 106.96667	 021.6	1
-06.40479	 106.97829	 021.4	1
-06.40479	 106.98992	 021.5	1
-06.40479	 107.00154	 020.6	1
-06.40479	 107.01315	 022.3	1
-06.40479	 107.02477	 022.4	1
-06.40479	 107.03640	 022.0	1
-06.40479	 107.04801	 022.6	1
-06.40479	 107.05962	 022.0	1
-06.40479	 107.07124	-010.8	1
-06.40479	 107.08287	-018.5	1
-06.40479	 107.09449	-020.0	1
-06.40479	 107.10610	-001.9	1
-06.40479	 107.11772	 022.0	1
-06.40480	 107.12935	 023.2	1
-06.40479	 107.14097	 023.1	1
-06.40479	 107.15257	 021.8	1
-06.40479	 107.16421	 022.8	1
-06.40480	 107.17583	 023.5	1
-06.40479	 107.18744	 023.5	1
-06.40479	 107.19905	 023.9	1
-06.40479	 107.21069	 022.6	1
-06.40479	 107.22231	 023.4	1
-06.40479	 107.23392	 022.7	1
-06.40479	 107.24554	 022.5	1
-06.40479	 107.25716	 023.9	1
-06.40479	 107.26878	 024.1	1
-06.40479	 107.28040	 023.4	1
-06.40479	 107.29202	 023.1	1
-06.40479	 107.30363	 023.3	1
-06.40479	 107.31526	 023.6	1
-06.40479	 107.32688	 023.1	1
-06.40479	 107.33850	 023.5	1
-06.40479	 107.35012	 024.1	1
-06.40479	 107.36175	 024.4	1
-06.40479	 107.37336	 024.6	1
-06.40479	 107.38497	 024.2	1
-06.40479	 107.39659	 023.0	1
-06.40479	 107.40822	 024.4	1
-06.40479	 107.41985	 024.3	1
-06.40479	 107.43144	 024.6	1
-06.40479	 107.44307	 024.1	1
-06.40479	 107.45469	 024.5	1
-06.40479	 107.46632	 023.8	1
-06.40479	 107.47794	 024.0	1
-06.40479	 107.48955	 023.9	1
-06.40479	 107.50117	 022.9	1
-06.40479	 107.51279	 024.2	1
-06.40479	 107.52441	 024.2	1
-06.40479	 107.53603	 024.1	1
-06.40479	 107.54765	 023.0	1
-06.40479	 107.55927	 024.0	1
-06.40479	 107.57088	 023.1	1
-06.40479	 107.58252	 023.6	1
-06.40479	 107.59413	 016.7	1
-06.40479	 107.60574	 010.1	1
-06.40479	 107.61736	 016.3	1
-06.40479	 107.62899	 018.2	1
-06.40479	 107.64061	 020.4	1
-06.40479	 107.65223	 021.0	1
-06.40479	 107.66385	 020.3	1
-06.40479	 107.67546	 010.1	1
-06.40479	 107.68709	-000.9	1
-06.40479	 107.69870	-006.0	1
-06.40479	 107.71033	-009.7	1
-06.40479	 107.72194	-011.0	1
-06.40479	 107.73355	-012.2	1
-06.40479	 107.74518	-013.0	1
-06.40479	 107.75681	-014.7	1
-06.40479	 107.76842	-015.4	1
-06.40479	 107.78004	-017.8	1
-06.40479	 107.79165	-019.7	1
-06.40479	 107.80328	-020.2	1
-06.40479	 107.81490	-020.8	1
-06.40479	 107.82652	-021.0	1
-06.40479	 107.83814	-020.7	1
-06.40479	 107.84975	-020.5	1
-06.40479	 107.86137	-021.8	1
-06.40479	 107.87299	-022.8	1
-06.40479	 107.88462	-023.4	1
-06.40479	 107.89624	-024.5	1
-06.40479	 107.90785	-025.5	1
-06.40479	 107.91947	-027.1	1
-06.40479	 107.93109	-028.4	1
-06.40479	 107.94271	-029.5	1
-06.40479	 107.95433	-029.2	1
-06.40479	 107.96596	-029.0	1
-06.40479	 107.97757	-029.3	1
-06.40479	 107.98919	-030.8	1
-06.40479	 108.00082	-032.5	1
-06.40479	 108.01244	-033.9	1
-06.40479	 108.02405	-035.1	1
-06.40479	 108.03567	-037.3	1
-06.40479	 108.04729	-038.5	1
-06.40479	 108.05891	-040.4	1
-06.40479	 108.07053	-041.7	1
-06.40479	 108.08215	-043.0	1
-06.40479	 108.09377	-044.5	1
-06.40479	 108.10538	-045.1	1
-06.40479	 108.11700	-046.9	1
-06.40479	 108.12863	-047.7	1
-06.40479	 108.14025	-048.5	1
-06.40479	 108.15186	-049.1	1
-06.40479	 108.16348	-050.3	1
-06.40479	 108.17510	-050.8	1
-06.40479	 108.18672	-050.7	1
-06.40479	 108.19836	-051.5	1
-06.40479	 108.20996	-052.4	1
-06.40479	 108.22158	-052.8	1
-06.40479	 108.23320	-053.5	1
-06.40479	 108.24483	-053.3	1
-06.40479	 108.25644	-053.9	1
-06.40479	 108.26806	-054.7	1
-06.40479	 108.27967	-054.6	1
-06.40479	 108.29131	-054.7	1
-06.40479	 108.30292	-054.8	1
-06.40479	 108.31454	-055.0	1
-06.40479	 108.32616	-055.3	1
-06.40479	 108.33778	-054.8	1
-06.40479	 108.34940	-055.0	1
-06.40479	 108.36102	-054.8	1
-06.40479	 108.37263	-055.3	1
-06.40479	 108.38425	-056.1	1
-06.40479	 108.39587	-056.0	1
-06.40479	 108.40749	-056.8	1
-06.40479	 108.41911	-056.7	1
-06.40479	 108.43074	-057.2	1
-06.40479	 108.44235	-057.4	1
-06.40479	 108.45397	-057.7	1
-06.40479	 108.46559	-058.7	1
-06.40479	 108.47721	-058.2	1
-06.41633	 106.29275	-045.5	1
-06.41633	 106.30436	-045.7	1
-06.41633	 106.31598	-045.2	1
-06.41633	 106.32760	-043.9	1
-06.41633	 106.33922	-042.4	1
-06.41633	 106.35085	-041.7	1
-06.41633	 106.36246	-041.8	1
-06.41633	 106.37408	-042.7	1
-06.41633	 106.38570	-042.8	1
-06.41633	 106.39732	-043.6	1
-06.41633	 106.40894	-043.8	1
-06.41633	 106.42055	-044.1	1
-06.41633	 106.43217	-044.2	1
-06.41633	 106.44380	-043.7	1
-06.41633	 106.45541	-043.2	1
-06.41633	 106.46703	-042.4	1
-06.41633	 106.47865	-041.3	1
-06.41633	 106.49026	-042.0	1
-06.41633	 106.50189	-041.2	1
-06.41633	 106.51352	-040.1	1
-06.41633	 106.52513	-040.1	1
-06.41633	 106.53675	-037.9	1
-06.41633	 106.54837	-035.0	1
-06.41633	 106.56000	-033.1	1
-06.41633	 106.57160	-030.4	1
-06.41633	 106.58323	-028.6	1
-06.41633	 106.59485	-027.1	1
-06.41633	 106.60646	-026.7	1
-06.41633	 106.61809	-024.7	1
-06.41633	 106.62971	-021.7	1
-06.41633	 106.64133	-013.8	1
-06.41633	 106.65295	-014.9	1
-06.41633	 106.66457	-018.4	1
-06.41633	 106.67619	-016.1	1
-06.41633	 106.68781	-015.2	1
-06.41633	 106.69942	-000.3	1
-06.41633	 106.71104	 001.3	1
-06.41633	 106.72267	 018.5	1
-06.41633	 106.73428	 019.2	1
-06.41633	 106.74590	 018.1	1
-06.41633	 106.75753	 019.4	1
-06.41633	 106.76913	 018.5	1
-06.41633	 106.78075	 019.4	1
-06.41633	 106.79238	 019.9	1
-06.41633	 106.80400	 019.9	1
-06.41633	 106.81562	 019.4	1
-06.41633	 106.82723	 019.4	1
-06.41633	 106.83887	 020.2	1
-06.41633	 106.85048	 020.8	1
-06.41633	 106.86210	 020.6	1
-06.41633	 106.87372	 019.5	1
-06.41633	 106.88533	 021.0	1
-06.41633	 106.89696	 019.5	1
-06.41633	 106.90858	 020.9	1
-06.41633	 106.92020	 021.5	1
-06.41633	 106.93181	 021.1	1
-06.41633	 106.94344	 020.1	1
-06.41633	 106.95506	 020.1	1
-06.41633	 106.96667	 021.9	1
-06.41633	 106.97829	 020.5	1
-06.41633	 106.98991	 022.0	1
-06.41633	 107.00154	 022.2	1
-06.41633	 107.01315	 021.9	1
-06.41633	 107.02478	 022.1	1
-06.41633	 107.03640	 022.4	1
-06.41633	 107.04800	 021.9	1
-06.41633	 107.05963	 022.9	1
-06.41633	 107.07125	 019.1	1
-06.41633	 107.08287	-010.4	1
-06.41633	 107.09449	-017.4	1
-06.41633	 107.10611	-015.9	1
-06.41633	 107.11772	 021.8	1
-06.41633	 107.12935	 023.0	1
-06.41633	 107.14097	 023.5	1
-06.41633	 107.15258	 022.0	1
-06.41633	 107.16420	 023.4	1
-06.41633	 107.17583	 023.9	1
-06.41633	 107.18745	 024.0	1
-06.41633	 107.19906	 022.6	1
-06.41633	 107.21068	 024.0	1
-06.41633	 107.22231	 023.1	1
-06.41633	 107.23391	 024.0	1
-06.41633	 107.24554	 023.8	1
-06.41633	 107.25716	 022.9	1
-06.41633	 107.26879	 022.8	1
-06.41633	 107.28040	 023.3	1
-06.41633	 107.29202	 023.3	1
-06.41633	 107.30364	 023.0	1
-06.41633	 107.31526	 023.2	1
-06.41633	 107.32688	 024.5	1
-06.41633	 107.33849	 024.8	1
-06.41633	 107.35011	 024.2	1
-06.41633	 107.36174	 023.3	1
-06.41633	 107.37335	 023.2	1
-06.41633	 107.38497	 023.7	1
-06.41633	 107.39659	 024.8	1
-06.41633	 107.40822	 024.1	1
-06.41633	 107.41984	 023.1	1
-06.41633	 107.43144	 024.8	1
-06.41633	 107.44308	 023.7	1
-06.41633	 107.45469	 024.8	1
-06.41633	 107.46632	 023.3	1
-06.41633	 107.47794	 023.4	1
-06.41633	 107.48956	 024.1	1
-06.41633	 107.50117	 024.6	1
-06.41633	 107.51279	 022.9	1
-06.41633	 107.52441	 024.3	1
-06.41633	 107.53603	 023.6	1
-06.41633	 107.54766	 023.0	1
-06.41633	 107.55927	 023.6	1
-06.41633	 107.57089	 023.5	1
-06.41633	 107.58251	 022.3	1
-06.41633	 107.59412	 007.0	1
-06.41633	 107.60574	 019.1	1
-06.41633	 107.61736	 016.3	1
-06.41633	 107.62900	 022.6	1
-06.41633	 107.64060	 022.0	1
-06.41633	 107.65222	 022.9	1
-06.41633	 107.66384	 018.8	1
-06.41633	 107.67546	 006.7	1
-06.41633	 107.68709	-002.1	1
-06.41633	 107.69871	-006.8	1
-06.41633	 107.71033	-009.8	1
-06.41633	 107.72194	-011.1	1
-06.41633	 107.73357	-011.9	1
-06.41633	 107.74518	-013.6	1
-06.41633	 107.75679	-014.3	1
-06.41633	 107.76842	-016.9	1
-06.41633	 107.78004	-018.9	1
-06.41633	 107.79166	-019.7	1
-06.41633	 107.80328	-020.3	1
-06.41633	 107.81490	-020.4	1
-06.41633	 107.82652	-020.1	1
-06.41633	 107.83814	-020.2	1
-06.41633	 107.84976	-021.5	1
-06.41633	 107.86137	-022.4	1
-06.41633	 107.87300	-023.4	1
-06.41633	 107.88461	-024.2	1
-06.41633	 107.89623	-025.8	1
-06.41633	 107.90786	-027.0	1
-06.41633	 107.91948	-028.3	1
-06.41633	 107.93110	-029.2	1
-06.41633	 107.94271	-029.0	1
-06.41633	 107.95433	-029.2	1
-06.41633	 107.96595	-029.7	1
-06.41633	 107.97756	-030.9	1
-06.41633	 107.98919	-032.6	1
-06.41633	 108.00082	-033.9	1
-06.41633	 108.01244	-035.2	1
-06.41633	 108.02405	-037.8	1
-06.41633	 108.03568	-039.0	1
-06.41633	 108.04729	-041.1	1
-06.41633	 108.05891	-042.4	1
-06.41633	 108.07053	-043.6	1
-06.41633	 108.08215	-044.6	1
-06.41633	 108.09377	-046.4	1
-06.41633	 108.10538	-047.3	1
-06.41633	 108.11700	-048.0	1
-06.41633	 108.12863	-049.2	1
-06.41633	 108.14024	-049.9	1
-06.41633	 108.15186	-050.2	1
-06.41633	 108.16348	-050.7	1
-06.41633	 108.17511	-051.2	1
-06.41633	 108.18672	-051.9	1
-06.41633	 108.19835	-052.7	1
-06.41633	 108.20997	-052.9	1
-06.41633	 108.22158	-053.1	1
-06.41633	 108.23320	-053.8	1
-06.41633	 108.24482	-054.9	1
-06.41633	 108.25644	-054.3	1
-06.41633	 108.26806	-054.7	1
-06.41633	 108.27968	-054.7	1
-06.41633	 108.29131	-054.8	1
-06.41633	 108.30292	-055.2	1
-06.41633	 108.31454	-055.1	1
-06.41633	 108.32616	-054.6	1
-06.41633	 108.33778	-054.5	1
-06.41633	 108.34940	-055.5	1
-06.41633	 108.36101	-055.9	1
-06.41633	 108.37264	-056.0	1
-06.41633	 108.38425	-056.7	1
-06.41633	 108.39587	-056.5	1
-06.41633	 108.40749	-057.1	1
-06.41633	 108.41912	-057.3	1
-06.41633	 108.43073	-057.7	1
-06.41633	 108.44234	-058.4	1
-06.41633	 108.45397	-058.7	1
-06.41633	 108.46559	-058.7	1
-06.41633	 108.47721	-058.7	1
-06.42787	 106.28113	-043.8	1
-06.42787	 106.29273	-044.2	1
-06.42787	 106.30437	-044.5	1
-06.42787	 106.31598	-044.8	1
-06.42787	 106.32761	-045.3	1
-06.42787	 106.33922	-045.1	1
-06.42787	 106.35085	-044.3	1
-06.42787	 106.36246	-042.8	1
-06.42787	 106.37408	-041.9	1
-06.42787	 106.38570	-041.1	1
-06.42787	 106.39732	-041.8	1
-06.42787	 106.40894	-042.8	1
-06.42787	 106.42056	-043.1	1
-06.42787	 106.43217	-043.4	1
-06.42787	 106.44379	-043.8	1
-06.42787	 106.45541	-044.1	1
-06.42787	 106.46703	-043.7	1
-06.42787	 106.47865	-042.8	1
-06.42787	 106.49027	-042.1	1
-06.42787	 106.50188	-041.1	1
-06.42787	 106.51352	-041.6	1
-06.42787	 106.52513	-041.3	1
-06.42787	 106.53675	-040.0	1
-06.42787	 106.54836	-039.9	1
-06.42787	 106.56000	-037.2	1
-06.42787	 106.57160	-034.3	1
-06.42787	 106.58324	-033.3	1
-06.42787	 106.59485	-029.6	1
-06.42787	 106.60646	-025.6	1
-06.42787	 106.61810	-026.1	1
-06.42787	 106.62971	-025.6	1
-06.42787	 106.64133	-023.8	1
-06.42787	 106.65295	-020.2	1
-06.42787	 106.66457	 013.6	1
-06.42787	 106.67619	-010.4	1
-06.42787	 106.68781	-017.4	1
-06.42787	 106.69942	-011.7	1
-06.42787	 106.71104	-000.1	1
-06.42787	 106.72267	 014.5	1
-06.42787	 106.73428	 015.8	1
-06.42787	 106.74590	 018.3	1
-06.42787	 106.75752	 018.3	1
-06.42787	 106.76914	 019.6	1
-06.42787	 106.78075	 019.1	1
-06.42787	 106.79238	 019.3	1
-06.42787	 106.80400	 020.4	1
-06.42787	 106.81562	 018.8	1
-06.42787	 106.82724	 019.9	1
-06.42787	 106.83885	 020.7	1
-06.42787	 106.85048	 019.2	1
-06.42787	 106.86209	 019.3	1
-06.42787	 106.87371	 019.8	1
-06.42787	 106.88532	 019.6	1
-06.42787	 106.89696	 020.5	1
-06.42787	 106.90857	 020.5	1
-06.42787	 106.92020	 021.0	1
-06.42787	 106.93182	 021.4	1
-06.42787	 106.94344	 020.3	1
-06.42787	 106.95506	 021.9	1
-06.42787	 106.96667	 021.7	1
-06.42787	 106.97829	 022.2	1
-06.42787	 106.98991	 020.6	1
-06.42787	 107.00153	 021.4	1
-06.42787	 107.01315	 022.5	1
-06.42787	 107.02477	 022.2	1
-06.42787	 107.03640	 021.4	1
-06.42787	 107.04800	 022.2	1
-06.42787	 107.05963	 021.5	1
-06.42787	 107.07124	 022.5	1
-06.42787	 107.08287	 022.5	1
-06.42787	 107.09448	-012.2	1
-06.42787	 107.10610	-018.4	1
-06.42787	 107.11773	-011.8	1
-06.42787	 107.12935	 022.3	1
-06.42787	 107.14096	 023.6	1
-06.42787	 107.15257	 022.2	1
-06.42787	 107.16422	 023.2	1
-06.42787	 107.17583	 022.4	1
-06.42787	 107.18745	 023.7	1
-06.42787	 107.19907	 024.0	1
-06.42787	 107.21069	 022.7	1
-06.42787	 107.22231	 023.4	1
-06.42787	 107.23392	 024.0	1
-06.42787	 107.24554	 022.9	1
-06.42787	 107.25716	 023.8	1
-06.42787	 107.26879	 024.2	1
-06.42787	 107.28040	 023.6	1
-06.42787	 107.29202	 023.4	1
-06.42787	 107.30364	 024.9	1
-06.42787	 107.31525	 024.1	1
-06.42787	 107.32688	 024.9	1
-06.42787	 107.33849	 024.1	1
-06.42787	 107.35012	 023.9	1
-06.42787	 107.36174	 023.5	1
-06.42787	 107.37335	 025.0	1
-06.42787	 107.38496	 024.3	1
-06.42787	 107.39659	 025.0	1
-06.42787	 107.40822	 023.8	1
-06.42787	 107.41983	 023.5	1
-06.42787	 107.43144	 023.5	1
-06.42787	 107.44307	 023.3	1
-06.42787	 107.45470	 024.5	1
-06.42787	 107.46632	 025.0	1
-06.42787	 107.47794	 024.8	1
-06.42787	 107.48955	 023.2	1
-06.42787	 107.50117	 024.4	1
-06.42787	 107.51280	 023.7	1
-06.42787	 107.52441	 024.1	1
-06.42787	 107.53603	 024.6	1
-06.42787	 107.54765	 023.0	1
-06.42787	 107.55927	 023.2	1
-06.42787	 107.57088	 024.0	1
-06.42787	 107.58251	 019.5	1
-06.42787	 107.59412	 018.6	1
-06.42787	 107.60574	 018.5	1
-06.42787	 107.61736	 022.2	1
-06.42787	 107.62899	 022.8	1
-06.42787	 107.64061	 023.6	1
-06.42787	 107.65222	 022.7	1
-06.42787	 107.66384	 018.3	1
-06.42787	 107.67546	 005.2	1
-06.42787	 107.68709	 000.8	1
-06.42787	 107.69869	-008.8	1
-06.42787	 107.71033	-009.5	1
-06.42787	 107.72194	-010.9	1
-06.42787	 107.73356	-012.3	1
-06.42787	 107.74519	-013.0	1
-06.42787	 107.75681	-015.8	1
-06.42787	 107.76842	-018.3	1
-06.42787	 107.78004	-018.9	1
-06.42787	 107.79166	-019.8	1
-06.42787	 107.80328	-019.7	1
-06.42787	 107.81490	-019.3	1
-06.42787	 107.82652	-019.8	1
-06.42787	 107.83814	-021.2	1
-06.42787	 107.84975	-022.1	1
-06.42787	 107.86137	-023.0	1
-06.42787	 107.87300	-023.9	1
-06.42787	 107.88461	-025.8	1
-06.42787	 107.89623	-026.9	1
-06.42787	 107.90784	-028.6	1
-06.42787	 107.91947	-028.7	1
-06.42787	 107.93110	-028.6	1
-06.42787	 107.94271	-029.0	1
-06.42787	 107.95433	-030.2	1
-06.42787	 107.96596	-031.7	1
-06.42787	 107.97757	-033.1	1
-06.42787	 107.98918	-034.3	1
-06.42787	 108.00081	-036.6	1
-06.42787	 108.01243	-038.1	1
-06.42787	 108.02405	-040.2	1
-06.42787	 108.03568	-041.6	1
-06.42787	 108.04729	-042.9	1
-06.42787	 108.05891	-044.6	1
-06.42787	 108.07053	-045.4	1
-06.42787	 108.08215	-046.9	1
-06.42787	 108.09377	-047.4	1
-06.42787	 108.10538	-048.6	1
-06.42787	 108.11700	-049.8	1
-06.42787	 108.12862	-050.0	1
-06.42787	 108.14025	-050.4	1
-06.42787	 108.15186	-050.9	1
-06.42787	 108.16349	-051.6	1
-06.42787	 108.17510	-052.5	1
-06.42787	 108.18672	-052.8	1
-06.42787	 108.19834	-052.7	1
-06.42787	 108.20996	-053.7	1
-06.42787	 108.22158	-054.4	1
-06.42787	 108.23320	-054.7	1
-06.42787	 108.24483	-054.2	1
-06.42787	 108.25644	-054.7	1
-06.42787	 108.26807	-054.9	1
-06.42787	 108.27968	-054.8	1
-06.42787	 108.29131	-055.4	1
-06.42787	 108.30293	-054.4	1
-06.42787	 108.31454	-055.1	1
-06.42787	 108.32617	-055.3	1
-06.42787	 108.33778	-055.6	1
-06.42787	 108.34940	-056.6	1
-06.42787	 108.36102	-056.7	1
-06.42787	 108.37263	-056.4	1
-06.42787	 108.38425	-057.0	1
-06.42787	 108.39587	-057.5	1
-06.42787	 108.40750	-057.7	1
-06.42787	 108.41911	-058.3	1
-06.42787	 108.43074	-058.6	1
-06.42787	 108.44234	-058.6	1
-06.42787	 108.45398	-058.7	1
-06.42787	 108.46559	-058.5	1
-06.42787	 108.47721	-058.4	1
-06.42787	 108.48884	-058.9	1
-06.43941	 106.28113	-043.6	1
-06.43940	 106.29273	-043.7	1
-06.43941	 106.30437	-043.6	1
-06.43940	 106.31598	-043.5	1
-06.43941	 106.32759	-044.0	1
-06.43941	 106.33922	-043.8	1
-06.43941	 106.35084	-044.8	1
-06.43941	 106.36246	-044.9	1
-06.43940	 106.37408	-044.6	1
-06.43941	 106.38570	-043.1	1
-06.43941	 106.39732	-041.6	1
-06.43940	 106.40894	-040.7	1
-06.43941	 106.42056	-041.2	1
-06.43940	 106.43217	-042.5	1
-06.43941	 106.44381	-042.9	1
-06.43941	 106.45541	-043.1	1
-06.43941	 106.46703	-043.3	1
-06.43941	 106.47865	-043.5	1
-06.43941	 106.49027	-043.2	1
-06.43941	 106.50189	-042.2	1
-06.43941	 106.51352	-041.8	1
-06.43940	 106.52513	-041.0	1
-06.43941	 106.53674	-040.8	1
-06.43940	 106.54837	-039.9	1
-06.43941	 106.55999	-039.3	1
-06.43940	 106.57161	-039.3	1
-06.43941	 106.58322	-037.0	1
-06.43941	 106.59484	-034.4	1
-06.43941	 106.60647	-032.4	1
-06.43941	 106.61809	-028.3	1
-06.43941	 106.62971	-025.2	1
-06.43941	 106.64133	-024.6	1
-06.43941	 106.65295	-024.7	1
-06.43940	 106.66457	-022.1	1
-06.43941	 106.67619	-016.4	1
-06.43940	 106.68781	 018.3	1
-06.43941	 106.69942	 002.4	1
-06.43941	 106.71105	-006.2	1
-06.43940	 106.72267	 000.4	1
-06.43941	 106.73428	 018.9	1
-06.43940	 106.74590	 018.6	1
-06.43941	 106.75752	 020.1	1
-06.43941	 106.76914	 018.6	1
-06.43940	 106.78076	 020.2	1
-06.43941	 106.79238	 019.9	1
-06.43940	 106.80399	 019.2	1
-06.43941	 106.81561	 020.0	1
-06.43940	 106.82723	 019.3	1
-06.43940	 106.83886	 020.3	1
-06.43941	 106.85048	 020.8	1
-06.43940	 106.86209	 021.1	1
-06.43941	 106.87372	 019.5	1
-06.43940	 106.88533	 019.6	1
-06.43941	 106.89696	 019.7	1
-06.43941	 106.90858	 021.5	1
-06.43940	 106.92020	 021.5	1
-06.43941	 106.93181	 020.5	1
-06.43941	 106.94344	 021.7	1
-06.43941	 106.95506	 022.0	1
-06.43940	 106.96667	 021.8	1
-06.43941	 106.97829	 020.7	1
-06.43941	 106.98992	 022.2	1
-06.43940	 107.00154	 020.9	1
-06.43941	 107.01315	 021.0	1
-06.43940	 107.02478	 022.0	1
-06.43941	 107.03640	 021.2	1
-06.43941	 107.04801	 021.4	1
-06.43940	 107.05962	 022.1	1
-06.43941	 107.07124	 021.6	1
-06.43941	 107.08286	 023.4	1
-06.43941	 107.09449	 022.4	1
-06.43940	 107.10609	-015.2	1
-06.43940	 107.11772	-018.2	1
-06.43941	 107.12935	 023.4	1
-06.43940	 107.14097	 023.6	1
-06.43940	 107.15258	 023.0	1
-06.43941	 107.16420	 024.2	1
-06.43941	 107.17583	 022.9	1
-06.43941	 107.18745	 023.9	1
-06.43940	 107.19906	 023.7	1
-06.43941	 107.21069	 023.6	1
-06.43941	 107.22231	 023.6	1
-06.43941	 107.23392	 024.6	1
-06.43941	 107.24554	 024.7	1
-06.43940	 107.25716	 023.4	1
-06.43941	 107.26878	 024.0	1
-06.43940	 107.28040	 023.9	1
-06.43941	 107.29202	 023.8	1
-06.43941	 107.30364	 025.2	1
-06.43940	 107.31526	 024.4	1
-06.43941	 107.32688	 023.6	1
-06.43940	 107.33849	 025.3	1
-06.43941	 107.35011	 023.6	1
-06.43941	 107.36175	 024.9	1
-06.43941	 107.37334	 024.9	1
-06.43941	 107.38497	 024.8	1
-06.43940	 107.39659	 023.7	1
-06.43941	 107.40821	 025.4	1
-06.43941	 107.41983	 025.1	1
-06.43941	 107.43146	 024.1	1
-06.43941	 107.44308	 024.6	1
-06.43940	 107.45469	 025.3	1
-06.43941	 107.46631	 023.7	1
-06.43941	 107.47794	 025.0	1
-06.43941	 107.48955	 024.8	1
-06.43941	 107.50117	 024.7	1
-06.43941	 107.51279	 024.9	1
-06.43941	 107.52441	 023.3	1
-06.43940	 107.53603	 024.8	1
-06.43941	 107.54765	 023.0	1
-06.43941	 107.55927	 023.3	1
-06.43941	 107.57088	 024.4	1
-06.43941	 107.58251	 018.4	1
-06.43940	 107.59413	 022.7	1
-06.43941	 107.60574	 021.0	1
-06.43941	 107.61736	 024.1	1
-06.43941	 107.62900	 024.0	1
-06.43941	 107.64061	 023.9	1
-06.43940	 107.65222	 022.0	1
-06.43940	 107.66385	 018.0	1
-06.43941	 107.67546	 009.2	1
-06.43941	 107.68708	-003.5	1
-06.43941	 107.69871	-006.9	1
-06.43940	 107.71032	-009.7	1
-06.43941	 107.72194	-010.9	1
-06.43941	 107.73357	-012.0	1
-06.43940	 107.74517	-014.8	1
-06.43941	 107.75680	-017.6	1
-06.43940	 107.76842	-018.3	1
-06.43940	 107.78004	-019.2	1
-06.43940	 107.79166	-019.2	1
-06.43940	 107.80328	-018.6	1
-06.43941	 107.81490	-019.3	1
-06.43940	 107.82652	-021.0	1
-06.43941	 107.83814	-021.6	1
-06.43941	 107.84975	-022.6	1
-06.43940	 107.86138	-023.5	1
-06.43941	 107.87300	-025.5	1
-06.43941	 107.88461	-026.8	1
-06.43941	 107.89623	-028.3	1
-06.43940	 107.90785	-028.1	1
-06.43941	 107.91947	-028.3	1
-06.43941	 107.93110	-028.8	1
-06.43940	 107.94271	-030.6	1
-06.43941	 107.95433	-032.5	1
-06.43941	 107.96596	-033.9	1
-06.43940	 107.97757	-034.9	1
-06.43941	 107.98918	-037.1	1
-06.43941	 108.00082	-038.7	1
-06.43941	 108.01244	-040.7	1
-06.43940	 108.02405	-042.4	1
-06.43941	 108.03568	-044.0	1
-06.43940	 108.04729	-045.1	1
-06.43940	 108.05891	-046.6	1
-06.43941	 108.07053	-047.4	1
-06.43940	 108.08216	-048.2	1
-06.43941	 108.09377	-049.7	1
-06.43941	 108.10538	-049.9	1
-06.43941	 108.11700	-050.3	1
-06.43941	 108.12863	-050.7	1
-06.43940	 108.14025	-051.6	1
-06.43941	 108.15186	-052.4	1
-06.43941	 108.16350	-052.4	1
-06.43941	 108.17510	-053.1	1
-06.43941	 108.18672	-053.5	1
-06.43941	 108.19835	-054.2	1
-06.43941	 108.20996	-054.2	1
-06.43940	 108.22158	-054.4	1
-06.43941	 108.23320	-054.4	1
-06.43941	 108.24482	-055.0	1
-06.43941	 108.25644	-054.9	1
-06.43941	 108.26806	-055.0	1
-06.43940	 108.27968	-054.9	1
-06.43941	 108.29130	-055.5	1
-06.43941	 108.30292	-055.5	1
-06.43941	 108.31454	-055.6	1
-06.43941	 108.32616	-056.2	1
-06.43940	 108.33778	-056.1	1
-06.43941	 108.34940	-056.7	1
-06.43940	 108.36102	-057.0	1
-06.43941	 108.37263	-057.8	1
-06.43941	 108.38425	-057.8	1
-06.43941	 108.39587	-058.5	1
-06.43940	 108.40750	-058.5	1
-06.43941	 108.41912	-058.5	1
-06.43941	 108.43073	-058.6	1
-06.43940	 108.44235	-058.3	1
-06.43940	 108.45398	-058.5	1
-06.43941	 108.46559	-059.1	1
-06.43940	 108.47721	-059.0	1
-06.43941	 108.48883	-059.1	1
-06.45094	 106.28112	-042.6	1
-06.45094	 106.29274	-043.2	1
-06.45094	 106.30436	-043.4	1
-06.45094	 106.31598	-043.5	1
-06.45094	 106.32760	-043.3	1
-06.45094	 106.33922	-043.0	1
-06.45094	 106.35085	-043.1	1
-06.45094	 106.36246	-044.2	1
-06.45094	 106.37407	-043.8	1
-06.45094	 106.38570	-044.5	1
-06.45094	 106.39732	-044.6	1
-06.45094	 106.40894	-043.6	1
-06.45094	 106.42056	-042.1	1
-06.45094	 106.43217	-040.8	1
-06.45094	 106.44379	-040.8	1
-06.45094	 106.45541	-041.8	1
-06.45094	 106.46703	-042.2	1
-06.45094	 106.47865	-042.6	1
-06.45094	 106.49027	-042.7	1
-06.45094	 106.50189	-043.0	1
-06.45094	 106.51352	-043.0	1
-06.45094	 106.52513	-041.5	1
-06.45094	 106.53675	-039.9	1
-06.45094	 106.54837	-039.1	1
-06.45094	 106.55999	-040.1	1
-06.45094	 106.57160	-039.7	1
-06.45094	 106.58324	-038.4	1
-06.45094	 106.59485	-038.1	1
-06.45094	 106.60646	-035.9	1
-06.45094	 106.61809	-032.5	1
-06.45094	 106.62970	-030.8	1
-06.45094	 106.64133	-027.0	1
-06.45094	 106.65295	-024.6	1
-06.45094	 106.66457	-023.4	1
-06.45094	 106.67619	-022.3	1
-06.45094	 106.68781	-019.9	1
-06.45094	 106.69942	-000.5	1
-06.45094	 106.71106	 019.5	1
-06.45094	 106.72267	 013.3	1
-06.45094	 106.73428	 014.1	1
-06.45094	 106.74590	 015.4	1
-06.45094	 106.75753	 020.1	1
-06.45094	 106.76914	 020.1	1
-06.45094	 106.78075	 018.7	1
-06.45094	 106.79239	 020.2	1
-06.45094	 106.80400	 019.4	1
-06.45094	 106.81562	 019.0	1
-06.45094	 106.82723	 019.2	1
-06.45094	 106.83886	 019.3	1
-06.45094	 106.85049	 020.8	1
-06.45094	 106.86209	 021.2	1
-06.45094	 106.87372	 019.6	1
-06.45094	 106.88533	 021.1	1
-06.45094	 106.89696	 019.8	1
-06.45094	 106.90858	 021.4	1
-06.45094	 106.92020	 020.1	1
-06.45094	 106.93182	 021.9	1
-06.45094	 106.94344	 022.0	1
-06.45094	 106.95506	 021.1	1
-06.45094	 106.96667	 020.7	1
-06.45094	 106.97829	 022.3	1
-06.45094	 106.98991	 021.0	1
-06.45094	 107.00153	 021.0	1
-06.45094	 107.01315	 021.9	1
-06.45094	 107.02477	 022.4	1
-06.45094	 107.03640	 021.3	1
-06.45094	 107.04800	 023.0	1
-06.45094	 107.05963	 022.6	1
-06.45094	 107.07125	 022.2	1
-06.45094	 107.08286	 022.7	1
-06.45094	 107.09448	 023.6	1
-06.45094	 107.10611	 019.9	1
-06.45094	 107.11773	-013.0	1
-06.45094	 107.12935	-011.4	1
-06.45094	 107.14097	 022.4	1
-06.45094	 107.15258	 023.7	1
-06.45094	 107.16420	 024.4	1
-06.45094	 107.17583	 023.8	1
-06.45094	 107.18745	 023.0	1
-06.45094	 107.19907	 024.3	1
-06.45094	 107.21068	 024.8	1
-06.45094	 107.22231	 024.7	1
-06.45094	 107.23392	 023.3	1
-06.45094	 107.24554	 024.2	1
-06.45094	 107.25716	 025.1	1
-06.45094	 107.26878	 025.2	1
-06.45094	 107.28040	 025.0	1
-06.45094	 107.29201	 024.7	1
-06.45094	 107.30365	 025.4	1
-06.45094	 107.31526	 024.7	1
-06.45094	 107.32687	 025.4	1
-06.45094	 107.33849	 025.5	1
-06.45094	 107.35012	 025.2	1
-06.45094	 107.36175	 025.5	1
-06.45094	 107.37335	 023.9	1
-06.45094	 107.38497	 024.6	1
-06.45094	 107.39660	 024.0	1
-06.45094	 107.40821	 025.0	1
-06.45094	 107.41983	 024.2	1
-06.45094	 107.43146	 024.3	1
-06.45094	 107.44308	 025.5	1
-06.45094	 107.45469	 025.0	1
-06.45094	 107.46631	 024.8	1
-06.45094	 107.47794	 025.3	1
-06.45094	 107.48955	 024.0	1
-06.45094	 107.50117	 023.8	1
-06.45094	 107.51279	 023.5	1
-06.45094	 107.52441	 024.5	1
-06.45094	 107.53603	 024.9	1
-06.45094	 107.54765	 024.0	1
-06.45094	 107.55927	 023.5	1
-06.45094	 107.57088	 023.5	1
-06.45094	 107.58250	 022.3	1
-06.45094	 107.59413	 022.3	1
-06.45094	 107.60575	 024.4	1
-06.45094	 107.61736	 024.3	1
-06.45094	 107.62899	 023.7	1
-06.45094	 107.64061	 024.0	1
-06.45094	 107.65222	 021.7	1
-06.45094	 107.66384	 018.1	1
-06.45094	 107.67546	 008.6	1
-06.45094	 107.68710	-001.2	1
-06.45094	 107.69870	-006.3	1
-06.45094	 107.71032	-009.4	1
-06.45094	 107.72194	-010.8	1
-06.45094	 107.73356	-013.6	1
-06.45094	 107.74518	-016.6	1
-06.45094	 107.75681	-017.5	1
-06.45094	 107.76842	-018.3	1
-06.45094	 107.78004	-018.4	1
-06.45094	 107.79166	-017.7	1
-06.45094	 107.80328	-018.6	1
-06.45094	 107.81490	-020.5	1
-06.45094	 107.82652	-021.3	1
-06.45094	 107.83813	-022.4	1
-06.45094	 107.84975	-023.4	1
-06.45094	 107.86138	-025.3	1
-06.45094	 107.87300	-026.9	1
-06.45094	 107.88462	-027.9	1
-06.45094	 107.89624	-027.7	1
-06.45094	 107.90785	-027.9	1
-06.45094	 107.91948	-029.0	1
-06.45094	 107.93109	-030.8	1
-06.45094	 107.94271	-032.8	1
-06.45094	 107.95433	-034.1	1
-06.45094	 107.96595	-036.4	1
-06.45094	 107.97757	-037.9	1
-06.45094	 107.98919	-040.3	1
-06.45094	 108.00082	-041.5	1
-06.45094	 108.01242	-043.0	1
-06.45094	 108.02406	-044.7	1
-06.45094	 108.03567	-046.3	1
-06.45094	 108.04729	-047.3	1
-06.45094	 108.05891	-048.2	1
-06.45094	 108.07053	-049.3	1
-06.45094	 108.08215	-050.0	1
-06.45094	 108.09377	-050.0	1
-06.45094	 108.10538	-050.5	1
-06.45094	 108.11700	-051.1	1
-06.45094	 108.12862	-052.3	1
-06.45094	 108.14024	-052.7	1
-06.45094	 108.15187	-052.1	1
-06.45094	 108.16348	-053.6	1
-06.45094	 108.17511	-054.4	1
-06.45094	 108.18672	-053.9	1
-06.45094	 108.19835	-054.0	1
-06.45094	 108.20996	-054.5	1
-06.45094	 108.22159	-054.6	1
-06.45094	 108.23320	-055.3	1
-06.45094	 108.24482	-054.8	1
-06.45094	 108.25644	-055.4	1
-06.45094	 108.26806	-055.5	1
-06.45094	 108.27968	-055.8	1
-06.45094	 108.29130	-055.7	1
-06.45094	 108.30293	-056.4	1
-06.45094	 108.31454	-056.3	1
-06.45094	 108.32616	-056.7	1
-06.45094	 108.33778	-057.1	1
-06.45094	 108.34939	-058.1	1
-06.45094	 108.36102	-058.0	1
-06.45094	 108.37263	-059.0	1
-06.45094	 108.38425	-058.6	1
-06.45094	 108.39587	-058.3	1
-06.45094	 108.40749	-058.6	1
-06.45094	 108.41911	-058.3	1
-06.45094	 108.43073	-058.7	1
-06.45094	 108.44236	-059.2	1
-06.45094	 108.45397	-059.2	1
-06.45094	 108.46560	-059.2	1
-06.45094	 108.47722	-059.2	1
-06.45094	 108.48883	-058.7	1
-06.46248	 106.26950	-041.0	1
-06.46248	 106.28112	-041.9	1
-06.46248	 106.29273	-041.2	1
-06.46248	 106.30436	-041.3	1
-06.46248	 106.31598	-042.5	1
-06.46248	 106.32759	-043.2	1
-06.46248	 106.33922	-042.9	1
-06.46248	 106.35085	-042.9	1
-06.46248	 106.36246	-042.6	1
-06.46248	 106.37407	-042.5	1
-06.46248	 106.38569	-043.0	1
-06.46248	 106.39732	-043.3	1
-06.46248	 106.40894	-043.6	1
-06.46248	 106.42056	-044.3	1
-06.46248	 106.43217	-043.9	1
-06.46248	 106.44379	-042.7	1
-06.46248	 106.45541	-041.0	1
-06.46248	 106.46704	-040.1	1
-06.46248	 106.47865	-040.6	1
-06.46248	 106.49027	-042.2	1
-06.46248	 106.50189	-042.2	1
-06.46248	 106.51351	-042.2	1
-06.46248	 106.52513	-040.7	1
-06.46248	 106.53675	-040.9	1
-06.46248	 106.54837	-040.4	1
-06.46248	 106.56000	-038.2	1
-06.46248	 106.57161	-038.7	1
-06.46248	 106.58322	-038.6	1
-06.46248	 106.59485	-038.2	1
-06.46248	 106.60646	-037.2	1
-06.46248	 106.61809	-035.8	1
-06.46248	 106.62971	-036.4	1
-06.46248	 106.64133	-033.4	1
-06.46248	 106.65295	-031.8	1
-06.46248	 106.66457	-025.4	1
-06.46248	 106.67619	-023.0	1
-06.46248	 106.68781	-023.3	1
-06.46248	 106.69943	-020.6	1
-06.46248	 106.71104	-017.1	1
-06.46248	 106.72266	 019.8	1
-06.46248	 106.73428	 020.0	1
-06.46248	 106.74590	 014.2	1
-06.46248	 106.75752	 019.5	1
-06.46248	 106.76914	 020.3	1
-06.46248	 106.78076	 018.9	1
-06.46248	 106.79239	 019.8	1
-06.46248	 106.80400	 018.6	1
-06.46248	 106.81562	 019.8	1
-06.46248	 106.82723	 019.6	1
-06.46248	 106.83886	 019.9	1
-06.46248	 106.85048	 019.4	1
-06.46248	 106.86209	 020.4	1
-06.46248	 106.87372	 021.3	1
-06.46248	 106.88534	 021.5	1
-06.46248	 106.89696	 021.5	1
-06.46248	 106.90857	 020.1	1
-06.46248	 106.92020	 021.6	1
-06.46248	 106.93182	 021.6	1
-06.46248	 106.94344	 022.1	1
-06.46248	 106.95506	 021.2	1
-06.46248	 106.96667	 021.2	1
-06.46248	 106.97829	 020.8	1
-06.46248	 106.98991	 021.0	1
-06.46248	 107.00153	 022.3	1
-06.46248	 107.01315	 022.8	1
-06.46248	 107.02477	 023.0	1
-06.46248	 107.03639	 022.7	1
-06.46248	 107.04800	 021.8	1
-06.46248	 107.05962	 023.3	1
-06.46248	 107.07125	 021.9	1
-06.46248	 107.08287	 023.7	1
-06.46248	 107.09449	 022.2	1
-06.46248	 107.10610	 022.8	1
-06.46248	 107.11772	 022.5	1
-06.46248	 107.12935	-013.8	1
-06.46248	 107.14097	 022.1	1
-06.46248	 107.15258	 023.3	1
-06.46248	 107.16421	 022.9	1
-06.46248	 107.17583	 023.0	1
-06.46248	 107.18744	 023.3	1
-06.46248	 107.19907	 024.1	1
-06.46248	 107.21069	 024.9	1
-06.46248	 107.22231	 023.6	1
-06.46248	 107.23392	 025.0	1
-06.46248	 107.24554	 024.2	1
-06.46248	 107.25716	 023.7	1
-06.46248	 107.26878	 025.1	1
-06.46248	 107.28040	 024.3	1
-06.46248	 107.29202	 025.3	1
-06.46248	 107.30364	 025.4	1
-06.46248	 107.31527	 025.1	1
-06.46248	 107.32687	 024.1	1
-06.46248	 107.33849	 025.2	1
-06.46248	 107.35011	 025.5	1
-06.46248	 107.36174	 024.4	1
-06.46248	 107.37335	 025.3	1
-06.46248	 107.38497	 024.8	1
-06.46248	 107.39659	 024.9	1
-06.46248	 107.40822	 025.6	1
-06.46248	 107.41984	 024.7	1
-06.46248	 107.43145	 024.2	1
-06.46248	 107.44308	 025.8	1
-06.46248	 107.45470	 025.4	1
-06.46248	 107.46631	 025.4	1
-06.46248	 107.47793	 024.0	1
-06.46248	 107.48956	 024.6	1
-06.46248	 107.50117	 024.8	1
-06.46248	 107.51279	 024.9	1
-06.46248	 107.52441	 025.2	1
-06.46248	 107.53603	 023.5	1
-06.46248	 107.54765	 024.2	1
-06.46248	 107.55927	 024.2	1
-06.46248	 107.57088	 022.6	1
-06.46248	 107.58250	 024.6	1
-06.46248	 107.59413	 024.2	1
-06.46248	 107.60575	 023.3	1
-06.46248	 107.61736	 023.3	1
-06.46248	 107.62899	 022.9	1
-06.46248	 107.64061	 024.1	1
-06.46248	 107.65223	 021.7	1
-06.46248	 107.66385	 019.5	1
-06.46248	 107.67546	 010.1	1
-06.46248	 107.68709	-000.2	1
-06.46248	 107.69871	-005.3	1
-06.46248	 107.71032	-009.5	1
-06.46248	 107.72194	-012.2	1
-06.46248	 107.73357	-015.5	1
-06.46248	 107.74519	-016.6	1
-06.46248	 107.75680	-017.4	1
-06.46248	 107.76842	-018.0	1
-06.46248	 107.78004	-016.6	1
-06.46248	 107.79166	-018.1	1
-06.46248	 107.80328	-019.8	1
-06.46248	 107.81490	-020.8	1
-06.46248	 107.82652	-021.9	1
-06.46248	 107.83814	-023.4	1
-06.46248	 107.84975	-025.1	1
-06.46248	 107.86137	-027.0	1
-06.46248	 107.87300	-027.7	1
-06.46248	 107.88463	-027.3	1
-06.46248	 107.89622	-027.6	1
-06.46248	 107.90785	-029.0	1
-06.46248	 107.91947	-031.2	1
-06.46248	 107.93110	-033.2	1
-06.46248	 107.94272	-034.5	1
-06.46248	 107.95433	-037.1	1
-06.46248	 107.96596	-038.7	1
-06.46248	 107.97758	-040.3	1
-06.46248	 107.98920	-042.1	1
-06.46248	 108.00080	-043.9	1
-06.46248	 108.01243	-045.5	1
-06.46248	 108.02405	-046.9	1
-06.46248	 108.03567	-047.9	1
-06.46248	 108.04729	-049.4	1
-06.46248	 108.05891	-050.3	1
-06.46248	 108.07053	-050.3	1
-06.46248	 108.08215	-050.5	1
-06.46248	 108.09377	-051.1	1
-06.46248	 108.10538	-052.2	1
-06.46248	 108.11700	-052.6	1
-06.46248	 108.12863	-052.4	1
-06.46248	 108.14024	-053.0	1
-06.46248	 108.15186	-054.0	1
-06.46248	 108.16349	-054.0	1
-06.46248	 108.17511	-053.7	1
-06.46248	 108.18672	-054.3	1
-06.46248	 108.19835	-054.6	1
-06.46248	 108.20996	-054.8	1
-06.46248	 108.22159	-055.1	1
-06.46248	 108.23321	-055.2	1
-06.46248	 108.24482	-055.9	1
-06.46248	 108.25644	-055.6	1
-06.46248	 108.26806	-056.0	1
-06.46248	 108.27969	-055.8	1
-06.46248	 108.29130	-056.5	1
-06.46248	 108.30292	-056.9	1
-06.46248	 108.31454	-057.8	1
-06.46248	 108.32616	-058.3	1
-06.46248	 108.33778	-058.4	1
-06.46248	 108.34939	-058.7	1
-06.46248	 108.36101	-058.7	1
-06.46248	 108.37263	-058.1	1
-06.46248	 108.38425	-058.6	1
-06.46248	 108.39587	-058.4	1
-06.46248	 108.40750	-058.6	1
-06.46248	 108.41913	-059.1	1
-06.46248	 108.43073	-059.3	1
-06.46248	 108.44234	-058.6	1
-06.46248	 108.45397	-058.7	1
-06.46248	 108.46560	-058.6	1
-06.46248	 108.47720	-058.2	1
-06.46248	 108.48883	-058.1	1
-06.46248	 108.50045	-057.5	1
-06.47402	 106.26950	-040.5	1
-06.47402	 106.28112	-040.7	1
-06.47402	 106.29274	-040.5	1
-06.47402	 106.30436	-040.5	1
-06.47402	 106.31598	-041.4	1
-06.47402	 106.32760	-041.2	1
-06.47402	 106.33922	-041.1	1
-06.47402	 106.35084	-042.0	1
-06.47402	 106.36246	-042.5	1
-06.47402	 106.37408	-042.4	1
-06.47402	 106.38570	-042.2	1
-06.47402	 106.39732	-042.1	1
-06.47402	 106.40894	-042.1	1
-06.47402	 106.42056	-042.9	1
-06.47402	 106.43217	-043.0	1
-06.47402	 106.44380	-043.6	1
-06.47402	 106.45541	-043.7	1
-06.47402	 106.46704	-043.0	1
-06.47402	 106.47865	-041.5	1
-06.47402	 106.49027	-039.8	1
-06.47402	 106.50189	-039.8	1
-06.47402	 106.51350	-040.4	1
-06.47402	 106.52513	-040.4	1
-06.47402	 106.53676	-040.2	1
-06.47402	 106.54837	-040.2	1
-06.47402	 106.56000	-038.6	1
-06.47402	 106.57161	-039.4	1
-06.47402	 106.58322	-038.9	1
-06.47402	 106.59485	-036.4	1
-06.47402	 106.60648	-038.1	1
-06.47402	 106.61809	-037.1	1
-06.47402	 106.62971	-037.1	1
-06.47402	 106.64133	-037.6	1
-06.47402	 106.65294	-036.5	1
-06.47402	 106.66457	-033.2	1
-06.47402	 106.67619	-030.4	1
-06.47402	 106.68781	-023.9	1
-06.47402	 106.69942	-021.5	1
-06.47402	 106.71104	-021.4	1
-06.47402	 106.72266	-017.9	1
-06.47402	 106.73428	-000.8	1
-06.47402	 106.74590	 019.9	1
-06.47402	 106.75753	 019.0	1
-06.47402	 106.76913	 019.7	1
-06.47402	 106.78075	 020.5	1
-06.47402	 106.79238	 019.1	1
-06.47402	 106.80399	 020.4	1
-06.47402	 106.81562	 020.5	1
-06.47402	 106.82723	 021.0	1
-06.47402	 106.83887	 020.3	1
-06.47402	 106.85048	 021.2	1
-06.47402	 106.86210	 021.2	1
-06.47402	 106.87371	 020.8	1
-06.47402	 106.88533	 021.1	1
-06.47402	 106.89697	 021.6	1
-06.47402	 106.90858	 021.7	1
-06.47402	 106.92020	 020.4	1
-06.47402	 106.93182	 021.8	1
-06.47402	 106.94343	 020.6	1
-06.47402	 106.95506	 022.4	1
-06.47402	 106.96667	 021.1	1
-06.47402	 106.97830	 021.0	1
-06.47402	 106.98991	 022.8	1
-06.47402	 107.00153	 022.7	1
-06.47402	 107.01315	 023.0	1
-06.47402	 107.02477	 022.6	1
-06.47402	 107.03641	 023.0	1
-06.47402	 107.04801	 021.8	1
-06.47402	 107.05963	 022.8	1
-06.47402	 107.07125	 023.2	1
-06.47402	 107.08287	 022.1	1
-06.47402	 107.09448	 023.6	1
-06.47402	 107.10609	 022.6	1
-06.47402	 107.11773	 024.3	1
-06.47402	 107.12936	 018.1	1
-06.47402	 107.14097	-004.3	1
-06.47402	 107.15258	 023.0	1
-06.47402	 107.16420	 023.1	1
-06.47402	 107.17583	 023.6	1
-06.47402	 107.18745	 024.4	1
-06.47402	 107.19906	 025.1	1
-06.47402	 107.21069	 025.2	1
-06.47402	 107.22231	 023.6	1
-06.47402	 107.23392	 024.8	1
-06.47402	 107.24553	 024.2	1
-06.47402	 107.25716	 024.0	1
-06.47402	 107.26879	 024.8	1
-06.47402	 107.28040	 024.1	1
-06.47402	 107.29202	 024.3	1
-06.47402	 107.30363	 025.6	1
-06.47402	 107.31526	 024.3	1
-06.47402	 107.32687	 025.0	1
-06.47402	 107.33850	 025.0	1
-06.47402	 107.35012	 026.0	1
-06.47402	 107.36174	 024.7	1
-06.47402	 107.37335	 026.1	1
-06.47402	 107.38497	 026.1	1
-06.47402	 107.39659	 024.6	1
-06.47402	 107.40822	 025.8	1
-06.47402	 107.41984	 026.1	1
-06.47402	 107.43146	 024.7	1
-06.47402	 107.44307	 026.1	1
-06.47402	 107.45469	 025.4	1
-06.47402	 107.46632	 025.5	1
-06.47402	 107.47794	 025.2	1
-06.47402	 107.48955	 025.8	1
-06.47402	 107.50117	 024.4	1
-06.47402	 107.51279	 025.1	1
-06.47402	 107.52441	 025.6	1
-06.47402	 107.53603	 025.0	1
-06.47402	 107.54765	 024.6	1
-06.47402	 107.55927	 025.3	1
-06.47402	 107.57088	 024.9	1
-06.47402	 107.58250	 024.8	1
-06.47402	 107.59412	 023.5	1
-06.47402	 107.60574	 023.1	1
-06.47402	 107.61736	 024.2	1
-06.47402	 107.62898	 023.7	1
-06.47402	 107.64061	 024.1	1
-06.47402	 107.65222	 023.2	1
-06.47402	 107.66384	 019.3	1
-06.47402	 107.67546	 016.3	1
-06.47402	 107.68709	 004.0	1
-06.47402	 107.69870	-006.3	1
-06.47402	 107.71032	-010.4	1
-06.47402	 107.72194	-014.2	1
-06.47402	 107.73356	-015.6	1
-06.47402	 107.74518	-016.6	1
-06.47402	 107.75681	-017.2	1
-06.47402	 107.76842	-015.5	1
-06.47402	 107.78004	-017.3	1
-06.47402	 107.79166	-019.2	1
-06.47402	 107.80328	-020.2	1
-06.47402	 107.81490	-021.3	1
-06.47402	 107.82652	-023.3	1
-06.47402	 107.83814	-025.0	1
-06.47402	 107.84975	-027.0	1
-06.47402	 107.86138	-026.9	1
-06.47402	 107.87300	-026.9	1
-06.47402	 107.88462	-027.5	1
-06.47402	 107.89623	-029.4	1
-06.47402	 107.90785	-031.6	1
-06.47402	 107.91947	-033.3	1
-06.47402	 107.93109	-035.8	1
-06.47402	 107.94271	-037.4	1
-06.47402	 107.95433	-039.8	1
-06.47402	 107.96595	-041.6	1
-06.47402	 107.97757	-043.1	1
-06.47402	 107.98918	-044.6	1
-06.47402	 108.00082	-046.5	1
-06.47402	 108.01242	-047.6	1
-06.47402	 108.02406	-049.2	1
-06.47402	 108.03567	-050.4	1
-06.47402	 108.04729	-050.2	1
-06.47402	 108.05891	-050.3	1
-06.47402	 108.07053	-051.0	1
-06.47402	 108.08215	-052.2	1
-06.47402	 108.09377	-052.9	1
-06.47402	 108.10538	-052.3	1
-06.47402	 108.11700	-053.3	1
-06.47402	 108.12863	-054.1	1
-06.47402	 108.14024	-053.7	1
-06.47402	 108.15186	-054.0	1
-06.47402	 108.16349	-054.2	1
-06.47402	 108.17511	-054.4	1
-06.47402	 108.18672	-054.7	1
-06.47402	 108.19835	-054.5	1
-06.47402	 108.20996	-055.4	1
-06.47402	 108.22158	-056.0	1
-06.47402	 108.23321	-055.3	1
-06.47402	 108.24483	-056.0	1
-06.47402	 108.25644	-056.1	1
-06.47402	 108.26806	-056.5	1
-06.47402	 108.27968	-057.0	1
-06.47402	 108.29131	-057.9	1
-06.47402	 108.30292	-058.3	1
-06.47402	 108.31454	-058.7	1
-06.47402	 108.32616	-058.6	1
-06.47402	 108.33778	-058.6	1
-06.47402	 108.34940	-058.3	1
-06.47402	 108.36102	-058.2	1
-06.47402	 108.37264	-058.7	1
-06.47402	 108.38425	-058.8	1
-06.47402	 108.39587	-058.8	1
-06.47402	 108.40750	-059.0	1
-06.47402	 108.41911	-058.5	1
-06.47402	 108.43073	-058.6	1
-06.47402	 108.44234	-058.4	1
-06.47402	 108.45398	-057.8	1
-06.47402	 108.46559	-057.8	1
-06.47402	 108.47721	-057.1	1
-06.47402	 108.48883	-057.0	1
-06.47402	 108.50045	-056.7	1
-06.48555	 106.26950	-041.1	1
-06.48555	 106.28112	-041.0	1
-06.48555	 106.29273	-040.4	1
-06.48555	 106.30437	-040.1	1
-06.48555	 106.31598	-039.7	1
-06.48555	 106.32761	-039.9	1
-06.48555	 106.33922	-040.2	1
-06.48555	 106.35085	-041.0	1
-06.48555	 106.36246	-040.5	1
-06.48555	 106.37408	-040.4	1
-06.48555	 106.38569	-041.5	1
-06.48555	 106.39732	-042.2	1
-06.48555	 106.40894	-042.0	1
-06.48555	 106.42056	-041.8	1
-06.48555	 106.43217	-041.6	1
-06.48555	 106.44379	-041.7	1
-06.48555	 106.45541	-042.5	1
-06.48555	 106.46703	-042.8	1
-06.48555	 106.47865	-043.5	1
-06.48555	 106.49028	-042.8	1
-06.48555	 106.50189	-041.9	1
-06.48555	 106.51351	-040.2	1
-06.48555	 106.52514	-038.5	1
-06.48555	 106.53674	-038.5	1
-06.48555	 106.54837	-038.9	1
-06.48555	 106.56000	-038.1	1
-06.48555	 106.57160	-037.7	1
-06.48555	 106.58324	-038.8	1
-06.48555	 106.59485	-037.5	1
-06.48555	 106.60647	-038.6	1
-06.48555	 106.61809	-037.1	1
-06.48555	 106.62971	-037.5	1
-06.48555	 106.64133	-039.1	1
-06.48555	 106.65295	-038.1	1
-06.48555	 106.66457	-037.1	1
-06.48555	 106.67618	-035.8	1
-06.48555	 106.68781	-032.2	1
-06.48555	 106.69942	-029.3	1
-06.48555	 106.71105	-021.9	1
-06.48555	 106.72266	-019.4	1
-06.48555	 106.73428	-019.3	1
-06.48555	 106.74590	-010.0	1
-06.48555	 106.75752	 019.6	1
-06.48555	 106.76913	 018.8	1
-06.48555	 106.78076	 020.2	1
-06.48555	 106.79239	 020.2	1
-06.48555	 106.80399	 020.1	1
-06.48555	 106.81562	 020.8	1
-06.48555	 106.82723	 021.1	1
-06.48555	 106.83887	 018.6	1
-06.48555	 106.85048	 019.9	1
-06.48555	 106.86209	 020.8	1
-06.48555	 106.87372	 020.2	1
-06.48555	 106.88534	 021.5	1
-06.48555	 106.89696	 021.8	1
-06.48555	 106.90857	 021.8	1
-06.48555	 106.92020	 020.4	1
-06.48555	 106.93181	 022.1	1
-06.48555	 106.94344	 022.3	1
-06.48555	 106.95506	 021.3	1
-06.48555	 106.96667	 022.6	1
-06.48555	 106.97829	 022.2	1
-06.48555	 106.98991	 021.3	1
-06.48555	 107.00153	 021.3	1
-06.48555	 107.01315	 021.5	1
-06.48555	 107.02477	 022.5	1
-06.48555	 107.03640	 023.5	1
-06.48555	 107.04800	 023.6	1
-06.48555	 107.05962	 023.7	1
-06.48555	 107.07124	 023.9	1
-06.48555	 107.08287	 023.7	1
-06.48555	 107.09449	 023.1	1
-06.48555	 107.10610	 024.3	1
-06.48555	 107.11772	 023.4	1
-06.48555	 107.12936	 024.2	1
-06.48555	 107.14096	 023.0	1
-06.48555	 107.15259	 024.5	1
-06.48555	 107.16421	 023.7	1
-06.48555	 107.17583	 023.4	1
-06.48555	 107.18745	 025.2	1
-06.48555	 107.19906	 023.7	1
-06.48555	 107.21068	 024.2	1
-06.48555	 107.22231	 025.5	1
-06.48555	 107.23392	 025.7	1
-06.48555	 107.24554	 025.3	1
-06.48555	 107.25716	 025.9	1
-06.48555	 107.26879	 024.4	1
-06.48555	 107.28040	 024.4	1
-06.48555	 107.29202	 026.0	1
-06.48555	 107.30363	 026.1	1
-06.48555	 107.31526	 025.4	1
-06.48555	 107.32688	 025.9	1
-06.48555	 107.33849	 024.9	1
-06.48555	 107.35011	 025.7	1
-06.48555	 107.36174	 024.7	1
-06.48555	 107.37334	 026.4	1
-06.48555	 107.38497	 025.4	1
-06.48555	 107.39659	 024.7	1
-06.48555	 107.40822	 026.2	1
-06.48555	 107.41984	 025.6	1
-06.48555	 107.43145	 025.9	1
-06.48555	 107.44307	 025.8	1
-06.48555	 107.45469	 025.6	1
-06.48555	 107.46632	 024.7	1
-06.48555	 107.47793	 026.1	1
-06.48555	 107.48955	 026.1	1
-06.48555	 107.50118	 025.4	1
-06.48555	 107.51279	 025.9	1
-06.48555	 107.52441	 025.8	1
-06.48555	 107.53603	 025.7	1
-06.48555	 107.54765	 025.6	1
-06.48555	 107.55927	 024.9	1
-06.48555	 107.57088	 024.9	1
-06.48555	 107.58250	 024.4	1
-06.48555	 107.59413	 024.6	1
-06.48555	 107.60576	 025.0	1
-06.48555	 107.61736	 024.9	1
-06.48555	 107.62899	 023.7	1
-06.48555	 107.64061	 024.6	1
-06.48555	 107.65222	 022.4	1
-06.48555	 107.66385	 021.0	1
-06.48555	 107.67546	 018.1	1
-06.48555	 107.68709	 000.5	1
-06.48555	 107.69871	-008.9	1
-06.48555	 107.71033	-012.7	1
-06.48555	 107.72194	-014.4	1
-06.48555	 107.73357	-015.3	1
-06.48555	 107.74518	-016.3	1
-06.48555	 107.75681	-014.4	1
-06.48555	 107.76843	-016.6	1
-06.48555	 107.78004	-018.5	1
-06.48555	 107.79166	-019.5	1
-06.48555	 107.80328	-020.6	1
-06.48555	 107.81490	-023.0	1
-06.48555	 107.82652	-024.8	1
-06.48555	 107.83813	-026.5	1
-06.48555	 107.84975	-026.2	1
-06.48555	 107.86137	-026.5	1
-06.48555	 107.87300	-027.7	1
-06.48555	 107.88462	-029.9	1
-06.48555	 107.89624	-032.2	1
-06.48555	 107.90785	-033.6	1
-06.48555	 107.91948	-036.3	1
-06.48555	 107.93109	-038.3	1
-06.48555	 107.94272	-040.3	1
-06.48555	 107.95433	-042.1	1
-06.48555	 107.96596	-043.9	1
-06.48555	 107.97757	-045.6	1
-06.48555	 107.98919	-047.1	1
-06.48555	 108.00082	-048.6	1
-06.48555	 108.01243	-049.8	1
-06.48555	 108.02405	-050.4	1
-06.48555	 108.03568	-050.4	1
-06.48555	 108.04729	-050.9	1
-06.48555	 108.05891	-051.9	1
-06.48555	 108.07053	-052.7	1
-06.48555	 108.08215	-052.6	1
-06.48555	 108.09377	-053.2	1
-06.48555	 108.10538	-054.2	1
-06.48555	 108.11700	-054.2	1
-06.48555	 108.12863	-053.8	1
-06.48555	 108.14025	-054.4	1
-06.48555	 108.15186	-054.4	1
-06.48555	 108.16348	-054.6	1
-06.48555	 108.17511	-054.8	1
-06.48555	 108.18672	-055.4	1
-06.48555	 108.19834	-055.7	1
-06.48555	 108.20997	-055.3	1
-06.48555	 108.22158	-056.0	1
-06.48555	 108.23321	-056.1	1
-06.48555	 108.24483	-056.9	1
-06.48555	 108.25644	-057.3	1
-06.48555	 108.26806	-057.9	1
-06.48555	 108.27967	-058.4	1
-06.48555	 108.29131	-058.8	1
-06.48555	 108.30292	-058.7	1
-06.48555	 108.31454	-058.1	1
-06.48555	 108.32616	-058.5	1
-06.48555	 108.33778	-058.4	1
-06.48555	 108.34940	-058.6	1
-06.48555	 108.36102	-059.0	1
-06.48555	 108.37263	-058.7	1
-06.48555	 108.38425	-058.8	1
-06.48555	 108.39587	-058.4	1
-06.48555	 108.40750	-058.3	1
-06.48555	 108.41912	-058.0	1
-06.48555	 108.43073	-057.3	1
-06.48555	 108.44236	-057.3	1
-06.48555	 108.45397	-056.6	1
-06.48555	 108.46559	-056.4	1
-06.48555	 108.47720	-056.3	1
-06.48555	 108.48883	-056.0	1
-06.48555	 108.50045	-056.0	1
-06.49709	 106.25788	-041.4	1
-06.49709	 106.26949	-040.6	1
-06.49709	 106.28111	-040.5	1
-06.49709	 106.29273	-040.1	1
-06.49709	 106.30436	-040.4	1
-06.49709	 106.31598	-040.6	1
-06.49709	 106.32759	-039.7	1
-06.49709	 106.33921	-039.3	1
-06.49709	 106.35084	-039.9	1
-06.49709	 106.36246	-039.3	1
-06.49709	 106.37407	-039.2	1
-06.49709	 106.38570	-040.1	1
-06.49709	 106.39732	-039.9	1
-06.49709	 106.40894	-039.9	1
-06.49709	 106.42055	-040.8	1
-06.49709	 106.43217	-041.5	1
-06.49709	 106.44380	-041.1	1
-06.49709	 106.45541	-041.0	1
-06.49709	 106.46703	-040.9	1
-06.49709	 106.47865	-041.4	1
-06.49709	 106.49026	-042.0	1
-06.49709	 106.50188	-042.3	1
-06.49709	 106.51350	-042.7	1
-06.49709	 106.52512	-041.4	1
-06.49709	 106.53674	-039.6	1
-06.49709	 106.54836	-035.7	1
-06.49709	 106.55999	-033.1	1
-06.49709	 106.57160	-035.6	1
-06.49709	 106.58323	-036.4	1
-06.49709	 106.59484	-037.0	1
-06.49709	 106.60646	-037.6	1
-06.49709	 106.61809	-037.0	1
-06.49709	 106.62971	-038.1	1
-06.49709	 106.64132	-038.6	1
-06.49709	 106.65294	-039.0	1
-06.49709	 106.66457	-039.0	1
-06.49709	 106.67619	-037.9	1
-06.49709	 106.68781	-036.7	1
-06.49709	 106.69942	-035.4	1
-06.49709	 106.71104	-031.7	1
-06.49709	 106.72266	-028.1	1
-06.49709	 106.73428	-020.1	1
-06.49709	 106.74589	-012.6	1
-06.49709	 106.75752	-016.3	1
-06.49709	 106.76913	 015.3	1
-06.49709	 106.78075	 019.5	1
-06.49709	 106.79237	 019.3	1
-06.49709	 106.80399	 020.9	1
-06.49709	 106.81561	 019.3	1
-06.49709	 106.82722	 019.7	1
-06.49709	 106.83885	 019.6	1
-06.49709	 106.85048	 020.1	1
-06.49709	 106.86209	 021.7	1
-06.49709	 106.87371	 021.7	1
-06.49709	 106.88533	 020.5	1
-06.49709	 106.89696	 021.0	1
-06.49709	 106.90857	 022.1	1
-06.49709	 106.92019	 020.7	1
-06.49709	 106.93182	 021.3	1
-06.49709	 106.94344	 021.3	1
-06.49709	 106.95505	 021.5	1
-06.49709	 106.96667	 022.1	1
-06.49709	 106.97829	 022.5	1
-06.49709	 106.98991	 023.0	1
-06.49709	 107.00153	 023.1	1
-06.49709	 107.01314	 021.8	1
-06.49709	 107.02477	 023.2	1
-06.49709	 107.03639	 023.2	1
-06.49709	 107.04800	 023.6	1
-06.49709	 107.05962	 023.8	1
-06.49709	 107.07124	 022.9	1
-06.49709	 107.08287	 024.2	1
-06.49709	 107.09448	 022.6	1
-06.49709	 107.10609	 024.4	1
-06.49709	 107.11772	 022.9	1
-06.49709	 107.12935	 024.1	1
-06.49709	 107.14096	 023.2	1
-06.49709	 107.15257	 022.2	1
-06.49709	 107.16421	 024.2	1
-06.49709	 107.17583	 025.0	1
-06.49709	 107.18744	 023.7	1
-06.49709	 107.19906	 025.5	1
-06.49709	 107.21068	 024.1	1
-06.49709	 107.22231	 024.4	1
-06.49709	 107.23391	 024.2	1
-06.49709	 107.24554	 024.4	1
-06.49709	 107.25716	 025.6	1
-06.49709	 107.26878	 026.0	1
-06.49709	 107.28039	 025.2	1
-06.49709	 107.29201	 026.3	1
-06.49709	 107.30364	 024.8	1
-06.49709	 107.31525	 024.9	1
-06.49709	 107.32687	 026.5	1
-06.49709	 107.33849	 026.2	1
-06.49709	 107.35011	 025.1	1
-06.49709	 107.36173	 026.1	1
-06.49709	 107.37334	 025.0	1
-06.49709	 107.38496	 025.2	1
-06.49709	 107.39659	 025.8	1
-06.49709	 107.40822	 026.4	1
-06.49709	 107.41983	 025.7	1
-06.49709	 107.43145	 025.7	1
-06.49709	 107.44307	 025.5	1
-06.49709	 107.45468	 026.4	1
-06.49709	 107.46631	 024.8	1
-06.49709	 107.47794	 025.1	1
-06.49709	 107.48956	 024.9	1
-06.49709	 107.50117	 025.6	1
-06.49709	 107.51279	 026.2	1
-06.49709	 107.52441	 025.2	1
-06.49709	 107.53603	 026.0	1
-06.49709	 107.54765	 024.3	1
-06.49709	 107.55926	 025.2	1
-06.49709	 107.57088	 025.6	1
-06.49709	 107.58251	 025.5	1
-06.49709	 107.59412	 025.3	1
-06.49709	 107.60574	 023.5	1
-06.49709	 107.61736	 025.1	1
-06.49709	 107.62898	 023.9	1
-06.49709	 107.64061	 024.8	1
-06.49709	 107.65222	 023.8	1
-06.49709	 107.66384	 021.9	1
-06.49709	 107.67546	 017.3	1
-06.49709	 107.68709	-000.4	1
-06.49709	 107.69870	-011.2	1
-06.49709	 107.71033	-013.2	1
-06.49709	 107.72195	-014.3	1
-06.49709	 107.73356	-015.2	1
-06.49709	 107.74518	-013.0	1
-06.49709	 107.75680	-015.7	1
-06.49709	 107.76842	-017.5	1
-06.49709	 107.78002	-018.8	1
-06.49709	 107.79166	-019.8	1
-06.49709	 107.80328	-022.5	1
-06.49709	 107.81490	-024.7	1
-06.49709	 107.82651	-025.8	1
-06.49709	 107.83813	-025.5	1
-06.49709	 107.84975	-026.0	1
-06.49709	 107.86137	-027.9	1
-06.49709	 107.87299	-030.3	1
-06.49709	 107.88461	-032.4	1
-06.49709	 107.89623	-035.1	1
-06.49709	 107.90785	-036.9	1
-06.49709	 107.91946	-039.3	1
-06.49709	 107.93109	-041.2	1
-06.49709	 107.94271	-043.1	1
-06.49709	 107.95432	-044.8	1
-06.49709	 107.96595	-046.4	1
-06.49709	 107.97757	-047.9	1
-06.49709	 107.98919	-049.6	1
-06.49709	 108.00080	-050.3	1
-06.49709	 108.01243	-050.2	1
-06.49709	 108.02405	-050.9	1
-06.49709	 108.03568	-052.0	1
-06.49709	 108.04729	-052.9	1
-06.49709	 108.05891	-052.6	1
-06.49709	 108.07053	-053.4	1
-06.49709	 108.08215	-054.1	1
-06.49709	 108.09376	-054.3	1
-06.49709	 108.10538	-054.1	1
-06.49709	 108.11700	-054.7	1
-06.49709	 108.12862	-054.6	1
-06.49709	 108.14024	-054.6	1
-06.49709	 108.15186	-055.1	1
-06.49709	 108.16348	-055.4	1
-06.49709	 108.17510	-055.7	1
-06.49709	 108.18671	-056.4	1
-06.49709	 108.19834	-055.8	1
-06.49709	 108.20996	-056.5	1
-06.49709	 108.22158	-056.9	1
-06.49709	 108.23319	-057.8	1
-06.49709	 108.24481	-058.0	1
-06.49709	 108.25644	-058.4	1
-06.49709	 108.26806	-058.6	1
-06.49709	 108.27967	-058.2	1
-06.49709	 108.29130	-058.4	1
-06.49709	 108.30292	-058.1	1
-06.49709	 108.31453	-058.7	1
-06.49709	 108.32616	-058.6	1
-06.49709	 108.33778	-059.1	1
-06.49709	 108.34940	-058.5	1
-06.49709	 108.36101	-058.3	1
-06.49709	 108.37263	-058.0	1
-06.49709	 108.38425	-057.6	1
-06.49709	 108.39587	-057.4	1
-06.49709	 108.40749	-056.8	1
-06.49709	 108.41911	-056.6	1
-06.49709	 108.43073	-056.1	1
-06.49709	 108.44235	-055.8	1
-06.49709	 108.45397	-055.9	1
-06.49709	 108.46558	-055.6	1
-06.49709	 108.47720	-055.5	1
-06.49709	 108.48882	-054.9	1
-06.49709	 108.50045	-054.6	1
-06.49709	 108.51207	-054.6	1
-06.50863	 106.25789	-043.7	1
-06.50863	 106.26951	-043.1	1
-06.50863	 106.28113	-041.9	1
-06.50863	 106.29274	-040.4	1
-06.50863	 106.30436	-039.6	1
-06.50863	 106.31598	-039.7	1
-06.50863	 106.32761	-040.0	1
-06.50863	 106.33922	-039.8	1
-06.50863	 106.35085	-040.0	1
-06.50863	 106.36246	-039.4	1
-06.50863	 106.37408	-038.4	1
-06.50863	 106.38570	-038.8	1
-06.50863	 106.39732	-038.7	1
-06.50863	 106.40894	-038.8	1
-06.50863	 106.42056	-039.2	1
-06.50863	 106.43217	-039.3	1
-06.50863	 106.44380	-039.4	1
-06.50863	 106.45541	-040.3	1
-06.50863	 106.46703	-040.8	1
-06.50863	 106.47865	-040.8	1
-06.50863	 106.49028	-040.3	1
-06.50863	 106.50189	-040.1	1
-06.50863	 106.51352	-041.1	1
-06.50863	 106.52514	-039.1	1
-06.50863	 106.53675	-040.3	1
-06.50863	 106.54837	-039.1	1
-06.50863	 106.56000	-036.5	1
-06.50863	 106.57160	-035.2	1
-06.50863	 106.58323	-034.1	1
-06.50863	 106.59485	-034.6	1
-06.50863	 106.60646	-037.4	1
-06.50863	 106.61809	-038.9	1
-06.50863	 106.62971	-038.7	1
-06.50863	 106.64133	-040.7	1
-06.50863	 106.65295	-040.1	1
-06.50863	 106.66457	-039.2	1
-06.50863	 106.67619	-038.7	1
-06.50863	 106.68781	-038.2	1
-06.50863	 106.69942	-037.5	1
-06.50863	 106.71105	-035.5	1
-06.50863	 106.72267	-034.6	1
-06.50863	 106.73428	-029.4	1
-06.50863	 106.74590	-025.5	1
-06.50863	 106.75753	-016.0	1
-06.50863	 106.76914	 015.4	1
-06.50863	 106.78075	 013.3	1
-06.50863	 106.79238	 020.8	1
-06.50863	 106.80400	 019.3	1
-06.50863	 106.81562	 020.3	1
-06.50863	 106.82723	 019.8	1
-06.50863	 106.83886	 021.2	1
-06.50863	 106.85048	 019.9	1
-06.50863	 106.86210	 019.9	1
-06.50863	 106.87372	 019.7	1
-06.50863	 106.88534	 020.7	1
-06.50863	 106.89696	 021.2	1
-06.50863	 106.90858	 022.0	1
-06.50863	 106.92020	 021.1	1
-06.50863	 106.93182	 020.8	1
-06.50863	 106.94344	 022.2	1
-06.50863	 106.95506	 021.5	1
-06.50863	 106.96667	 021.8	1
-06.50863	 106.97829	 021.4	1
-06.50863	 106.98991	 022.6	1
-06.50863	 107.00154	 023.3	1
-06.50863	 107.01315	 022.0	1
-06.50863	 107.02478	 021.9	1
-06.50863	 107.03640	 023.7	1
-06.50863	 107.04801	 023.1	1
-06.50863	 107.05962	 023.3	1
-06.50863	 107.07125	 022.5	1
-06.50863	 107.08287	 023.5	1
-06.50863	 107.09448	 023.2	1
-06.50863	 107.10610	 023.0	1
-06.50863	 107.11773	 024.7	1
-06.50863	 107.12936	 023.2	1
-06.50863	 107.14097	 023.8	1
-06.50863	 107.15259	 024.0	1
-06.50863	 107.16421	 025.4	1
-06.50863	 107.17583	 025.0	1
-06.50863	 107.18744	 025.6	1
-06.50863	 107.19906	 024.7	1
-06.50863	 107.21069	 024.3	1
-06.50863	 107.22231	 026.0	1
-06.50863	 107.23392	 024.5	1
-06.50863	 107.24554	 025.6	1
-06.50863	 107.25716	 024.7	1
-06.50863	 107.26878	 024.8	1
-06.50863	 107.28040	 026.6	1
-06.50863	 107.29202	 026.5	1
-06.50863	 107.30364	 026.2	1
-06.50863	 107.31526	 026.8	1
-06.50863	 107.32688	 025.1	1
-06.50863	 107.33850	 026.0	1
-06.50863	 107.35012	 026.5	1
-06.50863	 107.36174	 025.2	1
-06.50863	 107.37336	 026.7	1
-06.50863	 107.38496	 026.4	1
-06.50863	 107.39659	 025.4	1
-06.50863	 107.40822	 025.3	1
-06.50863	 107.41984	 026.7	1
-06.50863	 107.43145	 026.7	1
-06.50863	 107.44308	 026.9	1
-06.50863	 107.45469	 026.8	1
-06.50863	 107.46632	 025.9	1
-06.50863	 107.47794	 025.1	1
-06.50863	 107.48956	 024.9	1
-06.50863	 107.50117	 025.9	1
-06.50863	 107.51280	 026.1	1
-06.50863	 107.52441	 025.8	1
-06.50863	 107.53603	 026.2	1
-06.50863	 107.54766	 025.8	1
-06.50863	 107.55927	 024.6	1
-06.50863	 107.57089	 025.9	1
-06.50863	 107.58251	 024.4	1
-06.50863	 107.59412	 025.1	1
-06.50863	 107.60576	 023.7	1
-06.50863	 107.61736	 024.1	1
-06.50863	 107.62899	 023.5	1
-06.50863	 107.64062	 024.9	1
-06.50863	 107.65222	 024.3	1
-06.50863	 107.66385	 021.8	1
-06.50863	 107.67547	 018.0	1
-06.50863	 107.68708	-009.0	1
-06.50863	 107.69870	-011.9	1
-06.50863	 107.71033	-012.7	1
-06.50863	 107.72194	-013.8	1
-06.50863	 107.73357	-011.7	1
-06.50863	 107.74518	-014.7	1
-06.50863	 107.75680	-016.6	1
-06.50863	 107.76843	-018.0	1
-06.50863	 107.78004	-019.4	1
-06.50863	 107.79166	-022.1	1
-06.50863	 107.80329	-024.7	1
-06.50863	 107.81490	-024.9	1
-06.50863	 107.82652	-024.8	1
-06.50863	 107.83814	-025.8	1
-06.50863	 107.84975	-028.2	1
-06.50863	 107.86137	-030.8	1
-06.50863	 107.87300	-032.6	1
-06.50863	 107.88462	-035.5	1
-06.50863	 107.89624	-037.9	1
-06.50863	 107.90785	-040.2	1
-06.50863	 107.91948	-042.1	1
-06.50863	 107.93111	-043.9	1
-06.50863	 107.94271	-045.9	1
-06.50863	 107.95434	-047.2	1
-06.50863	 107.96596	-049.1	1
-06.50863	 107.97757	-049.8	1
-06.50863	 107.98918	-049.9	1
-06.50863	 108.00082	-050.5	1
-06.50863	 108.01243	-051.6	1
-06.50863	 108.02405	-052.8	1
-06.50863	 108.03568	-052.6	1
-06.50863	 108.04729	-053.5	1
-06.50863	 108.05891	-053.9	1
-06.50863	 108.07053	-054.2	1
-06.50863	 108.08215	-054.3	1
-06.50863	 108.09377	-054.8	1
-06.50863	 108.10538	-054.9	1
-06.50863	 108.11700	-054.9	1
-06.50863	 108.12863	-055.1	1
-06.50863	 108.14024	-055.9	1
-06.50863	 108.15187	-055.9	1
-06.50863	 108.16349	-056.3	1
-06.50863	 108.17510	-056.4	1
-06.50863	 108.18672	-056.9	1
-06.50863	 108.19834	-057.8	1
-06.50863	 108.20997	-057.7	1
-06.50863	 108.22159	-058.0	1
-06.50863	 108.23320	-058.2	1
-06.50863	 108.24483	-058.1	1
-06.50863	 108.25645	-058.2	1
-06.50863	 108.26806	-058.3	1
-06.50863	 108.27967	-058.6	1
-06.50863	 108.29131	-058.6	1
-06.50863	 108.30292	-058.9	1
-06.50863	 108.31454	-058.3	1
-06.50863	 108.32616	-058.3	1
-06.50863	 108.33778	-057.7	1
-06.50863	 108.34940	-057.6	1
-06.50863	 108.36102	-056.9	1
-06.50863	 108.37263	-056.8	1
-06.50863	 108.38426	-056.1	1
-06.50863	 108.39587	-055.8	1
-06.50863	 108.40750	-055.8	1
-06.50863	 108.41911	-055.5	1
-06.50863	 108.43073	-055.6	1
-06.50863	 108.44235	-055.1	1
-06.50863	 108.45398	-054.7	1
-06.50863	 108.46559	-054.4	1
-06.50863	 108.47722	-054.0	1
-06.50863	 108.48883	-053.9	1
-06.50863	 108.50045	-054.0	1
-06.50863	 108.51208	-053.7	1
-06.52016	 106.25787	-045.2	1
-06.52016	 106.26949	-044.4	1
-06.52016	 106.28111	-043.3	1
-06.52016	 106.29273	-042.8	1
-06.52016	 106.30435	-042.3	1
-06.52016	 106.31597	-041.9	1
-06.52016	 106.32759	-040.9	1
-06.52016	 106.33921	-039.9	1
-06.52016	 106.35083	-039.6	1
-06.52016	 106.36246	-039.6	1
-06.52016	 106.37407	-039.3	1
-06.52016	 106.38569	-039.3	1
-06.52016	 106.39732	-038.1	1
-06.52016	 106.40893	-038.0	1
-06.52016	 106.42055	-038.0	1
-06.52016	 106.43217	-037.6	1
-06.52016	 106.44379	-037.9	1
-06.52016	 106.45541	-038.6	1
-06.52016	 106.46703	-037.9	1
-06.52016	 106.47865	-038.0	1
-06.52016	 106.49027	-039.3	1
-06.52016	 106.50189	-039.9	1
-06.52016	 106.51351	-039.0	1
-06.52016	 106.52513	-038.5	1
-06.52016	 106.53675	-035.9	1
-06.52016	 106.54837	-036.3	1
-06.52016	 106.55999	-036.0	1
-06.52016	 106.57159	-038.0	1
-06.52016	 106.58323	-038.1	1
-06.52016	 106.59485	-037.0	1
-06.52016	 106.60646	-035.3	1
-06.52016	 106.61809	-037.3	1
-06.52016	 106.62971	-039.8	1
-06.52016	 106.64133	-040.3	1
-06.52016	 106.65294	-039.6	1
-06.52016	 106.66457	-039.5	1
-06.52016	 106.67618	-039.5	1
-06.52016	 106.68781	-038.9	1
-06.52016	 106.69942	-038.5	1
-06.52016	 106.71104	-038.2	1
-06.52016	 106.72266	-037.2	1
-06.52016	 106.73428	-034.6	1
-06.52016	 106.74590	-034.3	1
-06.52016	 106.75752	-029.2	1
-06.52016	 106.76913	-024.2	1
-06.52016	 106.78075	 013.6	1
-06.52016	 106.79237	 020.8	1
-06.52016	 106.80399	 020.4	1
-06.52016	 106.81561	 020.2	1
-06.52016	 106.82723	 021.0	1
-06.52016	 106.83885	 019.9	1
-06.52016	 106.85047	 021.3	1
-06.52016	 106.86209	 020.8	1
-06.52016	 106.87371	 021.3	1
-06.52016	 106.88532	 020.2	1
-06.52016	 106.89695	 022.2	1
-06.52016	 106.90857	 020.7	1
-06.52016	 106.92019	 020.8	1
-06.52016	 106.93181	 021.5	1
-06.52016	 106.94343	 021.4	1
-06.52016	 106.95505	 022.4	1
-06.52016	 106.96667	 022.2	1
-06.52016	 106.97829	 021.6	1
-06.52016	 106.98991	 022.6	1
-06.52016	 107.00153	 022.0	1
-06.52016	 107.01315	 022.8	1
-06.52016	 107.02477	 022.4	1
-06.52016	 107.03638	 023.8	1
-06.52016	 107.04800	 022.4	1
-06.52016	 107.05962	 024.0	1
-06.52016	 107.07124	 024.1	1
-06.52016	 107.08287	 023.4	1
-06.52016	 107.09448	 024.0	1
-06.52016	 107.10609	 024.7	1
-06.52016	 107.11773	 023.6	1
-06.52016	 107.12934	 024.5	1
-06.52016	 107.14096	 023.9	1
-06.52016	 107.15257	 023.7	1
-06.52016	 107.16420	 024.1	1
-06.52016	 107.17583	 025.0	1
-06.52016	 107.18744	 024.4	1
-06.52016	 107.19906	 025.6	1
-06.52016	 107.21069	 025.9	1
-06.52016	 107.22230	 025.0	1
-06.52016	 107.23391	 024.8	1
-06.52016	 107.24553	 025.1	1
-06.52016	 107.25716	 025.0	1
-06.52016	 107.26878	 025.2	1
-06.52016	 107.28040	 026.3	1
-06.52016	 107.29202	 026.9	1
-06.52016	 107.30363	 027.0	1
-06.52016	 107.31525	 026.2	1
-06.52016	 107.32687	 027.2	1
-06.52016	 107.33849	 026.4	1
-06.52016	 107.35011	 025.5	1
-06.52016	 107.36173	 026.3	1
-06.52016	 107.37334	 025.6	1
-06.52016	 107.38497	 025.7	1
-06.52016	 107.39659	 026.1	1
-06.52016	 107.40820	 026.3	1
-06.52016	 107.41982	 026.6	1
-06.52016	 107.43144	 025.5	1
-06.52016	 107.44307	 027.1	1
-06.52016	 107.45468	 027.0	1
-06.52016	 107.46631	 026.3	1
-06.52016	 107.47793	 025.6	1
-06.52016	 107.48955	 025.3	1
-06.52016	 107.50117	 026.4	1
-06.52016	 107.51279	 026.7	1
-06.52016	 107.52441	 024.9	1
-06.52016	 107.53603	 025.5	1
-06.52016	 107.54765	 026.3	1
-06.52016	 107.55927	 024.7	1
-06.52016	 107.57088	 026.1	1
-06.52016	 107.58250	 025.8	1
-06.52016	 107.59412	 025.2	1
-06.52016	 107.60575	 024.2	1
-06.52016	 107.61736	 025.4	1
-06.52016	 107.62899	 024.1	1
-06.52016	 107.64060	 025.1	1
-06.52016	 107.65223	 024.8	1
-06.52016	 107.66384	 023.2	1
-06.52016	 107.67546	-002.5	1
-06.52016	 107.68708	-009.8	1
-06.52016	 107.69871	-011.1	1
-06.52016	 107.71032	-012.3	1
-06.52016	 107.72194	-010.0	1
-06.52016	 107.73356	-013.7	1
-06.52016	 107.74518	-015.3	1
-06.52016	 107.75680	-017.0	1
-06.52016	 107.76842	-019.3	1
-06.52016	 107.78004	-021.6	1
-06.52016	 107.79166	-024.1	1
-06.52016	 107.80328	-023.8	1
-06.52016	 107.81489	-024.0	1
-06.52016	 107.82651	-025.7	1
-06.52016	 107.83813	-028.4	1
-06.52016	 107.84975	-031.0	1
-06.52016	 107.86137	-034.3	1
-06.52016	 107.87299	-036.3	1
-06.52016	 107.88461	-038.9	1
-06.52016	 107.89622	-040.7	1
-06.52016	 107.90784	-043.1	1
-06.52016	 107.91947	-045.1	1
-06.52016	 107.93109	-046.5	1
-06.52016	 107.94270	-048.4	1
-06.52016	 107.95432	-049.8	1
-06.52016	 107.96595	-049.9	1
-06.52016	 107.97757	-050.3	1
-06.52016	 107.98918	-051.2	1
-06.52016	 108.00081	-052.5	1
-06.52016	 108.01243	-052.5	1
-06.52016	 108.02405	-053.7	1
-06.52016	 108.03568	-054.3	1
-06.52016	 108.04729	-054.2	1
-06.52016	 108.05891	-054.3	1
-06.52016	 108.07053	-054.6	1
-06.52016	 108.08215	-055.2	1
-06.52016	 108.09377	-055.0	1
-06.52016	 108.10538	-055.9	1
-06.52016	 108.11700	-055.9	1
-06.52016	 108.12863	-056.5	1
-06.52016	 108.14024	-056.1	1
-06.52016	 108.15186	-056.5	1
-06.52016	 108.16349	-057.2	1
-06.52016	 108.17510	-057.8	1
-06.52016	 108.18672	-058.0	1
-06.52016	 108.19834	-058.2	1
-06.52016	 108.20996	-058.1	1
-06.52016	 108.22157	-058.1	1
-06.52016	 108.23319	-058.2	1
-06.52016	 108.24482	-058.6	1
-06.52016	 108.25644	-058.8	1
-06.52016	 108.26806	-058.9	1
-06.52016	 108.27968	-058.6	1
-06.52016	 108.29130	-058.3	1
-06.52016	 108.30292	-058.0	1
-06.52016	 108.31453	-057.4	1
-06.52016	 108.32615	-056.9	1
-06.52016	 108.33778	-056.4	1
-06.52016	 108.34939	-055.8	1
-06.52016	 108.36101	-055.7	1
-06.52016	 108.37263	-055.3	1
-06.52016	 108.38425	-055.5	1
-06.52016	 108.39587	-055.1	1
-06.52016	 108.40749	-054.9	1
-06.52016	 108.41911	-054.4	1
-06.52016	 108.43073	-054.2	1
-06.52016	 108.44234	-053.9	1
-06.52016	 108.45397	-053.5	1
-06.52016	 108.46558	-053.5	1
-06.52016	 108.47720	-053.4	1
-06.52016	 108.48883	-053.1	1
-06.52016	 108.50045	-053.1	1
-06.52016	 108.51206	-053.2	1
-06.53170	 106.25788	-045.6	1
-06.53170	 106.26950	-045.1	1
-06.53170	 106.28112	-045.1	1
-06.53170	 106.29274	-044.8	1
-06.53170	 106.30437	-044.1	1
-06.53170	 106.31599	-043.4	1
-06.53170	 106.32761	-042.6	1
-06.53170	 106.33922	-042.1	1
-06.53170	 106.35085	-041.7	1
-06.53170	 106.36246	-041.1	1
-06.53170	 106.37408	-039.8	1
-06.53170	 106.38570	-038.9	1
-06.53170	 106.39732	-038.4	1
-06.53170	 106.40894	-038.3	1
-06.53170	 106.42056	-038.6	1
-06.53170	 106.43217	-037.7	1
-06.53170	 106.44380	-037.1	1
-06.53170	 106.45541	-035.0	1
-06.53170	 106.46704	-033.9	1
-06.53170	 106.47865	-036.2	1
-06.53170	 106.49027	-037.7	1
-06.53170	 106.50189	-036.9	1
-06.53170	 106.51351	-037.5	1
-06.53170	 106.52513	-038.7	1
-06.53170	 106.53675	-038.1	1
-06.53170	 106.54837	-034.9	1
-06.53170	 106.56000	-034.5	1
-06.53170	 106.57161	-035.7	1
-06.53170	 106.58323	-037.1	1
-06.53170	 106.59485	-039.2	1
-06.53170	 106.60646	-040.2	1
-06.53170	 106.61809	-039.9	1
-06.53170	 106.62971	-037.6	1
-06.53170	 106.64133	-036.2	1
-06.53170	 106.65295	-038.3	1
-06.53170	 106.66457	-039.6	1
-06.53170	 106.67619	-040.0	1
-06.53170	 106.68780	-040.0	1
-06.53170	 106.69942	-039.6	1
-06.53170	 106.71106	-038.3	1
-06.53170	 106.72267	-037.8	1
-06.53170	 106.73428	-037.2	1
-06.53170	 106.74590	-036.7	1
-06.53170	 106.75753	-034.2	1
-06.53170	 106.76914	-033.8	1
-06.53170	 106.78076	-027.4	1
-06.53170	 106.79239	-021.5	1
-06.53170	 106.80400	 021.0	1
-06.53170	 106.81561	 020.9	1
-06.53170	 106.82723	 020.4	1
-06.53170	 106.83887	 020.3	1
-06.53170	 106.85048	 025.7	1
-06.53170	 106.86210	 023.6	1
-06.53170	 106.87372	 025.5	1
-06.53170	 106.88533	 024.9	1
-06.53170	 106.89696	 025.3	1
-06.53170	 106.90858	 023.4	1
-06.53170	 106.92020	 022.5	1
-06.53170	 106.93182	 021.4	1
-06.53170	 106.94344	 021.1	1
-06.53170	 106.95506	 022.9	1
-06.53170	 106.96667	 021.6	1
-06.53170	 106.97829	 022.8	1
-06.53170	 106.98992	 023.2	1
-06.53170	 107.00154	 021.8	1
-06.53170	 107.01315	 022.1	1
-06.53170	 107.02477	 022.4	1
-06.53170	 107.03640	 023.0	1
-06.53170	 107.04800	 024.2	1
-06.53170	 107.05963	 024.3	1
-06.53170	 107.07125	 024.0	1
-06.53170	 107.08287	 023.2	1
-06.53170	 107.09449	 023.8	1
-06.53170	 107.10611	 023.9	1
-06.53170	 107.11773	 024.5	1
-06.53170	 107.12935	 024.5	1
-06.53170	 107.14097	 023.9	1
-06.53170	 107.15259	 025.6	1
-06.53170	 107.16420	 024.1	1
-06.53170	 107.17583	 024.5	1
-06.53170	 107.18745	 025.8	1
-06.53170	 107.19906	 024.6	1
-06.53170	 107.21069	 025.7	1
-06.53170	 107.22231	 024.8	1
-06.53170	 107.23392	 024.9	1
-06.53170	 107.24553	 025.2	1
-06.53170	 107.25716	 026.9	1
-06.53170	 107.26878	 026.6	1
-06.53170	 107.28040	 026.7	1
-06.53170	 107.29202	 027.2	1
-06.53170	 107.30365	 027.2	1
-06.53170	 107.31526	 026.4	1
-06.53170	 107.32688	 025.7	1
-06.53170	 107.33849	 026.0	1
-06.53170	 107.35011	 026.6	1
-06.53170	 107.36175	 026.4	1
-06.53170	 107.37335	 027.2	1
-06.53170	 107.38498	 027.1	1
-06.53170	 107.39659	 027.2	1
-06.53170	 107.40821	 026.8	1
-06.53170	 107.41985	 026.5	1
-06.53170	 107.43145	 026.9	1
-06.53170	 107.44308	 026.4	1
-06.53170	 107.45470	 025.8	1
-06.53170	 107.46631	 026.3	1
-06.53170	 107.47794	 026.9	1
-06.53170	 107.48956	 026.6	1
-06.53170	 107.50118	 025.7	1
-06.53170	 107.51279	 026.5	1
-06.53170	 107.52441	 025.2	1
-06.53170	 107.53603	 026.3	1
-06.53170	 107.54765	 025.9	1
-06.53170	 107.55927	 026.5	1
-06.53170	 107.57088	 026.1	1
-06.53170	 107.58252	 025.4	1
-06.53170	 107.59413	 025.0	1
-06.53170	 107.60575	 024.2	1
-06.53170	 107.61737	 025.7	1
-06.53170	 107.62898	 024.0	1
-06.53170	 107.64061	 025.2	1
-06.53170	 107.65222	 025.0	1
-06.53170	 107.66384	 011.1	1
-06.53170	 107.67548	-008.4	1
-06.53170	 107.68709	-010.2	1
-06.53170	 107.69870	-010.6	1
-06.53170	 107.71033	-007.4	1
-06.53170	 107.72195	-012.3	1
-06.53170	 107.73357	-014.3	1
-06.53170	 107.74518	-015.9	1
-06.53170	 107.75681	-018.8	1
-06.53170	 107.76842	-021.2	1
-06.53170	 107.78004	-023.2	1
-06.53170	 107.79166	-022.7	1
-06.53170	 107.80328	-023.6	1
-06.53170	 107.81490	-025.8	1
-06.53170	 107.82652	-029.0	1
-06.53170	 107.83814	-031.1	1
-06.53170	 107.84976	-034.8	1
-06.53170	 107.86137	-037.6	1
-06.53170	 107.87300	-040.1	1
-06.53170	 107.88462	-042.1	1
-06.53170	 107.89623	-044.2	1
-06.53170	 107.90786	-045.9	1
-06.53170	 107.91947	-047.6	1
-06.53170	 107.93110	-049.4	1
-06.53170	 107.94272	-049.6	1
-06.53170	 107.95434	-050.0	1
-06.53170	 107.96596	-051.3	1
-06.53170	 107.97758	-052.3	1
-06.53170	 107.98919	-052.4	1
-06.53170	 108.00081	-053.5	1
-06.53170	 108.01243	-054.0	1
-06.53170	 108.02406	-054.1	1
-06.53170	 108.03568	-054.3	1
-06.53170	 108.04729	-054.6	1
-06.53170	 108.05891	-055.1	1
-06.53170	 108.07053	-055.0	1
-06.53170	 108.08215	-056.0	1
-06.53170	 108.09377	-055.8	1
-06.53170	 108.10539	-056.3	1
-06.53170	 108.11700	-056.3	1
-06.53170	 108.12863	-056.9	1
-06.53170	 108.14024	-057.4	1
-06.53170	 108.15186	-057.9	1
-06.53170	 108.16350	-058.1	1
-06.53170	 108.17510	-058.2	1
-06.53170	 108.18673	-058.2	1
-06.53170	 108.19836	-058.2	1
-06.53170	 108.20996	-058.5	1
-06.53170	 108.22158	-058.8	1
-06.53170	 108.23319	-058.9	1
-06.53170	 108.24482	-058.7	1
-06.53170	 108.25644	-058.4	1
-06.53170	 108.26806	-058.0	1
-06.53170	 108.27969	-057.3	1
-06.53170	 108.29130	-056.8	1
-06.53170	 108.30292	-056.2	1
-06.53170	 108.31454	-055.8	1
-06.53170	 108.32616	-055.4	1
-06.53170	 108.33778	-055.2	1
-06.53170	 108.34940	-055.1	1
-06.53170	 108.36102	-054.8	1
-06.53170	 108.37263	-054.5	1
-06.53170	 108.38425	-054.1	1
-06.53170	 108.39587	-054.0	1
-06.53170	 108.40750	-053.3	1
-06.53170	 108.41911	-053.3	1
-06.53170	 108.43073	-053.1	1
-06.53170	 108.44234	-052.9	1
-06.53170	 108.45397	-052.9	1
-06.53170	 108.46560	-052.6	1
-06.53170	 108.47721	-052.6	1
-06.53170	 108.48883	-052.4	1
-06.53170	 108.50045	-052.2	1
-06.53170	 108.51207	-052.0	1
-06.53170	 108.52368	-051.8	1
-06.54324	 106.24626	-048.6	1
-06.54324	 106.25788	-047.9	1
-06.54324	 106.26950	-047.0	1
-06.54324	 106.28111	-046.5	1
-06.54324	 106.29273	-046.0	1
-06.54324	 106.30435	-045.0	1
-06.54324	 106.31598	-044.5	1
-06.54324	 106.32759	-044.4	1
-06.54324	 106.33921	-043.6	1
-06.54324	 106.35083	-043.3	1
-06.54324	 106.36246	-042.3	1
-06.54324	 106.37408	-041.8	1
-06.54324	 106.38569	-041.5	1
-06.54324	 106.39732	-040.2	1
-06.54324	 106.40894	-039.1	1
-06.54324	 106.42056	-037.7	1
-06.54324	 106.43217	-036.8	1
-06.54324	 106.44379	-036.5	1
-06.54324	 106.45540	-036.3	1
-06.54324	 106.46703	-032.8	1
-06.54324	 106.47865	-031.6	1
-06.54324	 106.49027	-034.3	1
-06.54324	 106.50188	-034.0	1
-06.54324	 106.51350	-036.3	1
-06.54324	 106.52513	-036.4	1
-06.54324	 106.53674	-035.5	1
-06.54324	 106.54836	-036.1	1
-06.54324	 106.56000	-036.9	1
-06.54324	 106.57160	-036.4	1
-06.54324	 106.58323	-036.0	1
-06.54324	 106.59485	-037.0	1
-06.54324	 106.60646	-038.5	1
-06.54324	 106.61809	-039.3	1
-06.54324	 106.62970	-041.5	1
-06.54324	 106.64132	-040.9	1
-06.54324	 106.65294	-039.2	1
-06.54324	 106.66456	-037.5	1
-06.54324	 106.67618	-037.1	1
-06.54324	 106.68781	-039.4	1
-06.54324	 106.69942	-039.7	1
-06.54324	 106.71104	-039.5	1
-06.54324	 106.72266	-039.2	1
-06.54324	 106.73428	-037.8	1
-06.54324	 106.74590	-037.4	1
-06.54324	 106.75752	-035.9	1
-06.54324	 106.76913	-035.9	1
-06.54324	 106.78075	-033.4	1
-06.54324	 106.79237	-032.4	1
-06.54324	 106.80399	-025.2	1
-06.54324	 106.81562	-018.6	1
-06.54324	 106.82722	 020.0	1
-06.54324	 106.83885	 021.1	1
-06.54324	 106.85047	 020.3	1
-06.54324	 106.86209	 021.5	1
-06.54324	 106.87371	 026.5	1
-06.54324	 106.88532	 009.6	1
-06.54324	 106.89696	 021.9	1
-06.54324	 106.90857	 012.4	1
-06.54324	 106.92020	 017.3	1
-06.54324	 106.93181	 024.6	1
-06.54324	 106.94344	 022.6	1
-06.54324	 106.95505	 022.0	1
-06.54324	 106.96667	 022.6	1
-06.54324	 106.97829	 023.3	1
-06.54324	 106.98991	 023.5	1
-06.54324	 107.00153	 022.3	1
-06.54324	 107.01314	 023.8	1
-06.54324	 107.02477	 023.8	1
-06.54324	 107.03638	 023.6	1
-06.54324	 107.04800	 022.7	1
-06.54324	 107.05962	 023.9	1
-06.54324	 107.07124	 023.0	1
-06.54324	 107.08286	 024.8	1
-06.54324	 107.09448	 024.0	1
-06.54324	 107.10610	 024.2	1
-06.54324	 107.11772	 024.3	1
-06.54324	 107.12935	 025.4	1
-06.54324	 107.14096	 024.6	1
-06.54324	 107.15258	 024.4	1
-06.54324	 107.16419	 025.1	1
-06.54324	 107.17583	 025.1	1
-06.54324	 107.18744	 024.8	1
-06.54324	 107.19906	 026.4	1
-06.54324	 107.21068	 025.1	1
-06.54324	 107.22231	 025.2	1
-06.54324	 107.23392	 025.2	1
-06.54324	 107.24554	 026.8	1
-06.54324	 107.25716	 025.4	1
-06.54324	 107.26878	 025.7	1
-06.54324	 107.28040	 025.7	1
-06.54324	 107.29201	 026.4	1
-06.54324	 107.30364	 027.3	1
-06.54324	 107.31525	 026.3	1
-06.54324	 107.32687	 026.2	1
-06.54324	 107.33849	 027.7	1
-06.54324	 107.35011	 027.7	1
-06.54324	 107.36173	 026.2	1
-06.54324	 107.37334	 027.0	1
-06.54324	 107.38496	 026.4	1
-06.54324	 107.39658	 027.6	1
-06.54324	 107.40822	 026.2	1
-06.54324	 107.41984	 026.7	1
-06.54324	 107.43145	 027.3	1
-06.54324	 107.44307	 027.7	1
-06.54324	 107.45469	 026.5	1
-06.54324	 107.46631	 027.4	1
-06.54324	 107.47792	 026.0	1
-06.54324	 107.48955	 026.3	1
-06.54324	 107.50117	 027.3	1
-06.54324	 107.51279	 025.8	1
-06.54324	 107.52441	 026.7	1
-06.54324	 107.53602	 025.4	1
-06.54324	 107.54765	 026.3	1
-06.54324	 107.55927	 026.5	1
-06.54324	 107.57088	 025.3	1
-06.54324	 107.58251	 025.0	1
-06.54324	 107.59412	 026.2	1
-06.54324	 107.60576	 026.1	1
-06.54324	 107.61736	 024.2	1
-06.54324	 107.62898	 025.7	1
-06.54324	 107.64060	 024.0	1
-06.54324	 107.65222	 021.6	1
-06.54324	 107.66384	-003.5	1
-06.54324	 107.67547	-008.2	1
-06.54324	 107.68708	-008.6	1
-06.54324	 107.69870	-001.3	1
-06.54324	 107.71033	-011.4	1
-06.54324	 107.72194	-013.0	1
-06.54324	 107.73356	-014.7	1
-06.54324	 107.74517	-018.0	1
-06.54324	 107.75680	-021.1	1
-06.54324	 107.76842	-021.8	1
-06.54324	 107.78003	-021.9	1
-06.54324	 107.79165	-023.3	1
-06.54324	 107.80328	-026.0	1
-06.54324	 107.81489	-029.1	1
-06.54324	 107.82652	-032.9	1
-06.54324	 107.83814	-035.6	1
-06.54324	 107.84975	-038.8	1
-06.54324	 107.86137	-041.0	1
-06.54324	 107.87299	-043.1	1
-06.54324	 107.88462	-045.2	1
-06.54324	 107.89622	-047.1	1
-06.54324	 107.90785	-049.0	1
-06.54324	 107.91948	-049.1	1
-06.54324	 107.93109	-049.5	1
-06.54324	 107.94271	-051.0	1
-06.54324	 107.95432	-052.2	1
-06.54324	 107.96595	-052.3	1
-06.54324	 107.97756	-053.5	1
-06.54324	 107.98918	-053.8	1
-06.54324	 108.00082	-053.7	1
-06.54324	 108.01243	-054.2	1
-06.54324	 108.02404	-054.5	1
-06.54324	 108.03567	-054.5	1
-06.54324	 108.04729	-054.8	1
-06.54324	 108.05891	-055.8	1
-06.54324	 108.07053	-055.9	1
-06.54324	 108.08214	-056.2	1
-06.54324	 108.09377	-056.3	1
-06.54324	 108.10538	-056.9	1
-06.54324	 108.11700	-057.7	1
-06.54324	 108.12863	-058.0	1
-06.54324	 108.14024	-058.2	1
-06.54324	 108.15186	-058.1	1
-06.54324	 108.16348	-058.2	1
-06.54324	 108.17510	-058.4	1
-06.54324	 108.18671	-058.7	1
-06.54324	 108.19834	-058.9	1
-06.54324	 108.20996	-058.8	1
-06.54324	 108.22158	-058.4	1
-06.54324	 108.23319	-058.2	1
-06.54324	 108.24482	-057.7	1
-06.54324	 108.25644	-056.9	1
-06.54324	 108.26806	-056.3	1
-06.54324	 108.27968	-055.6	1
-06.54324	 108.29129	-055.2	1
-06.54324	 108.30292	-055.1	1
-06.54324	 108.31453	-054.8	1
-06.54324	 108.32616	-054.4	1
-06.54324	 108.33777	-054.1	1
-06.54324	 108.34939	-053.7	1
-06.54324	 108.36101	-053.6	1
-06.54324	 108.37263	-053.0	1
-06.54324	 108.38425	-052.8	1
-06.54324	 108.39587	-052.5	1
-06.54324	 108.40749	-052.4	1
-06.54324	 108.41911	-052.4	1
-06.54324	 108.43073	-052.1	1
-06.54324	 108.44234	-052.0	1
-06.54324	 108.45397	-052.0	1
-06.54324	 108.46559	-051.4	1
-06.54324	 108.47720	-051.4	1
-06.54324	 108.48884	-051.1	1
-06.54324	 108.50044	-051.1	1
-06.54324	 108.51207	-050.7	1
-06.54324	 108.52367	-050.8	1
-06.55478	 106.24627	-048.9	1
-06.55478	 106.25789	-048.6	1
-06.55478	 106.26950	-048.3	1
-06.55478	 106.28112	-048.2	1
-06.55478	 106.29274	-047.8	1
-06.55478	 106.30437	-047.1	1
-06.55478	 106.31598	-046.1	1
-06.55478	 106.32760	-045.5	1
-06.55478	 106.33922	-044.8	1
-06.55478	 106.35085	-044.2	1
-06.55478	 106.36246	-043.5	1
-06.55478	 106.37408	-043.2	1
-06.55478	 106.38570	-042.8	1
-06.55478	 106.39732	-042.1	1
-06.55478	 106.40894	-040.3	1
-06.55478	 106.42056	-039.5	1
-06.55478	 106.43217	-038.4	1
-06.55478	 106.44380	-037.2	1
-06.55478	 106.45541	-034.4	1
-06.55478	 106.46704	-029.4	1
-06.55478	 106.47865	-030.5	1
-06.55478	 106.49027	-035.0	1
-06.55478	 106.50189	-035.4	1
-06.55478	 106.51352	-035.2	1
-06.55477	 106.52513	-034.2	1
-06.55478	 106.53675	-033.6	1
-06.55478	 106.54837	-033.6	1
-06.55478	 106.56000	-035.6	1
-06.55478	 106.57161	-035.5	1
-06.55478	 106.58324	-036.6	1
-06.55477	 106.59485	-038.2	1
-06.55478	 106.60647	-038.1	1
-06.55478	 106.61810	-037.3	1
-06.55478	 106.62971	-037.8	1
-06.55478	 106.64133	-039.7	1
-06.55478	 106.65294	-040.1	1
-06.55478	 106.66457	-040.5	1
-06.55478	 106.67619	-040.1	1
-06.55478	 106.68780	-037.7	1
-06.55478	 106.69942	-036.1	1
-06.55478	 106.71104	-037.5	1
-06.55478	 106.72266	-038.6	1
-06.55478	 106.73428	-038.6	1
-06.55478	 106.74590	-038.4	1
-06.55478	 106.75752	-037.6	1
-06.55478	 106.76914	-036.6	1
-06.55478	 106.78076	-034.5	1
-06.55478	 106.79239	-034.6	1
-06.55478	 106.80400	-032.2	1
-06.55478	 106.81562	-031.1	1
-06.55478	 106.82723	-022.7	1
-06.55478	 106.83886	-006.4	1
-06.55478	 106.85049	 021.2	1
-06.55478	 106.86210	 020.2	1
-06.55478	 106.87372	 020.4	1
-06.55478	 106.88533	 027.3	1
-06.55478	 106.89696	 019.8	1
-06.55478	 106.90858	 026.2	1
-06.55478	 106.92019	 026.3	1
-06.55478	 106.93182	 023.4	1
-06.55478	 106.94344	 026.3	1
-06.55478	 106.95506	 019.7	1
-06.55478	 106.96667	 022.3	1
-06.55478	 106.97829	 022.0	1
-06.55478	 106.98991	 022.2	1
-06.55478	 107.00154	 023.0	1
-06.55478	 107.01315	 023.9	1
-06.55478	 107.02477	 022.6	1
-06.55478	 107.03640	 024.0	1
-06.55478	 107.04801	 023.2	1
-06.55478	 107.05962	 024.5	1
-06.55478	 107.07125	 024.6	1
-06.55478	 107.08287	 024.8	1
-06.55478	 107.09449	 023.6	1
-06.55478	 107.10611	 024.9	1
-06.55478	 107.11773	 024.4	1
-06.55478	 107.12936	 024.1	1
-06.55478	 107.14098	 025.0	1
-06.55478	 107.15258	 024.3	1
-06.55478	 107.16421	 026.1	1
-06.55478	 107.17583	 025.4	1
-06.55478	 107.18744	 025.4	1
-06.55478	 107.19905	 026.4	1
-06.55478	 107.21068	 026.8	1
-06.55478	 107.22231	 026.8	1
-06.55478	 107.23392	 027.1	1
-06.55478	 107.24554	 026.0	1
-06.55478	 107.25716	 027.2	1
-06.55478	 107.26879	 027.5	1
-06.55478	 107.28040	 026.5	1
-06.55478	 107.29202	 027.1	1
-06.55478	 107.30363	 027.9	1
-06.55478	 107.31526	 027.7	1
-06.55478	 107.32688	 027.2	1
-06.55478	 107.33850	 028.2	1
-06.55478	 107.35013	 027.7	1
-06.55478	 107.36174	 028.0	1
-06.55478	 107.37336	 026.8	1
-06.55478	 107.38498	 026.7	1
-06.55478	 107.39660	 027.1	1
-06.55478	 107.40822	 027.5	1
-06.55478	 107.41983	 027.0	1
-06.55478	 107.43145	 027.3	1
-06.55478	 107.44308	 027.1	1
-06.55478	 107.45469	 027.7	1
-06.55478	 107.46632	 027.6	1
-06.55478	 107.47794	 027.8	1
-06.55478	 107.48956	 027.7	1
-06.55478	 107.50117	 026.1	1
-06.55478	 107.51279	 025.8	1
-06.55478	 107.52441	 026.1	1
-06.55478	 107.53603	 025.6	1
-06.55478	 107.54765	 027.1	1
-06.55478	 107.55927	 026.6	1
-06.55478	 107.57088	 026.0	1
-06.55478	 107.58251	 024.9	1
-06.55478	 107.59412	 026.4	1
-06.55478	 107.60575	 024.6	1
-06.55478	 107.61737	 025.7	1
-06.55478	 107.62900	 025.9	1
-06.55478	 107.64061	 025.3	1
-06.55478	 107.65223	 005.1	1
-06.55478	 107.66385	-001.2	1
-06.55478	 107.67548	-000.9	1
-06.55478	 107.68709	 017.6	1
-06.55478	 107.69870	-005.2	1
-06.55478	 107.71032	-011.5	1
-06.55478	 107.72195	-013.3	1
-06.55478	 107.73356	-017.2	1
-06.55478	 107.74518	-020.4	1
-06.55478	 107.75681	-020.3	1
-06.55478	 107.76842	-020.8	1
-06.55478	 107.78004	-023.3	1
-06.55478	 107.79166	-026.5	1
-06.55478	 107.80328	-029.3	1
-06.55478	 107.81490	-033.4	1
-06.55478	 107.82652	-037.2	1
-06.55478	 107.83813	-039.7	1
-06.55478	 107.84976	-042.0	1
-06.55477	 107.86137	-044.7	1
-06.55478	 107.87300	-046.3	1
-06.55478	 107.88463	-048.5	1
-06.55478	 107.89624	-049.1	1
-06.55478	 107.90785	-049.2	1
-06.55478	 107.91948	-050.4	1
-06.55477	 107.93110	-051.8	1
-06.55478	 107.94272	-051.9	1
-06.55478	 107.95434	-052.9	1
-06.55478	 107.96596	-053.7	1
-06.55478	 107.97757	-053.7	1
-06.55478	 107.98919	-054.0	1
-06.55478	 108.00082	-054.3	1
-06.55478	 108.01243	-054.2	1
-06.55478	 108.02406	-054.8	1
-06.55478	 108.03568	-055.6	1
-06.55478	 108.04729	-055.9	1
-06.55478	 108.05891	-055.7	1
-06.55478	 108.07053	-056.2	1
-06.55478	 108.08215	-057.0	1
-06.55478	 108.09377	-057.6	1
-06.55478	 108.10539	-057.8	1
-06.55478	 108.11700	-057.8	1
-06.55478	 108.12862	-057.9	1
-06.55478	 108.14025	-058.1	1
-06.55478	 108.15186	-058.5	1
-06.55478	 108.16349	-058.9	1
-06.55478	 108.17511	-058.9	1
-06.55478	 108.18672	-058.4	1
-06.55478	 108.19835	-058.0	1
-06.55478	 108.20997	-057.8	1
-06.55478	 108.22159	-057.1	1
-06.55478	 108.23321	-056.7	1
-06.55478	 108.24483	-055.9	1
-06.55478	 108.25644	-055.6	1
-06.55478	 108.26806	-055.3	1
-06.55478	 108.27968	-054.7	1
-06.55478	 108.29131	-054.4	1
-06.55478	 108.30292	-053.7	1
-06.55478	 108.31453	-053.6	1
-06.55478	 108.32616	-053.1	1
-06.55477	 108.33778	-052.9	1
-06.55478	 108.34940	-052.5	1
-06.55478	 108.36102	-052.0	1
-06.55478	 108.37264	-052.0	1
-06.55478	 108.38426	-051.6	1
-06.55478	 108.39587	-051.6	1
-06.55477	 108.40750	-051.6	1
-06.55478	 108.41912	-051.4	1
-06.55478	 108.43074	-051.0	1
-06.55478	 108.44236	-051.3	1
-06.55478	 108.45398	-050.7	1
-06.55478	 108.46560	-050.9	1
-06.55478	 108.47720	-050.5	1
-06.55478	 108.48884	-050.3	1
-06.55478	 108.50046	-050.1	1
-06.55478	 108.51207	-050.2	1
-06.55478	 108.52368	-050.5	1
-06.56631	 106.24626	-048.3	1
-06.56631	 106.25787	-047.8	1
-06.56631	 106.26950	-047.9	1
-06.56631	 106.28112	-047.3	1
-06.56631	 106.29272	-047.3	1
-06.56631	 106.30436	-047.3	1
-06.56631	 106.31598	-047.3	1
-06.56631	 106.32759	-047.6	1
-06.56631	 106.33921	-046.2	1
-06.56631	 106.35084	-045.8	1
-06.56631	 106.36245	-045.1	1
-06.56631	 106.37407	-044.2	1
-06.56631	 106.38569	-043.0	1
-06.56631	 106.39732	-041.6	1
-06.56631	 106.40894	-042.9	1
-06.56631	 106.42055	-041.2	1
-06.56631	 106.43217	-040.4	1
-06.56631	 106.44379	-038.8	1
-06.56631	 106.45540	-037.4	1
-06.56631	 106.46703	-036.6	1
-06.56631	 106.47865	-036.2	1
-06.56631	 106.49026	-035.2	1
-06.56631	 106.50189	-035.1	1
-06.56631	 106.51351	-035.2	1
-06.56631	 106.52513	-034.3	1
-06.56631	 106.53675	-033.5	1
-06.56631	 106.54836	-033.6	1
-06.56631	 106.55999	-034.4	1
-06.56631	 106.57160	-034.2	1
-06.56631	 106.58323	-034.5	1
-06.56631	 106.59484	-035.7	1
-06.56631	 106.60646	-035.5	1
-06.56631	 106.61808	-036.6	1
-06.56631	 106.62970	-037.7	1
-06.56631	 106.64132	-036.9	1
-06.56631	 106.65294	-037.3	1
-06.56631	 106.66457	-037.6	1
-06.56631	 106.67618	-039.1	1
-06.56631	 106.68780	-040.6	1
-06.56631	 106.69942	-040.8	1
-06.56631	 106.71104	-038.7	1
-06.56631	 106.72266	-035.9	1
-06.56631	 106.73427	-035.8	1
-06.56631	 106.74590	-037.8	1
-06.56631	 106.75752	-038.1	1
-06.56631	 106.76914	-037.6	1
-06.56631	 106.78075	-036.7	1
-06.56631	 106.79238	-035.4	1
-06.56631	 106.80399	-033.7	1
-06.56631	 106.81561	-033.8	1
-06.56631	 106.82723	-030.6	1
-06.56631	 106.83886	-029.1	1
-06.56631	 106.85047	-017.0	1
-06.56631	 106.86209	 021.3	1
-06.56631	 106.87371	 022.0	1
-06.56631	 106.88532	 020.8	1
-06.56631	 106.89696	 023.2	1
-06.56631	 106.90857	 025.3	1
-06.56631	 106.92020	 023.8	1
-06.56631	 106.93181	 027.9	1
-06.56631	 106.94344	 027.9	1
-06.56631	 106.95506	 026.5	1
-06.56631	 106.96666	 025.7	1
-06.56631	 106.97829	 022.8	1
-06.56631	 106.98991	 022.6	1
-06.56631	 107.00153	 023.8	1
-06.56631	 107.01314	 023.0	1
-06.56631	 107.02477	 023.4	1
-06.56631	 107.03639	 024.4	1
-06.56631	 107.04800	 024.6	1
-06.56631	 107.05962	 024.6	1
-06.56631	 107.07124	 023.3	1
-06.56631	 107.08287	 024.1	1
-06.56631	 107.09448	 023.6	1
-06.56631	 107.10610	 024.9	1
-06.56631	 107.11772	 024.9	1
-06.56631	 107.12935	 024.2	1
-06.56631	 107.14096	 025.3	1
-06.56631	 107.15257	 025.6	1
-06.56631	 107.16420	 025.6	1
-06.56631	 107.17582	 026.6	1
-06.56631	 107.18744	 026.8	1
-06.56631	 107.19905	 025.6	1
-06.56631	 107.21068	 026.0	1
-06.56631	 107.22231	 025.6	1
-06.56631	 107.23392	 026.5	1
-06.56631	 107.24553	 026.6	1
-06.56631	 107.25716	 027.5	1
-06.56631	 107.26878	 027.5	1
-06.56631	 107.28040	 028.0	1
-06.56631	 107.29202	 027.8	1
-06.56631	 107.30363	 027.3	1
-06.56631	 107.31525	 027.8	1
-06.56631	 107.32687	 027.1	1
-06.56631	 107.33849	 028.5	1
-06.56631	 107.35011	 028.6	1
-06.56631	 107.36174	 027.3	1
-06.56631	 107.37334	 028.6	1
-06.56631	 107.38498	 027.0	1
-06.56631	 107.39659	 028.2	1
-06.56631	 107.40821	 028.6	1
-06.56631	 107.41983	 028.2	1
-06.56631	 107.43144	 026.9	1
-06.56631	 107.44307	 027.8	1
-06.56631	 107.45468	 027.8	1
-06.56631	 107.46631	 026.6	1
-06.56631	 107.47793	 027.8	1
-06.56631	 107.48956	 027.6	1
-06.56631	 107.50117	 026.3	1
-06.56631	 107.51279	 026.5	1
-06.56631	 107.52441	 027.0	1
-06.56631	 107.53602	 026.1	1
-06.56631	 107.54764	 025.7	1
-06.56631	 107.55926	 027.2	1
-06.56631	 107.57088	 027.0	1
-06.56631	 107.58250	 026.3	1
-06.56631	 107.59412	 025.1	1
-06.56631	 107.60574	 025.2	1
-06.56631	 107.61736	 025.3	1
-06.56631	 107.62898	 025.2	1
-06.56631	 107.64061	 023.9	1
-06.56631	 107.65222	 007.0	1
-06.56631	 107.66383	 019.3	1
-06.56631	 107.67546	 023.3	1
-06.56631	 107.68708	 019.0	1
-06.56631	 107.69870	-007.0	1
-06.56631	 107.71032	-012.4	1
-06.56631	 107.72194	-016.1	1
-06.56631	 107.73355	-018.3	1
-06.56631	 107.74518	-018.5	1
-06.56631	 107.75680	-020.0	1
-06.56631	 107.76842	-023.3	1
-06.56631	 107.78004	-026.5	1
-06.56631	 107.79165	-030.8	1
-06.56631	 107.80327	-034.5	1
-06.56631	 107.81490	-038.2	1
-06.56631	 107.82651	-040.8	1
-06.56631	 107.83813	-043.1	1
-06.56631	 107.84975	-045.4	1
-06.56631	 107.86137	-047.9	1
-06.56631	 107.87300	-048.8	1
-06.56631	 107.88461	-048.8	1
-06.56631	 107.89622	-049.9	1
-06.56631	 107.90785	-051.6	1
-06.56631	 107.91946	-051.6	1
-06.56631	 107.93110	-052.8	1
-06.56631	 107.94271	-053.2	1
-06.56631	 107.95432	-053.4	1
-06.56631	 107.96594	-053.7	1
-06.56631	 107.97757	-054.0	1
-06.56631	 107.98918	-053.9	1
-06.56631	 108.00081	-055.0	1
-06.56631	 108.01243	-055.2	1
-06.56631	 108.02404	-055.7	1
-06.56631	 108.03568	-055.7	1
-06.56631	 108.04728	-056.3	1
-06.56631	 108.05891	-056.8	1
-06.56631	 108.07053	-057.5	1
-06.56631	 108.08215	-057.7	1
-06.56631	 108.09376	-057.7	1
-06.56631	 108.10538	-057.8	1
-06.56631	 108.11700	-058.3	1
-06.56631	 108.12862	-058.5	1
-06.56631	 108.14024	-058.8	1
-06.56631	 108.15186	-058.4	1
-06.56631	 108.16349	-058.1	1
-06.56631	 108.17510	-057.7	1
-06.56631	 108.18671	-057.0	1
-06.56631	 108.19834	-056.5	1
-06.56631	 108.20995	-056.0	1
-06.56631	 108.22158	-055.7	1
-06.56631	 108.23320	-055.3	1
-06.56631	 108.24482	-055.1	1
-06.56631	 108.25643	-054.7	1
-06.56631	 108.26806	-053.9	1
-06.56631	 108.27967	-053.5	1
-06.56631	 108.29130	-052.7	1
-06.56631	 108.30292	-052.4	1
-06.56631	 108.31453	-051.9	1
-06.56631	 108.32616	-051.7	1
-06.56631	 108.33778	-051.4	1
-06.56631	 108.34940	-051.2	1
-06.56631	 108.36102	-051.3	1
-06.56631	 108.37263	-051.3	1
-06.56631	 108.38425	-051.1	1
-06.56631	 108.39587	-050.8	1
-06.56631	 108.40749	-051.0	1
-06.56631	 108.41911	-050.5	1
-06.56631	 108.43073	-050.2	1
-06.56631	 108.44234	-050.0	1
-06.56631	 108.45397	-049.7	1
-06.56631	 108.46559	-049.8	1
-06.56631	 108.47721	-049.9	1
-06.56631	 108.48883	-050.2	1
-06.56631	 108.50045	-049.8	1
-06.56631	 108.51206	-049.9	1
-06.56631	 108.52368	-050.0	1
-06.57785	 106.24627	-048.6	1
-06.57785	 106.25788	-046.9	1
-06.57785	 106.26950	-046.3	1
-06.57785	 106.28113	-046.4	1
-06.57785	 106.29274	-046.3	1
-06.57785	 106.30436	-046.4	1
-06.57785	 106.31598	-047.1	1
-06.57785	 106.32760	-046.6	1
-06.57785	 106.33922	-045.8	1
-06.57785	 106.35085	-045.7	1
-06.57785	 106.36246	-045.7	1
-06.57785	 106.37408	-045.6	1
-06.57785	 106.38570	-044.9	1
-06.57785	 106.39732	-044.6	1
-06.57785	 106.40894	-044.4	1
-06.57785	 106.42056	-042.2	1
-06.57785	 106.43218	-040.6	1
-06.57785	 106.44380	-040.1	1
-06.57785	 106.45541	-038.1	1
-06.57785	 106.46703	-038.3	1
-06.57785	 106.47865	-038.4	1
-06.57785	 106.49027	-037.5	1
-06.57785	 106.50188	-036.8	1
-06.57785	 106.51352	-036.2	1
-06.57785	 106.52513	-034.8	1
-06.57785	 106.53676	-033.6	1
-06.57785	 106.54837	-034.2	1
-06.57785	 106.56000	-034.0	1
-06.57785	 106.57161	-034.1	1
-06.57785	 106.58324	-033.3	1
-06.57785	 106.59485	-033.6	1
-06.57785	 106.60647	-033.2	1
-06.57785	 106.61810	-033.3	1
-06.57785	 106.62971	-034.4	1
-06.57785	 106.64133	-034.0	1
-06.57785	 106.65295	-035.5	1
-06.57785	 106.66457	-036.6	1
-06.57785	 106.67619	-036.6	1
-06.57785	 106.68781	-036.5	1
-06.57785	 106.69942	-038.0	1
-06.57785	 106.71105	-038.7	1
-06.57785	 106.72267	-040.5	1
-06.57785	 106.73428	-039.2	1
-06.57785	 106.74590	-035.7	1
-06.57785	 106.75753	-033.4	1
-06.57785	 106.76915	-036.2	1
-06.57785	 106.78075	-036.6	1
-06.57785	 106.79238	-036.3	1
-06.57785	 106.80400	-036.0	1
-06.57785	 106.81562	-033.5	1
-06.57785	 106.82723	-031.8	1
-06.57785	 106.83886	-031.0	1
-06.57785	 106.85048	-028.4	1
-06.57785	 106.86210	-024.5	1
-06.57785	 106.87372	 021.8	1
-06.57785	 106.88533	 020.8	1
-06.57785	 106.89696	 021.9	1
-06.57785	 106.90858	 027.5	1
-06.57785	 106.92020	 005.8	1
-06.57785	 106.93181	 028.2	1
-06.57785	 106.94344	 026.7	1
-06.57785	 106.95506	 028.3	1
-06.57785	 106.96667	 024.0	1
-06.57785	 106.97829	 027.3	1
-06.57785	 106.98991	 024.1	1
-06.57785	 107.00154	 022.8	1
-06.57785	 107.01315	 023.5	1
-06.57785	 107.02477	 023.1	1
-06.57785	 107.03639	 023.8	1
-06.57785	 107.04801	 024.6	1
-06.57785	 107.05962	 024.9	1
-06.57785	 107.07124	 024.6	1
-06.57785	 107.08288	 024.3	1
-06.57785	 107.09448	 025.4	1
-06.57785	 107.10611	 025.5	1
-06.57785	 107.11773	 024.7	1
-06.57785	 107.12936	 024.4	1
-06.57785	 107.14097	 024.7	1
-06.57785	 107.15259	 025.8	1
-06.57785	 107.16421	 026.2	1
-06.57785	 107.17583	 025.6	1
-06.57785	 107.18745	 025.9	1
-06.57785	 107.19907	 025.6	1
-06.57785	 107.21068	 027.0	1
-06.57785	 107.22231	 027.5	1
-06.57785	 107.23392	 027.0	1
-06.57785	 107.24554	 026.7	1
-06.57785	 107.25717	 026.3	1
-06.57785	 107.26878	 027.7	1
-06.57785	 107.28041	 027.2	1
-06.57785	 107.29202	 028.4	1
-06.57785	 107.30364	 028.6	1
-06.57785	 107.31526	 027.0	1
-06.57785	 107.32688	 028.8	1
-06.57785	 107.33850	 027.2	1
-06.57785	 107.35012	 028.0	1
-06.57785	 107.36174	 028.0	1
-06.57785	 107.37335	 028.2	1
-06.57785	 107.38498	 028.4	1
-06.57785	 107.39659	 028.2	1
-06.57785	 107.40822	 028.0	1
-06.57785	 107.41984	 028.9	1
-06.57785	 107.43146	 028.5	1
-06.57785	 107.44308	 028.5	1
-06.57785	 107.45469	 028.0	1
-06.57785	 107.46632	 028.1	1
-06.57785	 107.47794	 027.2	1
-06.57785	 107.48955	 026.9	1
-06.57785	 107.50117	 027.8	1
-06.57785	 107.51279	 027.7	1
-06.57785	 107.52441	 027.3	1
-06.57785	 107.53603	 027.8	1
-06.57785	 107.54765	 027.6	1
-06.57785	 107.55927	 025.8	1
-06.57785	 107.57088	 026.7	1
-06.57785	 107.58250	 027.0	1
-06.57785	 107.59413	 025.5	1
-06.57785	 107.60574	 025.5	1
-06.57785	 107.61736	 024.9	1
-06.57785	 107.62899	 025.9	1
-06.57785	 107.64061	 023.9	1
-06.57785	 107.65223	 022.8	1
-06.57785	 107.66384	 025.2	1
-06.57785	 107.67548	 021.4	1
-06.57785	 107.68708	 018.7	1
-06.57785	 107.69870	-008.8	1
-06.57785	 107.71033	-014.0	1
-06.57785	 107.72195	-017.1	1
-06.57785	 107.73356	-015.3	1
-06.57785	 107.74518	-017.5	1
-06.57785	 107.75681	-022.8	1
-06.57785	 107.76842	-026.7	1
-06.57785	 107.78004	-031.5	1
-06.57785	 107.79166	-035.9	1
-06.57785	 107.80328	-039.3	1
-06.57785	 107.81490	-041.9	1
-06.57785	 107.82652	-044.0	1
-06.57785	 107.83814	-046.5	1
-06.57785	 107.84976	-048.3	1
-06.57785	 107.86138	-048.2	1
-06.57785	 107.87300	-049.3	1
-06.57785	 107.88462	-051.4	1
-06.57785	 107.89624	-051.2	1
-06.57785	 107.90785	-052.6	1
-06.57785	 107.91948	-053.1	1
-06.57785	 107.93109	-053.1	1
-06.57785	 107.94272	-053.4	1
-06.57785	 107.95433	-053.7	1
-06.57785	 107.96597	-053.7	1
-06.57785	 107.97757	-054.8	1
-06.57785	 107.98919	-054.9	1
-06.57785	 108.00082	-055.0	1
-06.57785	 108.01244	-055.6	1
-06.57785	 108.02405	-056.4	1
-06.57785	 108.03568	-057.1	1
-06.57785	 108.04729	-057.4	1
-06.57785	 108.05891	-057.4	1
-06.57785	 108.07053	-057.6	1
-06.57785	 108.08215	-057.8	1
-06.57785	 108.09377	-058.1	1
-06.57785	 108.10538	-058.6	1
-06.57785	 108.11700	-058.2	1
-06.57785	 108.12863	-057.7	1
-06.57785	 108.14024	-057.4	1
-06.57785	 108.15186	-056.8	1
-06.57785	 108.16350	-056.1	1
-06.57785	 108.17511	-055.7	1
-06.57785	 108.18673	-055.4	1
-06.57785	 108.19835	-055.1	1
-06.57785	 108.20998	-054.8	1
-06.57785	 108.22158	-054.3	1
-06.57785	 108.23321	-053.9	1
-06.57785	 108.24483	-053.4	1
-06.57785	 108.25644	-052.7	1
-06.57785	 108.26806	-052.3	1
-06.57785	 108.27968	-051.7	1
-06.57785	 108.29131	-051.5	1
-06.57785	 108.30292	-051.3	1
-06.57785	 108.31454	-050.8	1
-06.57785	 108.32616	-051.0	1
-06.57785	 108.33778	-050.7	1
-06.57785	 108.34940	-050.4	1
-06.57785	 108.36102	-050.5	1
-06.57785	 108.37264	-050.2	1
-06.57785	 108.38425	-050.1	1
-06.57785	 108.39588	-050.0	1
-06.57785	 108.40749	-049.6	1
-06.57785	 108.41912	-049.6	1
-06.57785	 108.43073	-049.5	1
-06.57785	 108.44234	-049.6	1
-06.57785	 108.45397	-049.4	1
-06.57785	 108.46559	-049.5	1
-06.57785	 108.47721	-049.4	1
-06.57785	 108.48884	-049.6	1
-06.57785	 108.50044	-049.8	1
-06.57785	 108.51206	-050.1	1
-06.57785	 108.52370	-049.9	1
-06.57785	 108.53532	-050.0	1
-06.58939	 106.23465	-051.1	1
-06.58939	 106.24625	-050.5	1
-06.58939	 106.25787	-047.2	1
-06.58939	 106.26950	-046.0	1
-06.58939	 106.28112	-047.0	1
-06.58939	 106.29272	-046.8	1
-06.58939	 106.30435	-045.8	1
-06.58939	 106.31597	-046.2	1
-06.58939	 106.32759	-045.0	1
-06.58939	 106.33921	-044.3	1
-06.58939	 106.35084	-044.4	1
-06.58939	 106.36246	-044.2	1
-06.58939	 106.37407	-045.1	1
-06.58939	 106.38569	-045.8	1
-06.58939	 106.39732	-045.4	1
-06.58939	 106.40894	-046.2	1
-06.58939	 106.42056	-044.4	1
-06.58939	 106.43217	-043.1	1
-06.58939	 106.44379	-041.8	1
-06.58939	 106.45541	-040.5	1
-06.58939	 106.46703	-039.1	1
-06.58939	 106.47865	-038.0	1
-06.58939	 106.49026	-038.1	1
-06.58939	 106.50188	-038.5	1
-06.58939	 106.51351	-038.7	1
-06.58939	 106.52512	-037.6	1
-06.58939	 106.53674	-037.3	1
-06.58939	 106.54836	-036.8	1
-06.58939	 106.56000	-034.7	1
-06.58939	 106.57160	-032.1	1
-06.58939	 106.58323	-032.3	1
-06.58939	 106.59484	-032.2	1
-06.58939	 106.60646	-032.9	1
-06.58939	 106.61808	-031.9	1
-06.58939	 106.62970	-031.9	1
-06.58939	 106.64132	-032.1	1
-06.58939	 106.65294	-031.6	1
-06.58939	 106.66457	-032.9	1
-06.58939	 106.67618	-032.7	1
-06.58939	 106.68781	-034.3	1
-06.58939	 106.69942	-035.5	1
-06.58939	 106.71104	-035.9	1
-06.58939	 106.72266	-035.9	1
-06.58939	 106.73428	-037.2	1
-06.58939	 106.74590	-039.0	1
-06.58939	 106.75752	-039.4	1
-06.58939	 106.76913	-036.1	1
-06.58939	 106.78075	-033.1	1
-06.58939	 106.79238	-032.7	1
-06.58939	 106.80399	-034.9	1
-06.58939	 106.81561	-034.6	1
-06.58939	 106.82723	-033.6	1
-06.58939	 106.83886	-030.3	1
-06.58939	 106.85048	-029.7	1
-06.58939	 106.86209	-025.3	1
-06.58939	 106.87372	-021.5	1
-06.58939	 106.88533	-014.4	1
-06.58939	 106.89695	 021.7	1
-06.58939	 106.90857	 026.1	1
-06.58939	 106.92018	 027.8	1
-06.58939	 106.93181	 028.1	1
-06.58939	 106.94344	 017.9	1
-06.58939	 106.95506	 028.1	1
-06.58939	 106.96667	 010.1	1
-06.58939	 106.97829	 028.5	1
-06.58939	 106.98991	 027.3	1
-06.58939	 107.00154	 024.4	1
-06.58939	 107.01315	 024.3	1
-06.58939	 107.02477	 024.1	1
-06.58939	 107.03639	 024.1	1
-06.58939	 107.04800	 024.7	1
-06.58939	 107.05962	 024.2	1
-06.58939	 107.07124	 024.1	1
-06.58939	 107.08286	 024.3	1
-06.58939	 107.09448	 023.9	1
-06.58939	 107.10609	 025.7	1
-06.58939	 107.11772	 024.3	1
-06.58939	 107.12935	 024.5	1
-06.58939	 107.14096	 025.6	1
-06.58939	 107.15257	 026.7	1
-06.58939	 107.16421	 025.7	1
-06.58939	 107.17583	 025.4	1
-06.58939	 107.18744	 027.0	1
-06.58939	 107.19906	 027.3	1
-06.58939	 107.21068	 026.9	1
-06.58939	 107.22231	 027.6	1
-06.58939	 107.23391	 028.0	1
-06.58939	 107.24553	 027.9	1
-06.58939	 107.25716	 026.7	1
-06.58939	 107.26878	 027.8	1
-06.58939	 107.28040	 028.7	1
-06.58939	 107.29201	 027.3	1
-06.58939	 107.30364	 027.4	1
-06.58939	 107.31525	 028.8	1
-06.58939	 107.32687	 028.2	1
-06.58939	 107.33849	 029.1	1
-06.58939	 107.35011	 028.8	1
-06.58939	 107.36172	 029.3	1
-06.58939	 107.37334	 029.3	1
-06.58939	 107.38497	 028.6	1
-06.58939	 107.39659	 029.5	1
-06.58939	 107.40821	 027.7	1
-06.58939	 107.41983	 030.2	1
-06.58939	 107.43144	 029.2	1
-06.58939	 107.44308	 029.0	1
-06.58939	 107.45469	 028.6	1
-06.58939	 107.46631	 029.0	1
-06.58939	 107.47793	 027.3	1
-06.58939	 107.48955	 027.8	1
-06.58939	 107.50117	 027.9	1
-06.58939	 107.51278	 026.7	1
-06.58939	 107.52440	 027.1	1
-06.58939	 107.53602	 026.9	1
-06.58939	 107.54765	 027.7	1
-06.58939	 107.55927	 026.7	1
-06.58939	 107.57088	 027.5	1
-06.58939	 107.58250	 027.1	1
-06.58939	 107.59412	 026.5	1
-06.58939	 107.60575	 025.5	1
-06.58939	 107.61736	 026.7	1
-06.58939	 107.62898	 026.6	1
-06.58939	 107.64060	 026.3	1
-06.58939	 107.65222	 025.7	1
-06.58939	 107.66383	 025.1	1
-06.58939	 107.67546	 020.1	1
-06.58939	 107.68708	-002.1	1
-06.58939	 107.69870	-013.1	1
-06.58939	 107.71032	-014.1	1
-06.58939	 107.72194	-014.6	1
-06.58939	 107.73355	-017.7	1
-06.58939	 107.74518	-021.0	1
-06.58939	 107.75680	-027.5	1
-06.58939	 107.76842	-033.1	1
-06.58939	 107.78004	-037.0	1
-06.58939	 107.79166	-039.9	1
-06.58939	 107.80327	-042.7	1
-06.58939	 107.81489	-045.4	1
-06.58939	 107.82651	-048.2	1
-06.58939	 107.83813	-047.5	1
-06.58939	 107.84975	-048.7	1
-06.58939	 107.86137	-050.4	1
-06.58939	 107.87299	-050.5	1
-06.58939	 107.88462	-052.0	1
-06.58939	 107.89623	-052.6	1
-06.58939	 107.90784	-052.7	1
-06.58939	 107.91947	-053.2	1
-06.58939	 107.93109	-053.1	1
-06.58939	 107.94271	-053.7	1
-06.58939	 107.95432	-054.5	1
-06.58939	 107.96595	-055.0	1
-06.58939	 107.97755	-054.8	1
-06.58939	 107.98918	-055.6	1
-06.58939	 108.00081	-056.1	1
-06.58939	 108.01243	-056.9	1
-06.58939	 108.02404	-057.1	1
-06.58939	 108.03567	-057.2	1
-06.58939	 108.04729	-057.3	1
-06.58939	 108.05890	-057.8	1
-06.58939	 108.07053	-058.3	1
-06.58939	 108.08215	-058.1	1
-06.58939	 108.09376	-057.7	1
-06.58939	 108.10538	-057.2	1
-06.58939	 108.11700	-056.6	1
-06.58939	 108.12862	-056.0	1
-06.58939	 108.14024	-055.5	1
-06.58939	 108.15186	-055.1	1
-06.58939	 108.16348	-054.9	1
-06.58939	 108.17509	-054.4	1
-06.58939	 108.18671	-053.9	1
-06.58939	 108.19834	-053.5	1
-06.58939	 108.20996	-052.8	1
-06.58939	 108.22158	-052.5	1
-06.58939	 108.23320	-052.2	1
-06.58939	 108.24481	-052.0	1
-06.58939	 108.25643	-051.4	1
-06.58939	 108.26805	-051.3	1
-06.58939	 108.27966	-051.2	1
-06.58939	 108.29130	-050.8	1
-06.58939	 108.30292	-050.6	1
-06.58939	 108.31453	-050.4	1
-06.58939	 108.32616	-050.1	1
-06.58939	 108.33778	-049.8	1
-06.58939	 108.34938	-049.8	1
-06.58939	 108.36101	-049.7	1
-06.58939	 108.37263	-049.4	1
-06.58939	 108.38425	-049.3	1
-06.58939	 108.39587	-049.2	1
-06.58939	 108.40749	-049.4	1
-06.58939	 108.41910	-049.1	1
-06.58939	 108.43073	-049.3	1
-06.58939	 108.44235	-049.3	1
-06.58939	 108.45397	-049.5	1
-06.58939	 108.46558	-049.4	1
-06.58939	 108.47720	-049.5	1
-06.58939	 108.48884	-049.2	1
-06.58939	 108.50044	-049.0	1
-06.58939	 108.51207	-049.0	1
-06.58939	 108.52368	-048.8	1
-06.58939	 108.53530	-048.9	1
-06.60092	 106.23465	-052.5	1
-06.60092	 106.24626	-053.5	1
-06.60092	 106.25788	-051.6	1
-06.60092	 106.26950	-051.1	1
-06.60092	 106.28113	-049.7	1
-06.60092	 106.29274	-047.8	1
-06.60092	 106.30437	-046.7	1
-06.60092	 106.31599	-046.0	1
-06.60092	 106.32760	-045.2	1
-06.60092	 106.33922	-043.8	1
-06.60092	 106.35085	-043.1	1
-06.60092	 106.36246	-042.4	1
-06.60092	 106.37408	-041.5	1
-06.60092	 106.38570	-042.9	1
-06.60092	 106.39732	-044.8	1
-06.60092	 106.40894	-046.1	1
-06.60092	 106.42056	-045.2	1
-06.60092	 106.43217	-044.1	1
-06.60092	 106.44380	-044.0	1
-06.60092	 106.45541	-042.8	1
-06.60092	 106.46704	-042.1	1
-06.60092	 106.47865	-040.8	1
-06.60092	 106.49027	-041.0	1
-06.60092	 106.50189	-040.6	1
-06.60092	 106.51352	-040.2	1
-06.60092	 106.52513	-038.8	1
-06.60092	 106.53676	-039.5	1
-06.60092	 106.54837	-038.6	1
-06.60092	 106.55999	-034.7	1
-06.60092	 106.57160	-034.3	1
-06.60092	 106.58323	-033.4	1
-06.60092	 106.59486	-033.1	1
-06.60092	 106.60646	-030.8	1
-06.60092	 106.61810	-029.3	1
-06.60092	 106.62971	-030.3	1
-06.60092	 106.64133	-032.1	1
-06.60092	 106.65294	-030.7	1
-06.60092	 106.66457	-029.9	1
-06.60092	 106.67619	-029.8	1
-06.60092	 106.68781	-030.0	1
-06.60092	 106.69943	-031.7	1
-06.60092	 106.71104	-031.8	1
-06.60092	 106.72267	-034.8	1
-06.60092	 106.73428	-035.1	1
-06.60092	 106.74590	-035.0	1
-06.60092	 106.75752	-035.1	1
-06.60092	 106.76913	-036.5	1
-06.60092	 106.78076	-038.5	1
-06.60092	 106.79238	-037.1	1
-06.60092	 106.80400	-031.8	1
-06.60092	 106.81562	-028.1	1
-06.60092	 106.82724	-032.6	1
-06.60092	 106.83887	-032.0	1
-06.60092	 106.85048	-030.2	1
-06.60092	 106.86211	-027.3	1
-06.60092	 106.87371	-018.5	1
-06.60092	 106.88535	 015.7	1
-06.60092	 106.89697	 022.7	1
-06.60092	 106.90858	 021.7	1
-06.60092	 106.92020	 026.2	1
-06.60092	 106.93182	 022.1	1
-06.60092	 106.94344	 027.4	1
-06.60092	 106.95506	 027.6	1
-06.60092	 106.96667	 011.6	1
-06.60092	 106.97829	 028.9	1
-06.60092	 106.98991	 005.2	1
-06.60092	 107.00154	 028.5	1
-06.60092	 107.01315	 027.2	1
-06.60092	 107.02477	 024.6	1
-06.60092	 107.03640	 023.9	1
-06.60092	 107.04800	 024.4	1
-06.60092	 107.05963	 023.5	1
-06.60092	 107.07126	 024.5	1
-06.60092	 107.08288	 024.0	1
-06.60092	 107.09449	 024.5	1
-06.60092	 107.10610	 026.0	1
-06.60092	 107.11774	 024.8	1
-06.60092	 107.12935	 026.4	1
-06.60092	 107.14097	 025.1	1
-06.60092	 107.15258	 025.7	1
-06.60092	 107.16421	 026.4	1
-06.60092	 107.17583	 025.8	1
-06.60092	 107.18745	 027.0	1
-06.60092	 107.19907	 026.2	1
-06.60092	 107.21069	 026.4	1
-06.60092	 107.22231	 026.4	1
-06.60092	 107.23392	 027.2	1
-06.60092	 107.24554	 028.0	1
-06.60092	 107.25716	 028.6	1
-06.60092	 107.26878	 028.3	1
-06.60092	 107.28040	 027.4	1
-06.60092	 107.29202	 029.2	1
-06.60092	 107.30364	 029.4	1
-06.60092	 107.31526	 029.4	1
-06.60092	 107.32689	 029.6	1
-06.60092	 107.33849	 028.0	1
-06.60092	 107.35013	 028.6	1
-06.60092	 107.36174	 029.1	1
-06.60092	 107.37336	 029.5	1
-06.60092	 107.38496	 029.6	1
-06.60092	 107.39660	 029.4	1
-06.60092	 107.40821	 029.3	1
-06.60092	 107.41983	 031.0	1
-06.60092	 107.43146	 028.2	1
-06.60092	 107.44308	 028.7	1
-06.60092	 107.45470	 028.2	1
-06.60092	 107.46632	 027.7	1
-06.60092	 107.47794	 027.9	1
-06.60092	 107.48955	 027.9	1
-06.60092	 107.50117	 027.6	1
-06.60092	 107.51280	 028.2	1
-06.60092	 107.52441	 029.5	1
-06.60092	 107.53603	 026.2	1
-06.60092	 107.54765	 027.2	1
-06.60092	 107.55927	 032.2	1
-06.60092	 107.57088	 027.2	1
-06.60092	 107.58250	 025.9	1
-06.60092	 107.59412	 027.4	1
-06.60092	 107.60574	 025.7	1
-06.60092	 107.61737	 025.7	1
-06.60092	 107.62899	 025.6	1
-06.60092	 107.64061	 025.1	1
-06.60092	 107.65222	 026.4	1
-06.60092	 107.66385	 021.3	1
-06.60092	 107.67547	 001.6	1
-06.60092	 107.68709	-009.6	1
-06.60092	 107.69869	-007.5	1
-06.60092	 107.71033	-012.3	1
-06.60092	 107.72195	-016.8	1
-06.60092	 107.73357	-020.6	1
-06.60092	 107.74519	-027.4	1
-06.60092	 107.75681	-033.8	1
-06.60092	 107.76842	-038.4	1
-06.60092	 107.78004	-041.5	1
-06.60092	 107.79166	-044.2	1
-06.60092	 107.80328	-046.8	1
-06.60092	 107.81490	-047.3	1
-06.60092	 107.82652	-048.3	1
-06.60092	 107.83814	-050.2	1
-06.60092	 107.84975	-050.4	1
-06.60092	 107.86138	-051.7	1
-06.60092	 107.87300	-052.0	1
-06.60092	 107.88461	-051.9	1
-06.60092	 107.89624	-052.3	1
-06.60092	 107.90786	-052.7	1
-06.60092	 107.91947	-053.8	1
-06.60092	 107.93109	-054.4	1
-06.60092	 107.94272	-054.7	1
-06.60092	 107.95433	-054.9	1
-06.60092	 107.96596	-055.7	1
-06.60092	 107.97758	-056.5	1
-06.60092	 107.98919	-056.6	1
-06.60092	 108.00082	-056.9	1
-06.60092	 108.01244	-056.9	1
-06.60092	 108.02405	-057.4	1
-06.60092	 108.03568	-057.8	1
-06.60092	 108.04729	-057.6	1
-06.60092	 108.05891	-057.5	1
-06.60092	 108.07053	-056.9	1
-06.60092	 108.08215	-056.2	1
-06.60092	 108.09378	-055.6	1
-06.60092	 108.10538	-055.1	1
-06.60092	 108.11700	-054.9	1
-06.60092	 108.12863	-054.5	1
-06.60092	 108.14025	-054.2	1
-06.60092	 108.15186	-053.6	1
-06.60092	 108.16349	-053.0	1
-06.60092	 108.17510	-052.5	1
-06.60092	 108.18673	-052.2	1
-06.60092	 108.19835	-051.9	1
-06.60092	 108.20997	-051.5	1
-06.60092	 108.22159	-051.0	1
-06.60092	 108.23320	-051.0	1
-06.60092	 108.24483	-050.9	1
-06.60092	 108.25644	-050.5	1
-06.60092	 108.26806	-050.5	1
-06.60092	 108.27967	-050.4	1
-06.60092	 108.29131	-050.0	1
-06.60092	 108.30293	-049.7	1
-06.60092	 108.31454	-049.4	1
-06.60092	 108.32616	-049.2	1
-06.60092	 108.33778	-049.2	1
-06.60092	 108.34940	-049.7	1
-06.60092	 108.36102	-049.8	1
-06.60092	 108.37264	-049.4	1
-06.60092	 108.38425	-049.3	1
-06.60092	 108.39587	-049.3	1
-06.60092	 108.40751	-049.2	1
-06.60092	 108.41912	-049.1	1
-06.60092	 108.43073	-049.0	1
-06.60092	 108.44235	-048.8	1
-06.60092	 108.45398	-048.5	1
-06.60092	 108.46559	-048.3	1
-06.60092	 108.47721	-048.3	1
-06.60092	 108.48885	-048.1	1
-06.60092	 108.50045	-047.9	1
-06.60092	 108.51207	-048.0	1
-06.60092	 108.52369	-047.9	1
-06.60092	 108.53532	-047.9	1
-06.61246	 106.23465	-052.1	1
-06.61246	 106.24626	-053.1	1
-06.61246	 106.25788	-051.3	1
-06.61246	 106.26949	-052.2	1
-06.61246	 106.28112	-051.8	1
-06.61246	 106.29274	-050.5	1
-06.61246	 106.30436	-050.7	1
-06.61246	 106.31598	-048.4	1
-06.61246	 106.32759	-046.2	1
-06.61246	 106.33921	-043.9	1
-06.61246	 106.35083	-042.1	1
-06.61246	 106.36245	-040.6	1
-06.61246	 106.37407	-041.8	1
-06.61246	 106.38569	-043.9	1
-06.61246	 106.39732	-044.4	1
-06.61246	 106.40893	-044.8	1
-06.61246	 106.42055	-043.6	1
-06.61246	 106.43217	-043.6	1
-06.61246	 106.44379	-043.1	1
-06.61246	 106.45540	-043.2	1
-06.61246	 106.46703	-042.8	1
-06.61246	 106.47865	-042.0	1
-06.61246	 106.49026	-042.4	1
-06.61246	 106.50188	-042.9	1
-06.61246	 106.51351	-043.8	1
-06.61246	 106.52512	-041.7	1
-06.61246	 106.53674	-042.4	1
-06.61246	 106.54837	-040.6	1
-06.61246	 106.55999	-035.5	1
-06.61246	 106.57159	-034.4	1
-06.61246	 106.58323	-033.4	1
-06.61246	 106.59485	-034.3	1
-06.61246	 106.60646	-034.7	1
-06.61246	 106.61809	-035.1	1
-06.61246	 106.62970	-033.3	1
-06.61246	 106.64132	-032.5	1
-06.61246	 106.65294	-030.4	1
-06.61246	 106.66456	-029.7	1
-06.61246	 106.67618	-029.6	1
-06.61246	 106.68780	-028.7	1
-06.61246	 106.69942	-027.8	1
-06.61246	 106.71104	-028.8	1
-06.61246	 106.72266	-028.2	1
-06.61246	 106.73427	-030.4	1
-06.61246	 106.74590	-030.5	1
-06.61246	 106.75753	-033.9	1
-06.61246	 106.76913	-033.5	1
-06.61246	 106.78075	-033.1	1
-06.61246	 106.79238	-033.9	1
-06.61246	 106.80399	-034.0	1
-06.61246	 106.81561	-034.5	1
-06.61246	 106.82722	-030.8	1
-06.61246	 106.83886	-024.8	1
-06.61246	 106.85048	-026.5	1
-06.61246	 106.86210	-026.9	1
-06.61246	 106.87372	-019.3	1
-06.61246	 106.88533	-007.1	1
-06.61246	 106.89695	 021.7	1
-06.61246	 106.90857	 022.7	1
-06.61246	 106.92018	 023.4	1
-06.61246	 106.93180	 024.4	1
-06.61246	 106.94343	-007.3	1
-06.61246	 106.95505	 016.6	1
-06.61246	 106.96667	 024.5	1
-06.61246	 106.97829	 016.7	1
-06.61246	 106.98991	 027.3	1
-06.61246	 107.00153	 027.0	1
-06.61246	 107.01314	 024.0	1
-06.61246	 107.02477	 015.1	1
-06.61246	 107.03639	 023.3	1
-06.61246	 107.04800	 024.2	1
-06.61246	 107.05962	 025.1	1
-06.61246	 107.07124	 023.9	1
-06.61246	 107.08287	 025.7	1
-06.61246	 107.09448	 024.7	1
-06.61246	 107.10609	 026.2	1
-06.61246	 107.11773	 024.7	1
-06.61246	 107.12934	 025.2	1
-06.61246	 107.14097	 025.5	1
-06.61246	 107.15257	 026.6	1
-06.61246	 107.16420	 025.6	1
-06.61246	 107.17583	 025.7	1
-06.61246	 107.18744	 026.8	1
-06.61246	 107.19905	 027.9	1
-06.61246	 107.21068	 027.4	1
-06.61246	 107.22230	 027.5	1
-06.61246	 107.23392	 027.4	1
-06.61246	 107.24554	 027.2	1
-06.61246	 107.25716	 028.4	1
-06.61246	 107.26878	 028.8	1
-06.61246	 107.28040	 029.2	1
-06.61246	 107.29201	 029.3	1
-06.61246	 107.30363	 028.1	1
-06.61246	 107.31525	 028.3	1
-06.61246	 107.32687	 029.5	1
-06.61246	 107.33849	 028.4	1
-06.61246	 107.35011	 029.1	1
-06.61246	 107.36174	 028.5	1
-06.61246	 107.37336	 028.6	1
-06.61246	 107.38498	 028.6	1
-06.61246	 107.39659	 031.3	1
-06.61246	 107.40821	 031.3	1
-06.61246	 107.41984	 031.3	1
-06.61246	 107.43145	 029.1	1
-06.61246	 107.44307	 030.1	1
-06.61246	 107.45468	 030.0	1
-06.61246	 107.46631	 028.1	1
-06.61246	 107.47792	 029.2	1
-06.61246	 107.48954	 028.1	1
-06.61246	 107.50117	 028.9	1
-06.61246	 107.51279	 030.2	1
-06.61246	 107.52441	 024.1	1
-06.61246	 107.53603	 031.1	1
-06.61246	 107.54765	 032.5	1
-06.61246	 107.55927	 031.8	1
-06.61246	 107.57088	 028.0	1
-06.61246	 107.58251	 027.3	1
-06.61246	 107.59412	 027.3	1
-06.61246	 107.60574	 027.0	1
-06.61246	 107.61736	 027.2	1
-06.61246	 107.62897	 025.3	1
-06.61246	 107.64059	 025.9	1
-06.61246	 107.65223	 025.5	1
-06.61246	 107.66383	 014.6	1
-06.61246	 107.67545	 007.5	1
-06.61246	 107.68708	 008.1	1
-06.61246	 107.69870	-005.9	1
-06.61246	 107.71032	-013.9	1
-06.61246	 107.72194	-022.1	1
-06.61246	 107.73356	-028.3	1
-06.61246	 107.74517	-035.3	1
-06.61246	 107.75680	-039.2	1
-06.61246	 107.76842	-041.4	1
-06.61246	 107.78004	-044.9	1
-06.61246	 107.79166	-045.8	1
-06.61246	 107.80328	-046.5	1
-06.61246	 107.81490	-049.4	1
-06.61246	 107.82652	-049.8	1
-06.61246	 107.83814	-051.2	1
-06.61246	 107.84975	-051.8	1
-06.61246	 107.86137	-052.0	1
-06.61246	 107.87300	-051.9	1
-06.61246	 107.88461	-052.1	1
-06.61246	 107.89622	-053.6	1
-06.61246	 107.90784	-053.9	1
-06.61246	 107.91948	-053.8	1
-06.61246	 107.93110	-054.9	1
-06.61246	 107.94270	-055.6	1
-06.61246	 107.95432	-056.5	1
-06.61246	 107.96595	-056.5	1
-06.61246	 107.97757	-056.6	1
-06.61246	 107.98919	-057.0	1
-06.61246	 108.00081	-057.4	1
-06.61246	 108.01243	-057.4	1
-06.61246	 108.02404	-057.1	1
-06.61246	 108.03566	-056.6	1
-06.61246	 108.04728	-055.9	1
-06.61246	 108.05890	-055.2	1
-06.61246	 108.07052	-054.6	1
-06.61246	 108.08215	-054.3	1
-06.61246	 108.09377	-054.1	1
-06.61246	 108.10538	-053.6	1
-06.61246	 108.11700	-053.1	1
-06.61246	 108.12862	-052.5	1
-06.61246	 108.14024	-052.0	1
-06.61246	 108.15186	-051.7	1
-06.61246	 108.16348	-051.3	1
-06.61246	 108.17509	-051.1	1
-06.61246	 108.18671	-050.8	1
-06.61246	 108.19835	-050.6	1
-06.61246	 108.20995	-050.2	1
-06.61246	 108.22157	-050.1	1
-06.61246	 108.23319	-050.1	1
-06.61246	 108.24482	-049.7	1
-06.61246	 108.25644	-049.4	1
-06.61246	 108.26806	-049.3	1
-06.61246	 108.27966	-049.2	1
-06.61246	 108.29130	-049.1	1
-06.61246	 108.30291	-049.2	1
-06.61246	 108.31453	-049.3	1
-06.61246	 108.32616	-049.4	1
-06.61246	 108.33778	-049.1	1
-06.61246	 108.34940	-049.2	1
-06.61246	 108.36100	-049.0	1
-06.61246	 108.37263	-049.0	1
-06.61246	 108.38425	-049.1	1
-06.61246	 108.39587	-048.6	1
-06.61246	 108.40749	-048.2	1
-06.61246	 108.41911	-047.6	1
-06.61246	 108.43073	-047.8	1
-06.61246	 108.44234	-047.4	1
-06.61246	 108.45396	-047.2	1
-06.61246	 108.46558	-047.3	1
-06.61246	 108.47720	-047.4	1
-06.61246	 108.48882	-047.3	1
-06.61246	 108.50044	-045.8	1
-06.61246	 108.51206	-046.0	1
-06.61246	 108.52368	-046.4	1
-06.61246	 108.53531	-046.4	1
-06.62400	 106.23465	-054.6	1
-06.62400	 106.24627	-053.9	1
-06.62400	 106.25788	-053.7	1
-06.62400	 106.26949	-052.5	1
-06.62400	 106.28113	-051.9	1
-06.62400	 106.29273	-052.1	1
-06.62400	 106.30436	-050.4	1
-06.62400	 106.31598	-049.1	1
-06.62400	 106.32760	-047.3	1
-06.62400	 106.33922	-045.9	1
-06.62400	 106.35085	-043.6	1
-06.62400	 106.36246	-042.7	1
-06.62400	 106.37408	-043.1	1
-06.62400	 106.38570	-044.8	1
-06.62400	 106.39732	-046.0	1
-06.62400	 106.40894	-045.1	1
-06.62400	 106.42056	-043.5	1
-06.62400	 106.43217	-042.9	1
-06.62400	 106.44380	-042.4	1
-06.62400	 106.45541	-041.4	1
-06.62400	 106.46704	-040.5	1
-06.62400	 106.47866	-039.6	1
-06.62400	 106.49028	-041.4	1
-06.62400	 106.50190	-043.3	1
-06.62400	 106.51352	-043.6	1
-06.62400	 106.52513	-042.8	1
-06.62400	 106.53674	-043.2	1
-06.62400	 106.54837	-043.6	1
-06.62400	 106.56000	-040.5	1
-06.62400	 106.57161	-038.5	1
-06.62400	 106.58324	-038.4	1
-06.62400	 106.59484	-037.6	1
-06.62400	 106.60647	-037.2	1
-06.62400	 106.61809	-036.8	1
-06.62400	 106.62971	-036.8	1
-06.62400	 106.64133	-036.1	1
-06.62400	 106.65295	-034.1	1
-06.62400	 106.66457	-032.0	1
-06.62400	 106.67619	-031.1	1
-06.62400	 106.68781	-027.8	1
-06.62400	 106.69942	-026.7	1
-06.62400	 106.71105	-026.3	1
-06.62400	 106.72266	-026.3	1
-06.62400	 106.73428	-025.6	1
-06.62400	 106.74590	-026.0	1
-06.62400	 106.75752	-025.3	1
-06.62400	 106.76914	-028.2	1
-06.62400	 106.78076	-028.8	1
-06.62400	 106.79239	-031.8	1
-06.62400	 106.80400	-031.4	1
-06.62400	 106.81563	-029.3	1
-06.62400	 106.82723	-031.4	1
-06.62400	 106.83887	-032.9	1
-06.62400	 106.85048	-030.7	1
-06.62400	 106.86209	-019.2	1
-06.62400	 106.87372	 016.1	1
-06.62400	 106.88533	-013.3	1
-06.62400	 106.89697	 022.9	1
-06.62400	 106.90858	 022.8	1
-06.62400	 106.92020	 023.1	1
-06.62400	 106.93182	 024.9	1
-06.62400	 106.94344	 026.4	1
-06.62400	 106.95506	-007.2	1
-06.62400	 106.96667	 029.0	1
-06.62400	 106.97829	 022.9	1
-06.62400	 106.98991	 023.0	1
-06.62400	 107.00154	 021.5	1
-06.62400	 107.01315	 019.7	1
-06.62400	 107.02477	 023.0	1
-06.62400	 107.03640	 017.9	1
-06.62400	 107.04801	 027.5	1
-06.62400	 107.05963	 024.9	1
-06.62400	 107.07125	 024.5	1
-06.62400	 107.08288	 025.1	1
-06.62400	 107.09449	 024.7	1
-06.62400	 107.10611	 025.4	1
-06.62400	 107.11772	 025.0	1
-06.62400	 107.12935	 026.8	1
-06.62400	 107.14097	 025.3	1
-06.62400	 107.15259	 026.0	1
-06.62400	 107.16422	 027.5	1
-06.62400	 107.17583	 027.2	1
-06.62400	 107.18744	 028.3	1
-06.62400	 107.19907	 027.3	1
-06.62400	 107.21069	 027.1	1
-06.62400	 107.22231	 028.4	1
-06.62400	 107.23392	 028.3	1
-06.62400	 107.24554	 029.1	1
-06.62400	 107.25717	 027.7	1
-06.62400	 107.26878	 028.2	1
-06.62400	 107.28040	 028.6	1
-06.62400	 107.29202	 029.7	1
-06.62400	 107.30364	 030.1	1
-06.62400	 107.31526	 030.3	1
-06.62400	 107.32688	 029.1	1
-06.62400	 107.33849	 028.8	1
-06.62400	 107.35011	 028.9	1
-06.62400	 107.36175	 030.5	1
-06.62400	 107.37335	 030.3	1
-06.62400	 107.38498	 029.1	1
-06.62400	 107.39659	 030.6	1
-06.62400	 107.40822	 027.4	1
-06.62400	 107.41984	 031.2	1
-06.62400	 107.43146	 029.9	1
-06.62400	 107.44308	 029.8	1
-06.62400	 107.45469	 031.2	1
-06.62400	 107.46632	 029.1	1
-06.62400	 107.47793	 028.3	1
-06.62400	 107.48955	 029.6	1
-06.62400	 107.50117	 028.4	1
-06.62400	 107.51279	 031.4	1
-06.62400	 107.52441	 034.4	1
-06.62400	 107.53603	 033.6	1
-06.62400	 107.54765	 029.5	1
-06.62400	 107.55927	 027.9	1
-06.62400	 107.57089	 028.3	1
-06.62400	 107.58251	 028.1	1
-06.62400	 107.59413	 026.9	1
-06.62400	 107.60575	 026.1	1
-06.62400	 107.61736	 025.7	1
-06.62400	 107.62899	 025.5	1
-06.62400	 107.64061	 026.8	1
-06.62400	 107.65222	 025.1	1
-06.62400	 107.66385	 025.2	1
-06.62400	 107.67547	 025.3	1
-06.62400	 107.68709	 009.8	1
-06.62400	 107.69871	-000.6	1
-06.62400	 107.71033	-018.9	1
-06.62400	 107.72195	-027.5	1
-06.62400	 107.73357	-033.6	1
-06.62400	 107.74518	-039.5	1
-06.62400	 107.75681	-042.8	1
-06.62400	 107.76842	-044.2	1
-06.62400	 107.78004	-045.8	1
-06.62400	 107.79166	-047.4	1
-06.62400	 107.80328	-047.7	1
-06.62400	 107.81489	-050.7	1
-06.62400	 107.82652	-050.7	1
-06.62400	 107.83813	-051.5	1
-06.62400	 107.84975	-051.8	1
-06.62400	 107.86137	-051.7	1
-06.62400	 107.87300	-052.7	1
-06.62400	 107.88463	-053.4	1
-06.62400	 107.89623	-053.7	1
-06.62400	 107.90786	-055.0	1
-06.62400	 107.91948	-055.3	1
-06.62400	 107.93110	-056.3	1
-06.62400	 107.94271	-056.4	1
-06.62400	 107.95434	-056.8	1
-06.62400	 107.96596	-057.2	1
-06.62400	 107.97758	-057.3	1
-06.62400	 107.98919	-056.8	1
-06.62400	 108.00082	-056.4	1
-06.62400	 108.01244	-055.5	1
-06.62400	 108.02406	-054.8	1
-06.62400	 108.03568	-054.3	1
-06.62400	 108.04729	-054.0	1
-06.62400	 108.05891	-053.5	1
-06.62400	 108.07053	-053.0	1
-06.62400	 108.08215	-052.4	1
-06.62400	 108.09377	-051.9	1
-06.62400	 108.10538	-051.5	1
-06.62400	 108.11700	-051.1	1
-06.62400	 108.12862	-050.8	1
-06.62400	 108.14024	-050.6	1
-06.62400	 108.15186	-050.3	1
-06.62400	 108.16349	-049.9	1
-06.62400	 108.17511	-049.8	1
-06.62400	 108.18672	-049.6	1
-06.62400	 108.19835	-049.6	1
-06.62400	 108.20996	-049.4	1
-06.62400	 108.22159	-049.2	1
-06.62400	 108.23320	-049.0	1
-06.62400	 108.24483	-048.9	1
-06.62400	 108.25644	-049.0	1
-06.62400	 108.26806	-049.1	1
-06.62400	 108.27968	-049.1	1
-06.62400	 108.29130	-049.1	1
-06.62400	 108.30292	-048.9	1
-06.62400	 108.31453	-049.0	1
-06.62400	 108.32616	-048.9	1
-06.62400	 108.33778	-048.5	1
-06.62400	 108.34940	-048.5	1
-06.62400	 108.36102	-048.1	1
-06.62400	 108.37264	-047.6	1
-06.62400	 108.38426	-047.3	1
-06.62400	 108.39587	-047.2	1
-06.62400	 108.40750	-047.0	1
-06.62400	 108.41911	-046.8	1
-06.62400	 108.43073	-046.6	1
-06.62400	 108.44235	-045.0	1
-06.62400	 108.45398	-045.2	1
-06.62400	 108.46560	-045.6	1
-06.62400	 108.47722	-045.6	1
-06.62400	 108.48883	-045.7	1
-06.62400	 108.50045	-045.8	1
-06.62400	 108.51207	-046.1	1
-06.62400	 108.52369	-046.2	1
-06.62400	 108.53531	-046.8	1
-06.63553	 106.23465	-056.7	1
-06.63553	 106.24626	-056.1	1
-06.63553	 106.25787	-055.5	1
-06.63553	 106.26950	-055.4	1
-06.63553	 106.28112	-055.2	1
-06.63553	 106.29273	-054.7	1
-06.63553	 106.30435	-053.6	1
-06.63553	 106.31597	-053.1	1
-06.63553	 106.32759	-051.7	1
-06.63553	 106.33922	-050.4	1
-06.63553	 106.35084	-049.4	1
-06.63553	 106.36245	-047.2	1
-06.63553	 106.37407	-047.4	1
-06.63553	 106.38568	-047.1	1
-06.63553	 106.39731	-045.7	1
-06.63553	 106.40894	-045.5	1
-06.63553	 106.42056	-044.8	1
-06.63553	 106.43217	-043.7	1
-06.63553	 106.44379	-041.9	1
-06.63553	 106.45541	-043.0	1
-06.63553	 106.46703	-040.9	1
-06.63553	 106.47865	-040.2	1
-06.63553	 106.49026	-041.3	1
-06.63553	 106.50188	-041.5	1
-06.63553	 106.51351	-040.3	1
-06.63553	 106.52513	-040.6	1
-06.63553	 106.53674	-041.6	1
-06.63553	 106.54836	-042.6	1
-06.63553	 106.55999	-043.6	1
-06.63553	 106.57160	-041.9	1
-06.63553	 106.58322	-041.3	1
-06.63553	 106.59484	-040.8	1
-06.63553	 106.60646	-041.2	1
-06.63553	 106.61809	-039.9	1
-06.63553	 106.62970	-038.8	1
-06.63553	 106.64131	-037.8	1
-06.63553	 106.65294	-036.4	1
-06.63553	 106.66457	-035.2	1
-06.63553	 106.67618	-034.2	1
-06.63553	 106.68780	-031.8	1
-06.63553	 106.69942	-030.3	1
-06.63553	 106.71105	-028.5	1
-06.63553	 106.72266	-024.3	1
-06.63553	 106.73427	-022.3	1
-06.63553	 106.74590	-022.3	1
-06.63553	 106.75752	-023.4	1
-06.63553	 106.76913	-021.4	1
-06.63553	 106.78075	-022.7	1
-06.63553	 106.79237	-023.2	1
-06.63553	 106.80400	-025.6	1
-06.63553	 106.81561	-025.9	1
-06.63553	 106.82723	-027.6	1
-06.63553	 106.83885	-025.8	1
-06.63553	 106.85048	-023.4	1
-06.63553	 106.86209	-020.7	1
-06.63553	 106.87370	-020.5	1
-06.63553	 106.88533	 020.8	1
-06.63553	 106.89696	 022.6	1
-06.63553	 106.90856	 022.0	1
-06.63553	 106.92019	 023.0	1
-06.63553	 106.93181	 028.6	1
-06.63553	 106.94344	 028.7	1
-06.63553	 106.95506	 028.3	1
-06.63553	 106.96667	 018.6	1
-06.63553	 106.97829	 025.6	1
-06.63553	 106.98991	 012.9	1
-06.63553	 107.00153	 025.0	1
-06.63553	 107.01314	 028.8	1
-06.63553	 107.02477	 029.5	1
-06.63553	 107.03639	 027.0	1
-06.63553	 107.04800	 028.0	1
-06.63553	 107.05962	 026.1	1
-06.63553	 107.07124	 024.2	1
-06.63553	 107.08287	 026.1	1
-06.63553	 107.09447	 026.3	1
-06.63553	 107.10609	 024.9	1
-06.63553	 107.11772	 025.2	1
-06.63553	 107.12935	 025.5	1
-06.63553	 107.14096	 025.8	1
-06.63553	 107.15257	 027.1	1
-06.63553	 107.16420	 027.8	1
-06.63553	 107.17583	 027.8	1
-06.63553	 107.18745	 026.9	1
-06.63553	 107.19905	 026.9	1
-06.63553	 107.21068	 028.6	1
-06.63553	 107.22231	 028.7	1
-06.63553	 107.23391	 028.6	1
-06.63553	 107.24553	 028.4	1
-06.63553	 107.25716	 029.6	1
-06.63553	 107.26878	 029.3	1
-06.63553	 107.28040	 028.5	1
-06.63553	 107.29202	 029.0	1
-06.63553	 107.30363	 029.4	1
-06.63553	 107.31526	 030.7	1
-06.63553	 107.32687	 029.5	1
-06.63553	 107.33849	 029.9	1
-06.63553	 107.35011	 030.9	1
-06.63553	 107.36173	 031.1	1
-06.63553	 107.37334	 029.9	1
-06.63553	 107.38497	 029.5	1
-06.63553	 107.39658	 031.2	1
-06.63553	 107.40821	 033.2	1
-06.63553	 107.41983	 028.2	1
-06.63553	 107.43144	 028.1	1
-06.63553	 107.44307	 029.7	1
-06.63553	 107.45468	 026.2	1
-06.63553	 107.46631	 031.5	1
-06.63553	 107.47794	 029.6	1
-06.63553	 107.48955	 029.6	1
-06.63553	 107.50117	 031.5	1
-06.63553	 107.51279	 030.0	1
-06.63553	 107.52441	 034.5	1
-06.63553	 107.53602	 025.6	1
-06.63553	 107.54765	 030.0	1
-06.63553	 107.55927	 029.0	1
-06.63553	 107.57088	 030.0	1
-06.63553	 107.58250	 033.4	1
-06.63553	 107.59412	 031.5	1
-06.63553	 107.60574	 027.5	1
-06.63553	 107.61736	 027.6	1
-06.63553	 107.62897	 025.8	1
-06.63553	 107.64061	 027.1	1
-06.63553	 107.65222	 026.8	1
-06.63553	 107.66383	 025.9	1
-06.63553	 107.67547	 026.4	1
-06.63553	 107.68708	 006.8	1
-06.63553	 107.69869	-011.7	1
-06.63553	 107.71033	-020.1	1
-06.63553	 107.72194	-033.4	1
-06.63553	 107.73356	-037.6	1
-06.63553	 107.74518	-041.5	1
-06.63553	 107.75679	-039.8	1
-06.63553	 107.76842	-042.5	1
-06.63553	 107.78004	-046.0	1
-06.63553	 107.79166	-048.3	1
-06.63553	 107.80328	-047.4	1
-06.63553	 107.81490	-049.7	1
-06.63553	 107.82652	-049.1	1
-06.63553	 107.83813	-051.3	1
-06.63553	 107.84975	-052.7	1
-06.63553	 107.86137	-051.8	1
-06.63553	 107.87299	-053.4	1
-06.63553	 107.88462	-054.4	1
-06.63553	 107.89622	-055.4	1
-06.63553	 107.90784	-055.7	1
-06.63553	 107.91946	-056.0	1
-06.63553	 107.93109	-056.8	1
-06.63553	 107.94271	-057.3	1
-06.63553	 107.95432	-056.7	1
-06.63553	 107.96595	-056.1	1
-06.63553	 107.97757	-055.3	1
-06.63553	 107.98918	-054.6	1
-06.63553	 108.00080	-054.0	1
-06.63553	 108.01242	-053.5	1
-06.63553	 108.02405	-053.0	1
-06.63553	 108.03568	-052.4	1
-06.63553	 108.04729	-051.9	1
-06.63553	 108.05890	-051.4	1
-06.63553	 108.07053	-050.9	1
-06.63553	 108.08215	-050.5	1
-06.63553	 108.09377	-050.2	1
-06.63553	 108.10538	-049.9	1
-06.63553	 108.11700	-049.6	1
-06.63553	 108.12862	-049.3	1
-06.63553	 108.14024	-049.5	1
-06.63553	 108.15186	-049.3	1
-06.63553	 108.16348	-049.0	1
-06.63553	 108.17509	-048.8	1
-06.63553	 108.18672	-048.6	1
-06.63553	 108.19834	-048.6	1
-06.63553	 108.20996	-048.7	1
-06.63553	 108.22157	-048.7	1
-06.63553	 108.23320	-048.7	1
-06.63553	 108.24481	-048.8	1
-06.63553	 108.25643	-048.8	1
-06.63553	 108.26806	-048.8	1
-06.63553	 108.27967	-048.5	1
-06.63553	 108.29130	-048.1	1
-06.63553	 108.30291	-047.9	1
-06.63553	 108.31452	-047.7	1
-06.63553	 108.32616	-047.3	1
-06.63553	 108.33778	-047.1	1
-06.63553	 108.34940	-046.9	1
-06.63553	 108.36101	-046.7	1
-06.63553	 108.37263	-046.6	1
-06.63553	 108.38425	-044.7	1
-06.63553	 108.39587	-044.9	1
-06.63553	 108.40750	-045.3	1
-06.63553	 108.41911	-045.0	1
-06.63553	 108.43073	-045.0	1
-06.63553	 108.44234	-045.3	1
-06.63553	 108.45397	-045.6	1
-06.63553	 108.46558	-045.9	1
-06.63553	 108.47720	-046.1	1
-06.63553	 108.48882	-046.4	1
-06.63553	 108.50045	-046.5	1
-06.63553	 108.51207	-046.8	1
-06.63553	 108.52368	-047.1	1
-06.63553	 108.53531	-047.3	1
-06.63553	 108.54692	-047.8	1
-06.64707	 106.22302	-058.4	1
-06.64707	 106.23465	-057.9	1
-06.64707	 106.24626	-057.7	1
-06.64707	 106.25789	-056.6	1
-06.64707	 106.26951	-056.3	1
-06.64707	 106.28114	-056.2	1
-06.64707	 106.29274	-055.9	1
-06.64707	 106.30437	-054.3	1
-06.64707	 106.31598	-055.6	1
-06.64707	 106.32760	-055.2	1
-06.64707	 106.33922	-054.4	1
-06.64707	 106.35085	-053.3	1
-06.64707	 106.36246	-052.7	1
-06.64707	 106.37408	-051.1	1
-06.64707	 106.38570	-049.7	1
-06.64707	 106.39732	-048.0	1
-06.64707	 106.40894	-047.3	1
-06.64707	 106.42056	-046.4	1
-06.64707	 106.43218	-045.1	1
-06.64707	 106.44380	-044.2	1
-06.64707	 106.45541	-044.4	1
-06.64707	 106.46703	-042.2	1
-06.64707	 106.47865	-042.8	1
-06.64707	 106.49026	-042.6	1
-06.64707	 106.50189	-042.4	1
-06.64707	 106.51352	-040.7	1
-06.64707	 106.52514	-040.7	1
-06.64707	 106.53675	-041.2	1
-06.64707	 106.54837	-042.0	1
-06.64707	 106.56000	-041.4	1
-06.64707	 106.57160	-040.9	1
-06.64707	 106.58324	-037.9	1
-06.64707	 106.59485	-040.3	1
-06.64707	 106.60646	-041.4	1
-06.64707	 106.61809	-042.4	1
-06.64707	 106.62971	-042.2	1
-06.64707	 106.64133	-041.3	1
-06.64707	 106.65295	-040.4	1
-06.64707	 106.66458	-039.2	1
-06.64707	 106.67619	-036.7	1
-06.64707	 106.68781	-034.7	1
-06.64707	 106.69943	-032.8	1
-06.64707	 106.71104	-031.8	1
-06.64707	 106.72267	-029.1	1
-06.64707	 106.73428	-027.3	1
-06.64707	 106.74591	-025.5	1
-06.64707	 106.75753	-022.5	1
-06.64707	 106.76914	-019.9	1
-06.64707	 106.78075	-019.9	1
-06.64707	 106.79238	-021.4	1
-06.64707	 106.80400	-017.8	1
-06.64707	 106.81562	-017.5	1
-06.64707	 106.82724	-015.6	1
-06.64707	 106.83887	-016.3	1
-06.64707	 106.85048	-015.8	1
-06.64707	 106.86209	-019.2	1
-06.64707	 106.87373	-016.0	1
-06.64707	 106.88533	-003.3	1
-06.64707	 106.89697	 000.2	1
-06.64707	 106.90858	 022.7	1
-06.64707	 106.92020	 023.3	1
-06.64707	 106.93182	 028.3	1
-06.64707	 106.94344	 028.5	1
-06.64707	 106.95506	 018.5	1
-06.64707	 106.96667	 023.8	1
-06.64707	 106.97829	-006.6	1
-06.64707	 106.98992	 029.5	1
-06.64707	 107.00154	 029.7	1
-06.64707	 107.01315	 017.7	1
-06.64707	 107.02478	 026.0	1
-06.64707	 107.03640	 022.0	1
-06.64707	 107.04802	 027.4	1
-06.64707	 107.05962	 026.0	1
-06.64707	 107.07125	 025.5	1
-06.64707	 107.08287	 024.9	1
-06.64707	 107.09448	 025.5	1
-06.64707	 107.10611	 026.7	1
-06.64707	 107.11773	 026.5	1
-06.64707	 107.12935	 025.9	1
-06.64707	 107.14097	 025.9	1
-06.64707	 107.15258	 026.9	1
-06.64707	 107.16420	 027.5	1
-06.64707	 107.17583	 027.5	1
-06.64707	 107.18745	 027.0	1
-06.64707	 107.19906	 028.7	1
-06.64707	 107.21069	 028.1	1
-06.64707	 107.22231	 027.6	1
-06.64707	 107.23392	 029.5	1
-06.64707	 107.24554	 028.4	1
-06.64707	 107.25716	 030.0	1
-06.64707	 107.26878	 029.4	1
-06.64707	 107.28040	 030.1	1
-06.64707	 107.29202	 029.2	1
-06.64707	 107.30365	 029.4	1
-06.64707	 107.31525	 030.6	1
-06.64707	 107.32687	 029.9	1
-06.64707	 107.33850	 031.4	1
-06.64707	 107.35013	 029.9	1
-06.64707	 107.36174	 030.1	1
-06.64707	 107.37336	 031.2	1
-06.64707	 107.38496	 032.7	1
-06.64707	 107.39659	 031.3	1
-06.64707	 107.40822	 021.1	1
-06.64707	 107.41984	 027.3	1
-06.64707	 107.43146	 032.1	1
-06.64707	 107.44308	 035.4	1
-06.64707	 107.45468	 026.2	1
-06.64707	 107.46632	 034.5	1
-06.64707	 107.47794	 030.8	1
-06.64707	 107.48956	 023.1	1
-06.64707	 107.50118	 032.6	1
-06.64707	 107.51279	 032.4	1
-06.64707	 107.52441	 032.4	1
-06.64707	 107.53603	 034.8	1
-06.64707	 107.54765	 032.5	1
-06.64707	 107.55926	 034.1	1
-06.64707	 107.57088	 032.7	1
-06.64707	 107.58251	 028.3	1
-06.64707	 107.59413	 024.0	1
-06.64707	 107.60574	 033.2	1
-06.64707	 107.61736	 026.6	1
-06.64707	 107.62898	 027.3	1
-06.64707	 107.64061	 026.0	1
-06.64707	 107.65224	 025.4	1
-06.64707	 107.66384	-019.9	1
-06.64707	 107.67547	-023.6	1
-06.64707	 107.68709	-015.9	1
-06.64707	 107.69870	-023.6	1
-06.64707	 107.71033	-033.2	1
-06.64707	 107.72195	-038.8	1
-06.64707	 107.73357	-038.9	1
-06.64707	 107.74519	-040.5	1
-06.64707	 107.75681	-043.5	1
-06.64707	 107.76842	-046.1	1
-06.64707	 107.78004	-046.9	1
-06.64707	 107.79166	-046.3	1
-06.64707	 107.80329	-047.2	1
-06.64707	 107.81490	-048.8	1
-06.64707	 107.82652	-050.0	1
-06.64707	 107.83815	-051.9	1
-06.64707	 107.84976	-054.0	1
-06.64707	 107.86137	-054.0	1
-06.64707	 107.87300	-054.8	1
-06.64707	 107.88462	-055.0	1
-06.64707	 107.89624	-055.8	1
-06.64707	 107.90785	-056.6	1
-06.64707	 107.91948	-056.4	1
-06.64707	 107.93110	-055.8	1
-06.64707	 107.94272	-055.1	1
-06.64707	 107.95433	-054.4	1
-06.64707	 107.96596	-053.5	1
-06.64707	 107.97757	-053.0	1
-06.64707	 107.98919	-051.7	1
-06.64707	 108.00082	-051.2	1
-06.64707	 108.01242	-051.0	1
-06.64707	 108.02406	-050.6	1
-06.64707	 108.03568	-050.4	1
-06.64707	 108.04729	-049.9	1
-06.64707	 108.05891	-049.6	1
-06.64707	 108.07053	-049.4	1
-06.64707	 108.08215	-049.0	1
-06.64707	 108.09377	-049.0	1
-06.64707	 108.10539	-048.8	1
-06.64707	 108.11700	-048.7	1
-06.64707	 108.12862	-048.5	1
-06.64707	 108.14024	-048.3	1
-06.64707	 108.15186	-048.2	1
-06.64707	 108.16349	-048.2	1
-06.64707	 108.17511	-048.1	1
-06.64707	 108.18673	-048.2	1
-06.64707	 108.19835	-048.3	1
-06.64707	 108.20996	-048.4	1
-06.64707	 108.22158	-048.4	1
-06.64707	 108.23320	-048.0	1
-06.64707	 108.24483	-047.6	1
-06.64707	 108.25644	-047.4	1
-06.64707	 108.26806	-047.0	1
-06.64707	 108.27968	-046.6	1
-06.64707	 108.29130	-046.5	1
-06.64707	 108.30292	-046.4	1
-06.64707	 108.31453	-046.2	1
-06.64707	 108.32616	-044.2	1
-06.64707	 108.33778	-044.5	1
-06.64707	 108.34940	-044.8	1
-06.64707	 108.36102	-044.7	1
-06.64707	 108.37264	-044.6	1
-06.64707	 108.38425	-044.7	1
-06.64707	 108.39587	-045.1	1
-06.64707	 108.40750	-045.3	1
-06.64707	 108.41911	-045.3	1
-06.64707	 108.43073	-045.6	1
-06.64707	 108.44235	-045.8	1
-06.64707	 108.45398	-046.0	1
-06.64707	 108.46558	-046.3	1
-06.64707	 108.47721	-046.5	1
-06.64707	 108.48884	-046.8	1
-06.64707	 108.50046	-047.0	1
-06.64707	 108.51207	-048.4	1
-06.64707	 108.52368	-048.6	1
-06.64707	 108.53532	-048.7	1
-06.64707	 108.54694	-049.4	1
-06.65861	 106.22302	-058.4	1
-06.65861	 106.23463	-058.4	1
-06.65861	 106.24626	-058.5	1
-06.65861	 106.25787	-058.1	1
-06.65861	 106.26950	-058.0	1
-06.65861	 106.28112	-057.8	1
-06.65861	 106.29273	-057.3	1
-06.65861	 106.30435	-056.6	1
-06.65861	 106.31598	-056.7	1
-06.65861	 106.32759	-055.9	1
-06.65861	 106.33920	-055.6	1
-06.65861	 106.35084	-055.3	1
-06.65861	 106.36244	-055.2	1
-06.65861	 106.37408	-054.8	1
-06.65861	 106.38569	-052.8	1
-06.65861	 106.39732	-051.4	1
-06.65861	 106.40894	-050.1	1
-06.65861	 106.42055	-048.7	1
-06.65861	 106.43217	-047.5	1
-06.65861	 106.44380	-047.3	1
-06.65861	 106.45541	-048.1	1
-06.65861	 106.46703	-045.8	1
-06.65861	 106.47865	-046.6	1
-06.65861	 106.49026	-045.9	1
-06.65861	 106.50188	-045.2	1
-06.65861	 106.51352	-043.8	1
-06.65861	 106.52513	-042.0	1
-06.65861	 106.53674	-042.3	1
-06.65861	 106.54836	-042.4	1
-06.65861	 106.55999	-041.8	1
-06.65861	 106.57160	-041.3	1
-06.65861	 106.58323	-036.8	1
-06.65861	 106.59485	-039.3	1
-06.65861	 106.60646	-041.3	1
-06.65861	 106.61809	-040.8	1
-06.65861	 106.62970	-040.6	1
-06.65861	 106.64133	-040.8	1
-06.65861	 106.65294	-040.7	1
-06.65861	 106.66457	-040.8	1
-06.65861	 106.67618	-038.9	1
-06.65861	 106.68780	-038.2	1
-06.65861	 106.69942	-036.9	1
-06.65861	 106.71104	-034.7	1
-06.65861	 106.72266	-032.2	1
-06.65861	 106.73427	-029.1	1
-06.65861	 106.74590	-027.6	1
-06.65861	 106.75752	-027.9	1
-06.65861	 106.76913	-027.6	1
-06.65861	 106.78075	-025.1	1
-06.65861	 106.79238	-023.0	1
-06.65861	 106.80399	-019.5	1
-06.65861	 106.81561	-016.5	1
-06.65861	 106.82722	-009.0	1
-06.65861	 106.83885	 021.8	1
-06.65861	 106.85048	 021.9	1
-06.65861	 106.86209	 022.4	1
-06.65861	 106.87371	 022.7	1
-06.65861	 106.88532	 022.8	1
-06.65861	 106.89696	 022.9	1
-06.65861	 106.90857	 021.5	1
-06.65861	 106.92019	 023.2	1
-06.65861	 106.93181	 022.4	1
-06.65861	 106.94344	 028.9	1
-06.65861	 106.95506	 019.6	1
-06.65861	 106.96666	 029.2	1
-06.65861	 106.97829	 027.0	1
-06.65861	 106.98991	 020.6	1
-06.65861	 107.00153	 028.9	1
-06.65861	 107.01314	 027.4	1
-06.65861	 107.02477	 030.4	1
-06.65861	 107.03639	 023.7	1
-06.65861	 107.04800	 030.8	1
-06.65861	 107.05963	 025.5	1
-06.65861	 107.07124	 022.7	1
-06.65861	 107.08287	 025.8	1
-06.65861	 107.09448	 026.0	1
-06.65861	 107.10610	 025.1	1
-06.65861	 107.11772	 026.3	1
-06.65861	 107.12934	 027.4	1
-06.65861	 107.14095	 027.4	1
-06.65861	 107.15257	 026.8	1
-06.65861	 107.16420	 027.3	1
-06.65861	 107.17581	 028.4	1
-06.65861	 107.18744	 028.2	1
-06.65861	 107.19905	 028.5	1
-06.65861	 107.21068	 027.6	1
-06.65861	 107.22230	 029.6	1
-06.65861	 107.23391	 029.8	1
-06.65861	 107.24553	 029.9	1
-06.65861	 107.25715	 028.8	1
-06.65861	 107.26878	 030.4	1
-06.65861	 107.28040	 030.3	1
-06.65861	 107.29201	 029.5	1
-06.65861	 107.30363	 031.3	1
-06.65861	 107.31525	 030.1	1
-06.65861	 107.32689	 030.7	1
-06.65861	 107.33849	 031.9	1
-06.65861	 107.35011	 031.8	1
-06.65861	 107.36174	 031.5	1
-06.65861	 107.37334	 031.8	1
-06.65861	 107.38496	 033.8	1
-06.65861	 107.39659	 027.1	1
-06.65861	 107.40822	 036.3	1
-06.65861	 107.41983	 036.9	1
-06.65861	 107.43145	 029.5	1
-06.65861	 107.44307	 030.0	1
-06.65861	 107.45469	 026.5	1
-06.65861	 107.46631	 032.4	1
-06.65861	 107.47794	 030.8	1
-06.65861	 107.48955	 029.1	1
-06.65861	 107.50117	 017.8	1
-06.65861	 107.51279	 031.2	1
-06.65861	 107.52441	 035.1	1
-06.65861	 107.53603	 015.6	1
-06.65861	 107.54765	 034.9	1
-06.65861	 107.55926	 034.6	1
-06.65861	 107.57088	 031.6	1
-06.65861	 107.58250	 033.8	1
-06.65861	 107.59412	 030.4	1
-06.65861	 107.60574	 027.4	1
-06.65861	 107.61736	 027.7	1
-06.65861	 107.62898	 027.4	1
-06.65861	 107.64060	-014.6	1
-06.65861	 107.65222	-022.2	1
-06.65861	 107.66383	-027.5	1
-06.65861	 107.67546	-017.8	1
-06.65861	 107.68708	-027.9	1
-06.65861	 107.69869	-035.9	1
-06.65861	 107.71032	-036.2	1
-06.65861	 107.72194	-039.1	1
-06.65861	 107.73356	-039.9	1
-06.65861	 107.74517	-043.2	1
-06.65861	 107.75681	-044.8	1
-06.65861	 107.76842	-045.9	1
-06.65861	 107.78004	-046.9	1
-06.65861	 107.79165	-049.0	1
-06.65861	 107.80328	-049.2	1
-06.65861	 107.81490	-049.3	1
-06.65861	 107.82651	-051.0	1
-06.65861	 107.83813	-054.4	1
-06.65861	 107.84975	-053.7	1
-06.65861	 107.86137	-054.0	1
-06.65861	 107.87299	-055.3	1
-06.65861	 107.88461	-055.9	1
-06.65861	 107.89624	-055.5	1
-06.65861	 107.90785	-054.8	1
-06.65861	 107.91947	-053.8	1
-06.65861	 107.93109	-053.3	1
-06.65861	 107.94271	-052.7	1
-06.65861	 107.95432	-051.9	1
-06.65861	 107.96595	-051.5	1
-06.65861	 107.97756	-050.3	1
-06.65861	 107.98918	-049.6	1
-06.65861	 108.00081	-048.7	1
-06.65861	 108.01242	-048.2	1
-06.65861	 108.02405	-048.7	1
-06.65861	 108.03567	-048.6	1
-06.65861	 108.04728	-048.4	1
-06.65861	 108.05890	-048.3	1
-06.65861	 108.07052	-048.0	1
-06.65861	 108.08215	-048.0	1
-06.65861	 108.09377	-048.0	1
-06.65861	 108.10538	-047.9	1
-06.65861	 108.11700	-047.9	1
-06.65861	 108.12862	-047.7	1
-06.65861	 108.14024	-047.8	1
-06.65861	 108.15186	-047.8	1
-06.65861	 108.16348	-047.7	1
-06.65861	 108.17510	-047.7	1
-06.65861	 108.18672	-047.2	1
-06.65861	 108.19835	-047.0	1
-06.65861	 108.20997	-046.7	1
-06.65861	 108.22157	-046.3	1
-06.65861	 108.23320	-046.0	1
-06.65861	 108.24482	-045.9	1
-06.65861	 108.25644	-045.7	1
-06.65861	 108.26805	-043.8	1
-06.65861	 108.27967	-044.1	1
-06.65861	 108.29130	-044.2	1
-06.65861	 108.30292	-044.2	1
-06.65861	 108.31454	-044.2	1
-06.65861	 108.32616	-044.3	1
-06.65861	 108.33777	-044.4	1
-06.65861	 108.34939	-044.7	1
-06.65861	 108.36102	-044.8	1
-06.65861	 108.37263	-045.2	1
-06.65861	 108.38425	-045.3	1
-06.65861	 108.39587	-045.4	1
-06.65861	 108.40749	-045.7	1
-06.65861	 108.41911	-045.8	1
-06.65861	 108.43073	-045.9	1
-06.65861	 108.44234	-046.2	1
-06.65861	 108.45396	-047.5	1
-06.65861	 108.46558	-047.7	1
-06.65861	 108.47720	-047.8	1
-06.65861	 108.48883	-047.9	1
-06.65861	 108.50043	-048.2	1
-06.65861	 108.51206	-048.3	1
-06.65861	 108.52368	-048.5	1
-06.65861	 108.53531	-048.8	1
-06.65861	 108.54693	-049.5	1
-06.67015	 106.22302	-056.3	1
-06.67015	 106.23465	-056.5	1
-06.67015	 106.24627	-056.4	1
-06.67015	 106.25789	-055.9	1
-06.67015	 106.26950	-057.1	1
-06.67015	 106.28114	-056.9	1
-06.67015	 106.29274	-057.0	1
-06.67015	 106.30436	-057.5	1
-06.67015	 106.31598	-058.0	1
-06.67015	 106.32759	-057.5	1
-06.67015	 106.33922	-057.4	1
-06.67015	 106.35085	-057.3	1
-06.67015	 106.36246	-056.0	1
-06.67015	 106.37407	-056.2	1
-06.67015	 106.38570	-054.8	1
-06.67015	 106.39732	-052.4	1
-06.67015	 106.40894	-050.1	1
-06.67015	 106.42056	-049.5	1
-06.67015	 106.43217	-050.1	1
-06.67015	 106.44380	-050.4	1
-06.67015	 106.45541	-049.6	1
-06.67015	 106.46704	-049.9	1
-06.67015	 106.47866	-049.0	1
-06.67015	 106.49028	-049.1	1
-06.67015	 106.50189	-047.5	1
-06.67015	 106.51352	-047.6	1
-06.67015	 106.52514	-046.7	1
-06.67015	 106.53675	-047.4	1
-06.67015	 106.54837	-046.1	1
-06.67015	 106.56001	-045.6	1
-06.67015	 106.57161	-044.2	1
-06.67015	 106.58323	-040.3	1
-06.67015	 106.59485	-041.4	1
-06.67015	 106.60647	-042.6	1
-06.67015	 106.61810	-041.6	1
-06.67015	 106.62971	-041.1	1
-06.67015	 106.64133	-039.6	1
-06.67015	 106.65295	-039.5	1
-06.67015	 106.66457	-038.4	1
-06.67015	 106.67619	-037.0	1
-06.67015	 106.68781	-034.8	1
-06.67015	 106.69942	-037.0	1
-06.67015	 106.71105	-036.2	1
-06.67015	 106.72266	-033.9	1
-06.67015	 106.73428	-032.4	1
-06.67015	 106.74590	-031.8	1
-06.67015	 106.75753	-031.4	1
-06.67015	 106.76914	-029.6	1
-06.67015	 106.78076	-028.6	1
-06.67015	 106.79238	-029.0	1
-06.67015	 106.80400	-028.3	1
-06.67015	 106.81562	-025.9	1
-06.67015	 106.82724	-019.8	1
-06.67015	 106.83886	 018.7	1
-06.67015	 106.85048	 021.7	1
-06.67015	 106.86210	 021.7	1
-06.67015	 106.87372	 022.7	1
-06.67015	 106.88533	 021.8	1
-06.67015	 106.89696	 022.8	1
-06.67015	 106.90858	 022.0	1
-06.67015	 106.92020	 022.8	1
-06.67015	 106.93182	 022.2	1
-06.67015	 106.94344	 023.7	1
-06.67015	 106.95506	 028.1	1
-06.67015	 106.96667	 029.2	1
-06.67015	 106.97830	 029.5	1
-06.67015	 106.98991	 029.6	1
-06.67015	 107.00154	 030.0	1
-06.67015	 107.01315	 013.9	1
-06.67015	 107.02477	 028.1	1
-06.67015	 107.03639	 028.6	1
-06.67015	 107.04801	 014.9	1
-06.67015	 107.05963	 027.1	1
-06.67015	 107.07124	 024.3	1
-06.67015	 107.08287	 020.2	1
-06.67015	 107.09449	 025.2	1
-06.67015	 107.10610	 025.5	1
-06.67015	 107.11773	 025.6	1
-06.67015	 107.12935	 027.5	1
-06.67015	 107.14097	 026.1	1
-06.67015	 107.15259	 028.1	1
-06.67015	 107.16421	 027.6	1
-06.67015	 107.17583	 027.5	1
-06.67015	 107.18745	 027.4	1
-06.67015	 107.19907	 029.1	1
-06.67015	 107.21069	 027.9	1
-06.67015	 107.22231	 029.0	1
-06.67015	 107.23392	 030.0	1
-06.67015	 107.24554	 029.9	1
-06.67015	 107.25716	 029.5	1
-06.67015	 107.26878	 029.4	1
-06.67015	 107.28040	 031.3	1
-06.67015	 107.29202	 031.1	1
-06.67015	 107.30364	 030.3	1
-06.67015	 107.31526	 030.7	1
-06.67015	 107.32688	 031.8	1
-06.67015	 107.33850	 031.7	1
-06.67015	 107.35011	 032.7	1
-06.67015	 107.36174	 031.2	1
-06.67015	 107.37335	 032.6	1
-06.67015	 107.38498	 034.7	1
-06.67015	 107.39659	 036.5	1
-06.67015	 107.40822	 035.3	1
-06.67015	 107.41983	 037.9	1
-06.67015	 107.43146	 036.8	1
-06.67015	 107.44308	 031.8	1
-06.67015	 107.45470	 031.8	1
-06.67015	 107.46632	 031.0	1
-06.67015	 107.47794	 034.9	1
-06.67015	 107.48956	 035.9	1
-06.67015	 107.50117	 032.9	1
-06.67015	 107.51279	 036.0	1
-06.67015	 107.52441	 025.8	1
-06.67015	 107.53603	 023.5	1
-06.67015	 107.54765	 024.4	1
-06.67015	 107.55927	 033.6	1
-06.67015	 107.57088	 028.7	1
-06.67015	 107.58251	 013.8	1
-06.67015	 107.59412	 013.9	1
-06.67015	 107.60575	 027.1	1
-06.67015	 107.61736	 027.3	1
-06.67015	 107.62899	-013.6	1
-06.67015	 107.64060	-023.1	1
-06.67015	 107.65223	-031.3	1
-06.67015	 107.66384	-020.0	1
-06.67015	 107.67547	-030.2	1
-06.67015	 107.68709	-033.4	1
-06.67015	 107.69871	-036.6	1
-06.67015	 107.71033	-040.0	1
-06.67015	 107.72195	-042.4	1
-06.67015	 107.73356	-042.9	1
-06.67015	 107.74519	-044.2	1
-06.67015	 107.75681	-044.2	1
-06.67015	 107.76842	-046.7	1
-06.67015	 107.78004	-046.0	1
-06.67015	 107.79166	-048.3	1
-06.67015	 107.80328	-049.4	1
-06.67015	 107.81490	-049.9	1
-06.67015	 107.82652	-050.7	1
-06.67015	 107.83814	-054.0	1
-06.67015	 107.84975	-052.8	1
-06.67015	 107.86137	-052.1	1
-06.67015	 107.87300	-052.7	1
-06.67015	 107.88461	-052.8	1
-06.67015	 107.89624	-052.4	1
-06.67015	 107.90785	-051.9	1
-06.67015	 107.91948	-051.1	1
-06.67015	 107.93109	-050.7	1
-06.67015	 107.94271	-049.1	1
-06.67015	 107.95433	-048.7	1
-06.67015	 107.96596	-048.8	1
-06.67015	 107.97757	-048.5	1
-06.67015	 107.98920	-047.8	1
-06.67015	 108.00082	-047.5	1
-06.67015	 108.01244	-047.3	1
-06.67015	 108.02405	-047.1	1
-06.67015	 108.03568	-046.6	1
-06.67015	 108.04729	-047.2	1
-06.67015	 108.05891	-047.5	1
-06.67015	 108.07053	-047.3	1
-06.67015	 108.08215	-047.1	1
-06.67015	 108.09377	-047.3	1
-06.67015	 108.10538	-047.3	1
-06.67015	 108.11700	-047.2	1
-06.67015	 108.12862	-046.8	1
-06.67015	 108.14024	-046.3	1
-06.67015	 108.15186	-046.1	1
-06.67015	 108.16349	-045.6	1
-06.67015	 108.17510	-045.3	1
-06.67015	 108.18672	-045.3	1
-06.67015	 108.19835	-045.3	1
-06.67015	 108.20996	-043.2	1
-06.67015	 108.22158	-043.4	1
-06.67015	 108.23320	-043.6	1
-06.67015	 108.24483	-043.6	1
-06.67015	 108.25645	-043.7	1
-06.67015	 108.26805	-043.7	1
-06.67015	 108.27969	-043.9	1
-06.67015	 108.29131	-044.2	1
-06.67015	 108.30291	-044.4	1
-06.67015	 108.31453	-044.4	1
-06.67015	 108.32616	-044.5	1
-06.67015	 108.33778	-044.8	1
-06.67015	 108.34940	-045.1	1
-06.67015	 108.36102	-045.2	1
-06.67015	 108.37264	-045.5	1
-06.67015	 108.38425	-045.7	1
-06.67015	 108.39587	-046.7	1
-06.67015	 108.40749	-046.9	1
-06.67015	 108.41911	-047.1	1
-06.67015	 108.43073	-047.2	1
-06.67015	 108.44235	-047.1	1
-06.67015	 108.45397	-047.4	1
-06.67015	 108.46559	-047.5	1
-06.67015	 108.47720	-047.7	1
-06.67015	 108.48884	-047.8	1
-06.67015	 108.50044	-048.0	1
-06.67015	 108.51206	-047.1	1
-06.67015	 108.52368	-047.6	1
-06.67015	 108.53531	-047.7	1
-06.67015	 108.54694	-048.9	1
-06.68168	 106.22302	-056.3	1
-06.68168	 106.23465	-055.9	1
-06.68168	 106.24625	-055.5	1
-06.68168	 106.25787	-054.6	1
-06.68168	 106.26949	-055.0	1
-06.68168	 106.28112	-054.8	1
-06.68168	 106.29273	-054.1	1
-06.68168	 106.30435	-054.2	1
-06.68168	 106.31598	-055.2	1
-06.68168	 106.32759	-055.7	1
-06.68168	 106.33920	-055.8	1
-06.68168	 106.35083	-056.6	1
-06.68168	 106.36245	-056.5	1
-06.68168	 106.37407	-056.8	1
-06.68168	 106.38569	-056.4	1
-06.68168	 106.39732	-056.2	1
-06.68168	 106.40894	-055.1	1
-06.68168	 106.42056	-054.1	1
-06.68168	 106.43216	-053.1	1
-06.68168	 106.44380	-053.1	1
-06.68168	 106.45541	-051.6	1
-06.68168	 106.46703	-051.4	1
-06.68168	 106.47865	-050.1	1
-06.68168	 106.49027	-050.1	1
-06.68168	 106.50189	-050.0	1
-06.68168	 106.51351	-049.7	1
-06.68168	 106.52513	-050.7	1
-06.68168	 106.53674	-051.1	1
-06.68168	 106.54837	-050.2	1
-06.68168	 106.55999	-050.6	1
-06.68168	 106.57160	-048.5	1
-06.68168	 106.58323	-045.9	1
-06.68168	 106.59485	-046.7	1
-06.68168	 106.60646	-046.3	1
-06.68168	 106.61809	-044.9	1
-06.68168	 106.62970	-044.3	1
-06.68168	 106.64132	-042.3	1
-06.68168	 106.65294	-040.3	1
-06.68168	 106.66457	-038.9	1
-06.68168	 106.67619	-036.7	1
-06.68168	 106.68781	-031.9	1
-06.68168	 106.69942	-031.3	1
-06.68168	 106.71105	-029.5	1
-06.68168	 106.72266	-022.4	1
-06.68168	 106.73427	-021.0	1
-06.68168	 106.74590	-026.8	1
-06.68168	 106.75752	-027.3	1
-06.68168	 106.76913	-032.4	1
-06.68168	 106.78075	-035.2	1
-06.68168	 106.79237	-035.9	1
-06.68168	 106.80399	-035.0	1
-06.68168	 106.81561	-032.0	1
-06.68168	 106.82723	-026.6	1
-06.68168	 106.83885	-023.0	1
-06.68168	 106.85048	-015.6	1
-06.68168	 106.86209	 020.4	1
-06.68168	 106.87370	 021.1	1
-06.68168	 106.88533	 021.7	1
-06.68168	 106.89696	 021.6	1
-06.68168	 106.90857	 022.4	1
-06.68168	 106.92020	 026.8	1
-06.68168	 106.93181	-005.4	1
-06.68168	 106.94344	 018.5	1
-06.68168	 106.95506	 027.4	1
-06.68168	 106.96667	 025.9	1
-06.68168	 106.97829	 009.2	1
-06.68168	 106.98991	 028.2	1
-06.68168	 107.00153	 029.9	1
-06.68168	 107.01315	-005.7	1
-06.68168	 107.02477	 030.1	1
-06.68168	 107.03638	 019.2	1
-06.68168	 107.04800	 031.0	1
-06.68168	 107.05962	 030.7	1
-06.68168	 107.07125	 028.4	1
-06.68168	 107.08287	 026.0	1
-06.68168	 107.09448	 029.3	1
-06.68168	 107.10609	 023.6	1
-06.68168	 107.11772	 026.4	1
-06.68168	 107.12934	 026.0	1
-06.68168	 107.14096	 027.2	1
-06.68168	 107.15258	 027.5	1
-06.68168	 107.16420	 027.4	1
-06.68168	 107.17583	 027.2	1
-06.68168	 107.18744	 028.7	1
-06.68168	 107.19907	 028.0	1
-06.68168	 107.21068	 029.6	1
-06.68168	 107.22230	 030.1	1
-06.68168	 107.23392	 030.5	1
-06.68168	 107.24554	 029.1	1
-06.68168	 107.25716	 031.2	1
-06.68168	 107.26878	 030.1	1
-06.68168	 107.28040	 030.5	1
-06.68168	 107.29201	 030.6	1
-06.68168	 107.30363	 031.4	1
-06.68168	 107.31525	 031.4	1
-06.68168	 107.32687	 032.4	1
-06.68168	 107.33849	 032.6	1
-06.68168	 107.35011	 032.7	1
-06.68168	 107.36174	 033.2	1
-06.68168	 107.37335	 032.2	1
-06.68168	 107.38496	 035.5	1
-06.68168	 107.39659	 037.4	1
-06.68168	 107.40821	 033.3	1
-06.68168	 107.41983	 038.5	1
-06.68168	 107.43144	 032.2	1
-06.68168	 107.44307	 036.2	1
-06.68168	 107.45468	 036.0	1
-06.68168	 107.46631	 036.3	1
-06.68168	 107.47793	 002.0	1
-06.68168	 107.48954	 036.9	1
-06.68168	 107.50116	 030.4	1
-06.68168	 107.51279	 035.2	1
-06.68168	 107.52440	 031.7	1
-06.68168	 107.53603	 026.1	1
-06.68168	 107.54765	 032.6	1
-06.68168	 107.55926	 035.2	1
-06.68168	 107.57088	 034.6	1
-06.68168	 107.58250	 025.2	1
-06.68168	 107.59412	 033.8	1
-06.68168	 107.60574	 027.4	1
-06.68168	 107.61736	 026.8	1
-06.68168	 107.62899	 026.7	1
-06.68168	 107.64061	-013.7	1
-06.68168	 107.65222	-018.9	1
-06.68168	 107.66384	-027.8	1
-06.68168	 107.67546	-031.3	1
-06.68168	 107.68708	-036.9	1
-06.68168	 107.69869	-041.2	1
-06.68168	 107.71032	-041.9	1
-06.68168	 107.72194	-043.1	1
-06.68168	 107.73355	-045.3	1
-06.68168	 107.74517	-046.8	1
-06.68168	 107.75681	-046.5	1
-06.68168	 107.76842	-049.1	1
-06.68168	 107.78004	-050.3	1
-06.68168	 107.79165	-050.8	1
-06.68168	 107.80328	-051.8	1
-06.68168	 107.81489	-051.5	1
-06.68168	 107.82651	-052.8	1
-06.68168	 107.83813	-049.8	1
-06.68168	 107.84975	-048.2	1
-06.68168	 107.86137	-048.3	1
-06.68168	 107.87299	-049.9	1
-06.68168	 107.88461	-050.1	1
-06.68168	 107.89623	-049.5	1
-06.68168	 107.90785	-048.1	1
-06.68168	 107.91948	-047.9	1
-06.68168	 107.93110	-047.6	1
-06.68168	 107.94270	-046.9	1
-06.68168	 107.95432	-046.2	1
-06.68168	 107.96596	-046.6	1
-06.68168	 107.97756	-046.5	1
-06.68168	 107.98918	-046.1	1
-06.68168	 108.00081	-046.3	1
-06.68168	 108.01243	-046.2	1
-06.68168	 108.02405	-046.5	1
-06.68168	 108.03567	-046.0	1
-06.68168	 108.04729	-045.3	1
-06.68168	 108.05890	-045.7	1
-06.68168	 108.07053	-046.2	1
-06.68168	 108.08215	-045.9	1
-06.68168	 108.09377	-045.5	1
-06.68168	 108.10538	-045.2	1
-06.68168	 108.11699	-044.9	1
-06.68168	 108.12862	-044.8	1
-06.68168	 108.14024	-044.6	1
-06.68168	 108.15186	-042.5	1
-06.68168	 108.16348	-042.9	1
-06.68168	 108.17510	-043.1	1
-06.68168	 108.18671	-042.9	1
-06.68168	 108.19834	-043.1	1
-06.68168	 108.20996	-043.2	1
-06.68168	 108.22157	-043.4	1
-06.68168	 108.23320	-043.7	1
-06.68168	 108.24483	-044.0	1
-06.68168	 108.25644	-043.9	1
-06.68168	 108.26806	-044.1	1
-06.68168	 108.27967	-044.1	1
-06.68168	 108.29129	-044.5	1
-06.68168	 108.30292	-044.7	1
-06.68168	 108.31453	-044.9	1
-06.68168	 108.32616	-045.8	1
-06.68168	 108.33777	-045.9	1
-06.68168	 108.34939	-046.0	1
-06.68168	 108.36101	-046.3	1
-06.68168	 108.37263	-046.4	1
-06.68168	 108.38425	-046.5	1
-06.68168	 108.39587	-046.7	1
-06.68168	 108.40749	-046.0	1
-06.68168	 108.41911	-046.1	1
-06.68168	 108.43073	-046.3	1
-06.68168	 108.44234	-046.4	1
-06.68168	 108.45397	-046.5	1
-06.68168	 108.46558	-047.1	1
-06.68168	 108.47720	-047.4	1
-06.68168	 108.48882	-049.4	1
-06.68168	 108.50044	-049.9	1
-06.68168	 108.51207	-050.3	1
-06.68168	 108.52368	-050.8	1
-06.68168	 108.53532	-051.1	1
-06.68168	 108.54692	-052.0	1
-06.69322	 106.22302	-057.8	1
-06.69322	 106.23465	-057.6	1
-06.69322	 106.24626	-057.0	1
-06.69322	 106.25788	-056.2	1
-06.69322	 106.26950	-056.5	1
-06.69322	 106.28113	-055.5	1
-06.69322	 106.29274	-054.8	1
-06.69322	 106.30436	-054.5	1
-06.69322	 106.31598	-055.0	1
-06.69322	 106.32761	-054.9	1
-06.69322	 106.33922	-055.1	1
-06.69322	 106.35084	-055.0	1
-06.69322	 106.36246	-054.9	1
-06.69322	 106.37407	-054.6	1
-06.69322	 106.38570	-053.8	1
-06.69322	 106.39732	-052.1	1
-06.69322	 106.40894	-052.0	1
-06.69322	 106.42056	-053.0	1
-06.69322	 106.43217	-052.5	1
-06.69322	 106.44380	-052.6	1
-06.69322	 106.45541	-053.1	1
-06.69322	 106.46704	-054.3	1
-06.69322	 106.47865	-053.4	1
-06.69322	 106.49027	-053.9	1
-06.69322	 106.50189	-053.6	1
-06.69322	 106.51352	-053.0	1
-06.69322	 106.52513	-052.9	1
-06.69322	 106.53675	-052.5	1
-06.69322	 106.54837	-053.1	1
-06.69322	 106.56000	-052.6	1
-06.69322	 106.57160	-050.4	1
-06.69322	 106.58324	-050.3	1
-06.69322	 106.59485	-051.1	1
-06.69322	 106.60647	-050.6	1
-06.69322	 106.61809	-050.4	1
-06.69322	 106.62971	-049.5	1
-06.69322	 106.64133	-048.4	1
-06.69322	 106.65294	-046.6	1
-06.69322	 106.66457	-043.8	1
-06.69322	 106.67619	-041.0	1
-06.69322	 106.68781	-035.9	1
-06.69322	 106.69942	-028.9	1
-06.69322	 106.71105	-022.7	1
-06.69322	 106.72267	 019.2	1
-06.69322	 106.73428	 019.8	1
-06.69322	 106.74590	 021.0	1
-06.69322	 106.75753	 019.9	1
-06.69322	 106.76915	-026.7	1
-06.69322	 106.78076	-032.5	1
-06.69322	 106.79239	-035.2	1
-06.69322	 106.80399	-036.8	1
-06.69322	 106.81563	-036.5	1
-06.69322	 106.82724	-035.1	1
-06.69322	 106.83887	-031.9	1
-06.69322	 106.85048	-026.7	1
-06.69322	 106.86211	-018.3	1
-06.69322	 106.87372	 017.2	1
-06.69322	 106.88534	 023.0	1
-06.69322	 106.89696	 021.9	1
-06.69322	 106.90857	 023.3	1
-06.69322	 106.92020	 028.5	1
-06.69322	 106.93182	 028.0	1
-06.69322	 106.94344	-000.3	1
-06.69322	 106.95506	 021.4	1
-06.69322	 106.96667	 027.8	1
-06.69322	 106.97830	 026.3	1
-06.69322	 106.98991	 022.9	1
-06.69322	 107.00154	 008.3	1
-06.69322	 107.01315	 029.2	1
-06.69322	 107.02478	 027.8	1
-06.69322	 107.03639	 020.6	1
-06.69322	 107.04800	 031.1	1
-06.69322	 107.05962	 023.3	1
-06.69322	 107.07125	 020.9	1
-06.69322	 107.08288	 031.5	1
-06.69322	 107.09449	 031.5	1
-06.69322	 107.10610	 031.6	1
-06.69322	 107.11774	 031.7	1
-06.69322	 107.12935	 018.9	1
-06.69322	 107.14097	 027.3	1
-06.69322	 107.15258	 027.5	1
-06.69322	 107.16422	 027.9	1
-06.69322	 107.17583	 028.6	1
-06.69322	 107.18745	 028.5	1
-06.69322	 107.19906	 028.1	1
-06.69322	 107.21069	 029.1	1
-06.69322	 107.22231	 030.4	1
-06.69322	 107.23392	 030.8	1
-06.69322	 107.24554	 031.1	1
-06.69322	 107.25716	 031.6	1
-06.69322	 107.26879	 031.5	1
-06.69322	 107.28040	 031.7	1
-06.69322	 107.29202	 031.6	1
-06.69322	 107.30365	 031.2	1
-06.69322	 107.31526	 033.2	1
-06.69322	 107.32688	 032.1	1
-06.69322	 107.33849	 033.6	1
-06.69322	 107.35013	 033.0	1
-06.69322	 107.36175	 033.7	1
-06.69322	 107.37336	 032.8	1
-06.69322	 107.38497	 027.0	1
-06.69322	 107.39659	 038.0	1
-06.69322	 107.40822	 015.0	1
-06.69322	 107.41985	 038.0	1
-06.69322	 107.43145	 038.7	1
-06.69322	 107.44308	 038.7	1
-06.69322	 107.45469	 037.0	1
-06.69322	 107.46632	 033.9	1
-06.69322	 107.47793	 034.0	1
-06.69322	 107.48956	 037.5	1
-06.69322	 107.50117	 034.4	1
-06.69322	 107.51279	 036.2	1
-06.69322	 107.52441	 028.2	1
-06.69322	 107.53603	 028.3	1
-06.69322	 107.54766	 033.4	1
-06.69322	 107.55927	 029.8	1
-06.69322	 107.57089	 031.1	1
-06.69322	 107.58251	 017.9	1
-06.69322	 107.59413	 033.0	1
-06.69322	 107.60576	 033.8	1
-06.69322	 107.61736	 028.6	1
-06.69322	 107.62899	 026.9	1
-06.69322	 107.64059	-009.0	1
-06.69322	 107.65223	-021.9	1
-06.69322	 107.66384	-031.9	1
-06.69322	 107.67547	-036.4	1
-06.69322	 107.68709	-038.9	1
-06.69322	 107.69870	-039.7	1
-06.69322	 107.71033	-043.6	1
-06.69322	 107.72195	-043.8	1
-06.69322	 107.73357	-046.7	1
-06.69322	 107.74518	-049.0	1
-06.69322	 107.75681	-050.3	1
-06.69322	 107.76842	-051.1	1
-06.69322	 107.78004	-051.8	1
-06.69322	 107.79166	-051.6	1
-06.69322	 107.80328	-049.8	1
-06.69322	 107.81490	-048.3	1
-06.69322	 107.82652	-048.0	1
-06.69322	 107.83814	-047.1	1
-06.69322	 107.84975	-045.4	1
-06.69322	 107.86138	-044.2	1
-06.69322	 107.87300	-046.1	1
-06.69322	 107.88462	-046.3	1
-06.69322	 107.89623	-046.5	1
-06.69322	 107.90786	-045.6	1
-06.69322	 107.91948	-044.9	1
-06.69322	 107.93109	-044.6	1
-06.69322	 107.94272	-044.5	1
-06.69322	 107.95434	-044.1	1
-06.69322	 107.96596	-044.8	1
-06.69322	 107.97758	-045.0	1
-06.69322	 107.98918	-044.6	1
-06.69322	 108.00082	-044.8	1
-06.69322	 108.01244	-044.9	1
-06.69322	 108.02405	-044.7	1
-06.69322	 108.03568	-044.2	1
-06.69322	 108.04729	-043.1	1
-06.69322	 108.05891	-043.3	1
-06.69322	 108.07053	-043.4	1
-06.69322	 108.08215	-043.7	1
-06.69322	 108.09377	-041.6	1
-06.69322	 108.10538	-042.1	1
-06.69322	 108.11700	-042.0	1
-06.69322	 108.12863	-042.0	1
-06.69322	 108.14024	-042.3	1
-06.69322	 108.15186	-042.4	1
-06.69322	 108.16349	-042.7	1
-06.69322	 108.17510	-042.9	1
-06.69322	 108.18672	-043.2	1
-06.69322	 108.19835	-043.3	1
-06.69322	 108.20996	-043.6	1
-06.69322	 108.22158	-043.8	1
-06.69322	 108.23320	-044.0	1
-06.69322	 108.24483	-044.2	1
-06.69322	 108.25645	-044.2	1
-06.69322	 108.26805	-045.0	1
-06.69322	 108.27968	-045.1	1
-06.69322	 108.29131	-045.1	1
-06.69322	 108.30292	-045.4	1
-06.69322	 108.31453	-045.4	1
-06.69322	 108.32616	-044.8	1
-06.69322	 108.33778	-045.0	1
-06.69322	 108.34940	-045.2	1
-06.69322	 108.36102	-045.4	1
-06.69322	 108.37264	-045.5	1
-06.69322	 108.38426	-045.6	1
-06.69322	 108.39587	-046.4	1
-06.69322	 108.40750	-048.1	1
-06.69322	 108.41911	-048.5	1
-06.69322	 108.43073	-049.2	1
-06.69322	 108.44236	-049.5	1
-06.69322	 108.45397	-050.0	1
-06.69322	 108.46559	-050.2	1
-06.69322	 108.47720	-050.5	1
-06.69322	 108.48884	-050.8	1
-06.69322	 108.50046	-051.2	1
-06.69322	 108.51207	-051.5	1
-06.69322	 108.52368	-051.5	1
-06.69322	 108.53532	-051.5	1
-06.69322	 108.54693	-051.9	1
-06.70476	 106.22301	-058.2	1
-06.70476	 106.23465	-058.3	1
-06.70476	 106.24625	-057.9	1
-06.70476	 106.25788	-057.5	1
-06.70476	 106.26950	-057.4	1
-06.70476	 106.28112	-056.8	1
-06.70476	 106.29272	-056.0	1
-06.70476	 106.30437	-056.8	1
-06.70476	 106.31597	-057.2	1
-06.70476	 106.32759	-056.9	1
-06.70476	 106.33920	-056.6	1
-06.70476	 106.35084	-056.0	1
-06.70476	 106.36246	-055.4	1
-06.70476	 106.37407	-055.0	1
-06.70476	 106.38569	-054.3	1
-06.70476	 106.39732	-052.3	1
-06.70476	 106.40894	-051.6	1
-06.70476	 106.42056	-050.2	1
-06.70476	 106.43216	-049.6	1
-06.70476	 106.44379	-048.1	1
-06.70476	 106.45541	-049.2	1
-06.70476	 106.46703	-049.2	1
-06.70476	 106.47865	-050.6	1
-06.70476	 106.49027	-050.5	1
-06.70476	 106.50188	-051.9	1
-06.70476	 106.51351	-053.3	1
-06.70476	 106.52513	-054.6	1
-06.70476	 106.53674	-056.5	1
-06.70476	 106.54836	-056.5	1
-06.70476	 106.56000	-055.7	1
-06.70476	 106.57159	-055.1	1
-06.70476	 106.58323	-053.4	1
-06.70476	 106.59485	-053.7	1
-06.70476	 106.60646	-053.0	1
-06.70476	 106.61809	-052.6	1
-06.70476	 106.62970	-052.2	1
-06.70476	 106.64132	-053.2	1
-06.70476	 106.65294	-051.0	1
-06.70476	 106.66456	-050.5	1
-06.70476	 106.67618	-047.8	1
-06.70476	 106.68781	-044.4	1
-06.70476	 106.69942	-040.0	1
-06.70476	 106.71104	-032.3	1
-06.70476	 106.72266	 020.7	1
-06.70476	 106.73428	 020.9	1
-06.70476	 106.74590	 021.1	1
-06.70476	 106.75752	 019.7	1
-06.70476	 106.76913	-024.9	1
-06.70476	 106.78075	-032.1	1
-06.70476	 106.79237	-035.4	1
-06.70476	 106.80399	-034.7	1
-06.70476	 106.81561	-035.8	1
-06.70476	 106.82723	-033.9	1
-06.70476	 106.83886	-031.9	1
-06.70476	 106.85048	-031.6	1
-06.70476	 106.86209	-028.9	1
-06.70476	 106.87371	-023.0	1
-06.70476	 106.88533	-015.0	1
-06.70476	 106.89695	 022.1	1
-06.70476	 106.90858	 022.6	1
-06.70476	 106.92018	 021.8	1
-06.70476	 106.93181	 024.4	1
-06.70476	 106.94344	 028.9	1
-06.70476	 106.95505	 002.5	1
-06.70476	 106.96667	 017.1	1
-06.70476	 106.97829	 029.6	1
-06.70476	 106.98991	 011.5	1
-06.70476	 107.00153	 028.8	1
-06.70476	 107.01314	 023.8	1
-06.70476	 107.02477	 001.9	1
-06.70476	 107.03639	 010.8	1
-06.70476	 107.04800	 028.8	1
-06.70476	 107.05962	 031.3	1
-06.70476	 107.07124	 026.2	1
-06.70476	 107.08287	 022.0	1
-06.70476	 107.09448	 031.4	1
-06.70476	 107.10609	 015.6	1
-06.70476	 107.11772	 017.5	1
-06.70476	 107.12935	 023.5	1
-06.70476	 107.14096	 029.6	1
-06.70476	 107.15257	 027.5	1
-06.70476	 107.16420	 028.5	1
-06.70476	 107.17583	 028.3	1
-06.70476	 107.18744	 029.6	1
-06.70476	 107.19906	 028.5	1
-06.70476	 107.21067	 029.5	1
-06.70476	 107.22230	 029.6	1
-06.70476	 107.23392	 031.2	1
-06.70476	 107.24553	 031.2	1
-06.70476	 107.25716	 030.9	1
-06.70476	 107.26878	 030.7	1
-06.70476	 107.28040	 031.0	1
-06.70476	 107.29202	 033.1	1
-06.70476	 107.30363	 033.1	1
-06.70476	 107.31525	 033.4	1
-06.70476	 107.32687	 032.9	1
-06.70476	 107.33849	 033.7	1
-06.70476	 107.35011	 034.3	1
-06.70476	 107.36173	 034.5	1
-06.70476	 107.37335	 034.7	1
-06.70476	 107.38496	 019.1	1
-06.70476	 107.39659	 037.2	1
-06.70476	 107.40821	 006.1	1
-06.70476	 107.41983	 033.7	1
-06.70476	 107.43144	 038.5	1
-06.70476	 107.44307	 039.4	1
-06.70476	 107.45469	 029.1	1
-06.70476	 107.46631	 037.6	1
-06.70476	 107.47793	 037.6	1
-06.70476	 107.48955	 037.7	1
-06.70476	 107.50117	 032.9	1
-06.70476	 107.51279	 034.8	1
-06.70476	 107.52441	 035.4	1
-06.70476	 107.53603	 029.6	1
-06.70476	 107.54765	 033.1	1
-06.70476	 107.55927	 023.3	1
-06.70476	 107.57088	 034.9	1
-06.70476	 107.58250	 032.4	1
-06.70476	 107.59412	 020.5	1
-06.70476	 107.60574	-001.7	1
-06.70476	 107.61736	 028.0	1
-06.70476	 107.62898	 028.3	1
-06.70476	 107.64060	-017.1	1
-06.70476	 107.65222	-027.8	1
-06.70476	 107.66383	-030.8	1
-06.70476	 107.67546	-034.4	1
-06.70476	 107.68708	-040.4	1
-06.70476	 107.69869	-041.2	1
-06.70476	 107.71032	-044.9	1
-06.70476	 107.72194	-047.4	1
-06.70476	 107.73355	-049.0	1
-06.70476	 107.74517	-050.6	1
-06.70476	 107.75680	-050.1	1
-06.70476	 107.76842	-049.8	1
-06.70476	 107.78004	-048.3	1
-06.70476	 107.79165	-048.2	1
-06.70476	 107.80328	-046.6	1
-06.70476	 107.81489	-044.8	1
-06.70476	 107.82651	-043.4	1
-06.70476	 107.83813	-042.9	1
-06.70476	 107.84975	-041.9	1
-06.70476	 107.86137	-040.0	1
-06.70476	 107.87299	-040.9	1
-06.70476	 107.88461	-041.7	1
-06.70476	 107.89622	-043.0	1
-06.70476	 107.90784	-043.2	1
-06.70476	 107.91947	-042.7	1
-06.70476	 107.93109	-042.1	1
-06.70476	 107.94270	-042.2	1
-06.70476	 107.95432	-042.3	1
-06.70476	 107.96596	-042.5	1
-06.70476	 107.97756	-042.2	1
-06.70476	 107.98918	-041.2	1
-06.70476	 108.00081	-041.7	1
-06.70476	 108.01242	-042.0	1
-06.70476	 108.02406	-042.3	1
-06.70476	 108.03568	-039.0	1
-06.70476	 108.04729	-039.0	1
-06.70476	 108.05890	-040.5	1
-06.70476	 108.07052	-040.9	1
-06.70476	 108.08215	-041.2	1
-06.70476	 108.09377	-041.7	1
-06.70476	 108.10538	-041.9	1
-06.70476	 108.11700	-042.3	1
-06.70476	 108.12862	-042.4	1
-06.70476	 108.14024	-042.7	1
-06.70476	 108.15186	-042.7	1
-06.70476	 108.16348	-043.2	1
-06.70476	 108.17510	-043.4	1
-06.70476	 108.18671	-043.5	1
-06.70476	 108.19835	-044.0	1
-06.70476	 108.20995	-044.3	1
-06.70476	 108.22157	-044.1	1
-06.70476	 108.23319	-044.1	1
-06.70476	 108.24483	-043.8	1
-06.70476	 108.25644	-043.8	1
-06.70476	 108.26805	-044.3	1
-06.70476	 108.27968	-044.5	1
-06.70476	 108.29130	-044.7	1
-06.70476	 108.30291	-045.2	1
-06.70476	 108.31453	-045.5	1
-06.70476	 108.32615	-045.7	1
-06.70476	 108.33778	-046.9	1
-06.70476	 108.34939	-047.6	1
-06.70476	 108.36102	-048.2	1
-06.70476	 108.37263	-048.2	1
-06.70476	 108.38425	-048.5	1
-06.70476	 108.39587	-049.4	1
-06.70476	 108.40749	-049.8	1
-06.70476	 108.41911	-050.1	1
-06.70476	 108.43073	-050.0	1
-06.70476	 108.44235	-050.0	1
-06.70476	 108.45396	-049.7	1
-06.70476	 108.46558	-049.6	1
-06.70476	 108.47720	-049.5	1
-06.70476	 108.48883	-049.4	1
-06.70476	 108.50045	-048.2	1
-06.70476	 108.51207	-048.2	1
-06.70476	 108.52369	-048.4	1
-06.70476	 108.53531	-048.7	1
-06.70476	 108.54692	-049.3	1
-06.71629	 106.22302	-057.9	1
-06.71629	 106.23465	-057.4	1
-06.71629	 106.24626	-057.8	1
-06.71629	 106.25787	-057.5	1
-06.71629	 106.26950	-056.8	1
-06.71629	 106.28113	-057.2	1
-06.71629	 106.29274	-056.8	1
-06.71629	 106.30437	-057.2	1
-06.71629	 106.31599	-057.4	1
-06.71629	 106.32761	-057.7	1
-06.71629	 106.33922	-057.6	1
-06.71629	 106.35085	-057.1	1
-06.71629	 106.36246	-056.7	1
-06.71629	 106.37408	-056.3	1
-06.71629	 106.38570	-056.0	1
-06.71629	 106.39732	-055.8	1
-06.71629	 106.40894	-054.5	1
-06.71629	 106.42056	-053.3	1
-06.71629	 106.43217	-051.7	1
-06.71629	 106.44380	-050.6	1
-06.71629	 106.45541	-050.6	1
-06.71629	 106.46703	-049.5	1
-06.71629	 106.47865	-049.6	1
-06.71629	 106.49027	-049.4	1
-06.71629	 106.50189	-051.0	1
-06.71629	 106.51352	-051.8	1
-06.71629	 106.52513	-052.7	1
-06.71629	 106.53675	-053.0	1
-06.71629	 106.54837	-053.3	1
-06.71629	 106.56000	-052.0	1
-06.71629	 106.57160	-052.3	1
-06.71629	 106.58324	-053.9	1
-06.71629	 106.59485	-055.5	1
-06.71629	 106.60646	-056.3	1
-06.71629	 106.61809	-057.0	1
-06.71629	 106.62971	-057.9	1
-06.71629	 106.64133	-056.8	1
-06.71629	 106.65294	-054.1	1
-06.71629	 106.66458	-052.1	1
-06.71629	 106.67619	-049.7	1
-06.71629	 106.68781	-049.5	1
-06.71629	 106.69942	-047.4	1
-06.71629	 106.71105	-044.9	1
-06.71629	 106.72267	-036.7	1
-06.71629	 106.73428	-025.0	1
-06.71629	 106.74590	-030.0	1
-06.71629	 106.75753	-038.5	1
-06.71629	 106.76914	-042.6	1
-06.71629	 106.78076	-043.0	1
-06.71629	 106.79239	-042.0	1
-06.71629	 106.80400	-041.0	1
-06.71629	 106.81562	-038.4	1
-06.71629	 106.82724	-035.3	1
-06.71629	 106.83887	-032.2	1
-06.71629	 106.85049	-027.7	1
-06.71629	 106.86210	-022.6	1
-06.71629	 106.87372	-016.1	1
-06.71629	 106.88534	 020.7	1
-06.71629	 106.89697	 022.6	1
-06.71629	 106.90858	 023.2	1
-06.71629	 106.92020	 023.7	1
-06.71629	 106.93182	 025.7	1
-06.71629	 106.94344	 028.7	1
-06.71629	 106.95506	 027.5	1
-06.71629	 106.96667	 023.9	1
-06.71629	 106.97829	 024.8	1
-06.71629	 106.98992	 023.6	1
-06.71629	 107.00153	 016.6	1
-06.71629	 107.01315	 013.5	1
-06.71629	 107.02477	 026.7	1
-06.71629	 107.03639	 016.4	1
-06.71629	 107.04800	 012.9	1
-06.71629	 107.05962	 013.3	1
-06.71629	 107.07125	 030.0	1
-06.71629	 107.08287	 022.9	1
-06.71629	 107.09448	 029.1	1
-06.71629	 107.10610	 031.1	1
-06.71629	 107.11774	 030.9	1
-06.71629	 107.12935	 026.1	1
-06.71629	 107.14098	 030.4	1
-06.71629	 107.15259	 030.2	1
-06.71629	 107.16420	 027.3	1
-06.71629	 107.17583	 028.2	1
-06.71629	 107.18745	 028.9	1
-06.71629	 107.19905	 028.6	1
-06.71629	 107.21068	 029.0	1
-06.71629	 107.22231	 031.0	1
-06.71629	 107.23392	 031.2	1
-06.71629	 107.24554	 031.7	1
-06.71629	 107.25716	 030.7	1
-06.71629	 107.26878	 031.8	1
-06.71629	 107.28040	 032.7	1
-06.71629	 107.29201	 031.9	1
-06.71629	 107.30364	 032.4	1
-06.71629	 107.31526	 032.8	1
-06.71629	 107.32688	 034.7	1
-06.71629	 107.33849	 033.5	1
-06.71629	 107.35012	 033.6	1
-06.71629	 107.36175	 033.2	1
-06.71629	 107.37336	 032.5	1
-06.71629	 107.38497	 038.7	1
-06.71629	 107.39660	 040.9	1
-06.71629	 107.40822	 025.2	1
-06.71629	 107.41984	 032.6	1
-06.71629	 107.43145	 038.5	1
-06.71629	 107.44308	 038.2	1
-06.71629	 107.45469	 035.2	1
-06.71629	 107.46632	 023.3	1
-06.71629	 107.47794	 037.9	1
-06.71629	 107.48956	 022.4	1
-06.71629	 107.50117	 037.4	1
-06.71629	 107.51279	 032.0	1
-06.71629	 107.52441	 037.2	1
-06.71629	 107.53603	 031.7	1
-06.71629	 107.54765	 036.1	1
-06.71629	 107.55927	 024.3	1
-06.71629	 107.57089	 035.6	1
-06.71629	 107.58252	 021.7	1
-06.71629	 107.59413	 034.2	1
-06.71629	 107.60574	 027.9	1
-06.71629	 107.61737	 027.4	1
-06.71629	 107.62899	 023.5	1
-06.71629	 107.64061	-016.4	1
-06.71629	 107.65223	-026.2	1
-06.71629	 107.66385	-031.0	1
-06.71629	 107.67547	-035.9	1
-06.71629	 107.68709	-039.7	1
-06.71629	 107.69870	-043.4	1
-06.71629	 107.71033	-046.3	1
-06.71629	 107.72195	-047.5	1
-06.71629	 107.73357	-047.6	1
-06.71629	 107.74519	-044.3	1
-06.71629	 107.75681	-046.4	1
-06.71629	 107.76842	-045.3	1
-06.71629	 107.78004	-044.0	1
-06.71629	 107.79166	-043.3	1
-06.71629	 107.80328	-042.3	1
-06.71629	 107.81490	-041.4	1
-06.71629	 107.82652	-040.3	1
-06.71629	 107.83814	-038.8	1
-06.71629	 107.84975	-036.7	1
-06.71629	 107.86138	-036.8	1
-06.71629	 107.87300	-038.3	1
-06.71629	 107.88462	-040.0	1
-06.71629	 107.89623	-040.9	1
-06.71629	 107.90786	-041.0	1
-06.71629	 107.91948	-039.1	1
-06.71629	 107.93111	-038.4	1
-06.71629	 107.94271	-038.0	1
-06.71629	 107.95433	-038.3	1
-06.71629	 107.96596	-038.3	1
-06.71629	 107.97757	-036.2	1
-06.71629	 107.98919	-037.2	1
-06.71629	 108.00081	-037.3	1
-06.71629	 108.01244	-038.0	1
-06.71629	 108.02405	-039.4	1
-06.71629	 108.03568	-038.7	1
-06.71629	 108.04729	-039.6	1
-06.71629	 108.05891	-040.6	1
-06.71629	 108.07053	-041.5	1
-06.71629	 108.08215	-041.8	1
-06.71629	 108.09377	-042.0	1
-06.71629	 108.10539	-042.1	1
-06.71629	 108.11700	-042.5	1
-06.71629	 108.12864	-042.8	1
-06.71629	 108.14025	-042.7	1
-06.71629	 108.15186	-042.7	1
-06.71629	 108.16349	-043.0	1
-06.71629	 108.17511	-043.1	1
-06.71629	 108.18672	-043.2	1
-06.71629	 108.19835	-043.3	1
-06.71629	 108.20997	-043.6	1
-06.71629	 108.22157	-044.0	1
-06.71629	 108.23320	-044.3	1
-06.71629	 108.24482	-044.4	1
-06.71629	 108.25645	-045.1	1
-06.71629	 108.26806	-045.9	1
-06.71629	 108.27968	-046.5	1
-06.71629	 108.29130	-047.1	1
-06.71629	 108.30293	-047.5	1
-06.71629	 108.31454	-047.9	1
-06.71629	 108.32617	-048.2	1
-06.71629	 108.33778	-048.2	1
-06.71629	 108.34940	-048.3	1
-06.71629	 108.36102	-048.4	1
-06.71629	 108.37263	-047.6	1
-06.71629	 108.38425	-046.4	1
-06.71629	 108.39587	-046.7	1
-06.71629	 108.40750	-047.4	1
-06.71629	 108.41912	-047.6	1
-06.71629	 108.43073	-047.7	1
-06.71629	 108.44235	-048.0	1
-06.71629	 108.45398	-048.2	1
-06.71629	 108.46560	-050.7	1
-06.71629	 108.47721	-050.9	1
-06.71629	 108.48884	-051.0	1
-06.71629	 108.50046	-051.1	1
-06.71629	 108.51206	-051.2	1
-06.71629	 108.52369	-051.3	1
-06.71629	 108.53532	-051.3	1
-06.71629	 108.54693	-051.2	1
-06.71629	 108.55855	-051.2	1
-06.72783	 106.22301	-058.1	1
-06.72783	 106.23465	-057.8	1
-06.72783	 106.24626	-057.9	1
-06.72783	 106.25787	-057.0	1
-06.72783	 106.26950	-056.8	1
-06.72783	 106.28112	-056.3	1
-06.72783	 106.29274	-055.8	1
-06.72783	 106.30436	-056.1	1
-06.72783	 106.31598	-056.7	1
-06.72783	 106.32760	-057.2	1
-06.72783	 106.33922	-057.1	1
-06.72783	 106.35084	-057.3	1
-06.72783	 106.36245	-056.9	1
-06.72783	 106.37407	-056.4	1
-06.72783	 106.38569	-055.1	1
-06.72783	 106.39731	-054.7	1
-06.72783	 106.40894	-053.8	1
-06.72783	 106.42055	-053.9	1
-06.72783	 106.43217	-053.4	1
-06.72783	 106.44379	-052.0	1
-06.72783	 106.45540	-053.0	1
-06.72783	 106.46703	-050.8	1
-06.72783	 106.47865	-051.4	1
-06.72783	 106.49026	-052.0	1
-06.72783	 106.50188	-053.1	1
-06.72783	 106.51350	-053.7	1
-06.72783	 106.52513	-054.1	1
-06.72783	 106.53674	-054.3	1
-06.72783	 106.54836	-054.0	1
-06.72783	 106.55999	-052.5	1
-06.72783	 106.57159	-052.0	1
-06.72783	 106.58323	-051.6	1
-06.72783	 106.59485	-052.6	1
-06.72783	 106.60646	-052.8	1
-06.72783	 106.61809	-052.8	1
-06.72783	 106.62970	-053.2	1
-06.72783	 106.64133	-051.4	1
-06.72783	 106.65294	-050.9	1
-06.72783	 106.66457	-051.6	1
-06.72783	 106.67618	-051.1	1
-06.72783	 106.68781	-053.3	1
-06.72783	 106.69942	-052.6	1
-06.72783	 106.71104	-051.3	1
-06.72783	 106.72266	-049.5	1
-06.72783	 106.73428	-047.9	1
-06.72783	 106.74590	-048.9	1
-06.72783	 106.75752	-049.7	1
-06.72783	 106.76913	-051.5	1
-06.72783	 106.78075	-053.1	1
-06.72783	 106.79237	-053.5	1
-06.72783	 106.80399	-052.1	1
-06.72783	 106.81561	-050.3	1
-06.72783	 106.82722	-047.1	1
-06.72783	 106.83885	-042.6	1
-06.72783	 106.85047	-037.8	1
-06.72783	 106.86209	-030.9	1
-06.72783	 106.87371	-009.5	1
-06.72783	 106.88532	 022.8	1
-06.72783	 106.89696	 023.3	1
-06.72783	 106.90857	 022.6	1
-06.72783	 106.92020	 023.7	1
-06.72783	 106.93181	 029.0	1
-06.72783	 106.94343	 025.8	1
-06.72783	 106.95505	 028.1	1
-06.72783	 106.96667	 017.6	1
-06.72783	 106.97829	 021.5	1
-06.72783	 106.98991	-005.9	1
-06.72783	 107.00153	 026.4	1
-06.72783	 107.01315	 025.8	1
-06.72783	 107.02477	 030.7	1
-06.72783	 107.03639	 030.5	1
-06.72783	 107.04800	 031.2	1
-06.72783	 107.05962	 031.7	1
-06.72783	 107.07124	 030.9	1
-06.72783	 107.08287	 031.8	1
-06.72783	 107.09448	 024.6	1
-06.72783	 107.10610	 025.2	1
-06.72783	 107.11772	 029.4	1
-06.72783	 107.12934	 023.9	1
-06.72783	 107.14096	 025.1	1
-06.72783	 107.15258	 028.9	1
-06.72783	 107.16420	 029.1	1
-06.72783	 107.17583	 028.1	1
-06.72783	 107.18744	 029.1	1
-06.72783	 107.19906	 029.9	1
-06.72783	 107.21068	 029.3	1
-06.72783	 107.22230	 030.2	1
-06.72783	 107.23392	 031.4	1
-06.72783	 107.24554	 031.7	1
-06.72783	 107.25716	 032.6	1
-06.72783	 107.26878	 033.2	1
-06.72783	 107.28040	 033.0	1
-06.72783	 107.29201	 032.5	1
-06.72783	 107.30363	 034.5	1
-06.72783	 107.31526	 033.9	1
-06.72783	 107.32687	 034.9	1
-06.72783	 107.33849	 035.9	1
-06.72783	 107.35011	 034.8	1
-06.72783	 107.36174	 035.6	1
-06.72783	 107.37335	 036.0	1
-06.72783	 107.38497	 033.7	1
-06.72783	 107.39659	 022.1	1
-06.72783	 107.40820	 035.7	1
-06.72783	 107.41983	 029.6	1
-06.72783	 107.43144	 039.4	1
-06.72783	 107.44307	 033.8	1
-06.72783	 107.45469	 039.8	1
-06.72783	 107.46631	 038.3	1
-06.72783	 107.47793	 033.8	1
-06.72783	 107.48955	 025.6	1
-06.72783	 107.50117	 035.1	1
-06.72783	 107.51279	 038.0	1
-06.72783	 107.52441	 016.7	1
-06.72783	 107.53602	 027.3	1
-06.72783	 107.54764	 023.4	1
-06.72783	 107.55926	 034.3	1
-06.72783	 107.57088	 031.5	1
-06.72783	 107.58250	 019.1	1
-06.72783	 107.59412	 032.0	1
-06.72783	 107.60574	 017.9	1
-06.72783	 107.61736	 028.4	1
-06.72783	 107.62899	 025.9	1
-06.72783	 107.64060	-005.5	1
-06.72783	 107.65222	-022.9	1
-06.72783	 107.66383	-029.5	1
-06.72783	 107.67546	-038.7	1
-06.72783	 107.68707	-039.1	1
-06.72783	 107.69869	-041.4	1
-06.72783	 107.71031	-042.2	1
-06.72783	 107.72194	-042.2	1
-06.72783	 107.73356	-039.9	1
-06.72783	 107.74518	-039.9	1
-06.72783	 107.75680	-039.6	1
-06.72783	 107.76842	-039.5	1
-06.72783	 107.78003	-039.2	1
-06.72783	 107.79165	-039.1	1
-06.72783	 107.80328	-038.6	1
-06.72783	 107.81489	-037.8	1
-06.72783	 107.82651	-036.8	1
-06.72783	 107.83813	-035.6	1
-06.72783	 107.84975	-035.0	1
-06.72783	 107.86137	-037.1	1
-06.72783	 107.87300	-036.9	1
-06.72783	 107.88461	-037.2	1
-06.72783	 107.89622	-036.6	1
-06.72783	 107.90785	-035.7	1
-06.72783	 107.91947	-032.4	1
-06.72783	 107.93109	-032.2	1
-06.72783	 107.94270	-032.6	1
-06.72783	 107.95432	-033.0	1
-06.72783	 107.96595	-032.5	1
-06.72783	 107.97756	-035.7	1
-06.72783	 107.98918	-036.8	1
-06.72783	 108.00081	-037.2	1
-06.72783	 108.01243	-037.9	1
-06.72783	 108.02405	-039.4	1
-06.72783	 108.03567	-040.3	1
-06.72783	 108.04729	-041.0	1
-06.72783	 108.05890	-041.0	1
-06.72783	 108.07052	-041.5	1
-06.72783	 108.08215	-041.7	1
-06.72783	 108.09376	-041.8	1
-06.72783	 108.10538	-041.8	1
-06.72783	 108.11700	-042.2	1
-06.72783	 108.12862	-042.4	1
-06.72783	 108.14024	-042.7	1
-06.72783	 108.15186	-042.9	1
-06.72783	 108.16348	-043.0	1
-06.72783	 108.17509	-043.4	1
-06.72783	 108.18671	-044.4	1
-06.72783	 108.19833	-045.0	1
-06.72783	 108.20995	-045.8	1
-06.72783	 108.22157	-046.5	1
-06.72783	 108.23319	-046.8	1
-06.72783	 108.24482	-046.7	1
-06.72783	 108.25644	-046.7	1
-06.72783	 108.26806	-046.3	1
-06.72783	 108.27967	-046.1	1
-06.72783	 108.29130	-046.0	1
-06.72783	 108.30292	-046.2	1
-06.72783	 108.31453	-046.3	1
-06.72783	 108.32616	-046.4	1
-06.72783	 108.33777	-046.7	1
-06.72783	 108.34939	-049.7	1
-06.72783	 108.36101	-049.1	1
-06.72783	 108.37263	-048.9	1
-06.72783	 108.38425	-048.7	1
-06.72783	 108.39587	-049.7	1
-06.72783	 108.40749	-050.2	1
-06.72783	 108.41911	-050.3	1
-06.72783	 108.43073	-050.5	1
-06.72783	 108.44234	-050.6	1
-06.72783	 108.45396	-050.3	1
-06.72783	 108.46558	-050.3	1
-06.72783	 108.47720	-050.3	1
-06.72783	 108.48882	-050.2	1
-06.72783	 108.50045	-050.3	1
-06.72783	 108.51207	-050.5	1
-06.72783	 108.52368	-050.5	1
-06.72783	 108.53531	-050.8	1
-06.72783	 108.54692	-051.0	1
-06.72783	 108.55854	-051.1	1
-06.73937	 106.22302	-056.6	1
-06.73937	 106.23465	-056.1	1
-06.73937	 106.24626	-055.8	1
-06.73937	 106.25789	-055.0	1
-06.73937	 106.26950	-055.5	1
-06.73937	 106.28113	-056.2	1
-06.73937	 106.29274	-056.3	1
-06.73937	 106.30436	-056.0	1
-06.73937	 106.31598	-055.5	1
-06.73937	 106.32760	-055.9	1
-06.73937	 106.33922	-057.0	1
-06.73937	 106.35085	-057.3	1
-06.73937	 106.36246	-056.8	1
-06.73937	 106.37408	-055.4	1
-06.73937	 106.38570	-054.3	1
-06.73937	 106.39732	-054.1	1
-06.73937	 106.40894	-053.8	1
-06.73937	 106.42056	-053.5	1
-06.73937	 106.43217	-052.8	1
-06.73937	 106.44380	-052.3	1
-06.73937	 106.45541	-052.5	1
-06.73937	 106.46704	-051.9	1
-06.73937	 106.47865	-051.5	1
-06.73937	 106.49027	-051.3	1
-06.73937	 106.50189	-052.0	1
-06.73937	 106.51352	-053.4	1
-06.73937	 106.52513	-053.7	1
-06.73937	 106.53676	-055.0	1
-06.73937	 106.54837	-054.7	1
-06.73937	 106.56000	-054.5	1
-06.73937	 106.57161	-054.9	1
-06.73937	 106.58323	-054.0	1
-06.73937	 106.59485	-054.8	1
-06.73937	 106.60646	-055.0	1
-06.73937	 106.61809	-054.4	1
-06.73937	 106.62971	-054.1	1
-06.73937	 106.64133	-053.5	1
-06.73937	 106.65295	-052.0	1
-06.73937	 106.66457	-049.4	1
-06.73937	 106.67619	-047.5	1
-06.73937	 106.68781	-046.1	1
-06.73937	 106.69942	-044.4	1
-06.73937	 106.71105	-048.3	1
-06.73937	 106.72267	-049.7	1
-06.73937	 106.73428	-051.1	1
-06.73937	 106.74590	-053.6	1
-06.73937	 106.75753	-056.0	1
-06.73937	 106.76914	-058.5	1
-06.73937	 106.78075	-059.7	1
-06.73937	 106.79239	-060.3	1
-06.73937	 106.80400	-059.2	1
-06.73937	 106.81562	-057.5	1
-06.73937	 106.82724	-055.7	1
-06.73937	 106.83887	-054.4	1
-06.73937	 106.85048	-052.6	1
-06.73937	 106.86210	-047.6	1
-06.73937	 106.87372	-042.1	1
-06.73937	 106.88534	-032.8	1
-06.73937	 106.89696	 022.4	1
-06.73937	 106.90858	 023.5	1
-06.73937	 106.92019	 025.4	1
-06.73937	 106.93182	 015.3	1
-06.73937	 106.94344	 019.0	1
-06.73937	 106.95506	 029.1	1
-06.73937	 106.96667	 029.7	1
-06.73937	 106.97829	 029.9	1
-06.73937	 106.98992	 020.7	1
-06.73937	 107.00154	 019.0	1
-06.73937	 107.01315	 020.4	1
-06.73937	 107.02477	 022.2	1
-06.73937	 107.03640	 030.8	1
-06.73937	 107.04801	 031.4	1
-06.73937	 107.05963	 031.7	1
-06.73937	 107.07124	 029.9	1
-06.73937	 107.08287	 029.5	1
-06.73937	 107.09449	 026.0	1
-06.73937	 107.10611	 030.2	1
-06.73937	 107.11773	 027.9	1
-06.73937	 107.12935	 030.5	1
-06.73937	 107.14097	 030.1	1
-06.73937	 107.15258	 027.2	1
-06.73937	 107.16421	 028.5	1
-06.73937	 107.17583	 028.7	1
-06.73937	 107.18745	 029.5	1
-06.73937	 107.19906	 030.2	1
-06.73937	 107.21069	 030.9	1
-06.73937	 107.22231	 030.8	1
-06.73937	 107.23392	 030.4	1
-06.73937	 107.24554	 031.9	1
-06.73937	 107.25716	 031.9	1
-06.73937	 107.26879	 032.6	1
-06.73937	 107.28040	 034.0	1
-06.73937	 107.29202	 034.5	1
-06.73937	 107.30364	 033.8	1
-06.73937	 107.31526	 035.7	1
-06.73937	 107.32688	 036.0	1
-06.73937	 107.33850	 036.6	1
-06.73937	 107.35013	 036.2	1
-06.73937	 107.36174	 036.4	1
-06.73937	 107.37335	 038.2	1
-06.73937	 107.38498	 040.4	1
-06.73937	 107.39659	 035.6	1
-06.73937	 107.40822	 040.0	1
-06.73937	 107.41984	 036.5	1
-06.73937	 107.43146	 039.9	1
-06.73937	 107.44308	 030.2	1
-06.73937	 107.45470	 038.8	1
-06.73937	 107.46631	 039.0	1
-06.73937	 107.47794	 037.8	1
-06.73937	 107.48956	 039.4	1
-06.73937	 107.50117	 033.4	1
-06.73937	 107.51280	 019.3	1
-06.73937	 107.52441	 027.2	1
-06.73937	 107.53603	 029.3	1
-06.73937	 107.54765	 036.8	1
-06.73937	 107.55927	 033.0	1
-06.73937	 107.57088	 034.7	1
-06.73937	 107.58252	 035.1	1
-06.73937	 107.59413	 035.2	1
-06.73937	 107.60575	 034.5	1
-06.73937	 107.61737	 027.6	1
-06.73937	 107.62898	 027.3	1
-06.73937	 107.64061	-003.2	1
-06.73937	 107.65223	-022.2	1
-06.73937	 107.66385	-023.2	1
-06.73937	 107.67547	-028.1	1
-06.73937	 107.68709	-029.2	1
-06.73937	 107.69870	-030.0	1
-06.73937	 107.71033	-029.4	1
-06.73937	 107.72195	-023.9	1
-06.73937	 107.73356	-026.9	1
-06.73937	 107.74518	-030.7	1
-06.73937	 107.75680	-031.4	1
-06.73937	 107.76842	-032.6	1
-06.73937	 107.78004	-033.9	1
-06.73937	 107.79166	-035.5	1
-06.73937	 107.80328	-035.3	1
-06.73937	 107.81490	-034.2	1
-06.73937	 107.82652	-032.0	1
-06.73937	 107.83814	-029.0	1
-06.73937	 107.84976	-028.1	1
-06.73937	 107.86137	-027.5	1
-06.73937	 107.87300	-031.6	1
-06.73937	 107.88462	-032.8	1
-06.73937	 107.89624	-032.7	1
-06.73937	 107.90784	-032.3	1
-06.73937	 107.91948	-029.7	1
-06.73937	 107.93110	-029.9	1
-06.73937	 107.94272	-029.7	1
-06.73937	 107.95433	-027.0	1
-06.73937	 107.96596	-028.4	1
-06.73937	 107.97757	-033.1	1
-06.73937	 107.98919	-034.9	1
-06.73937	 108.00082	-036.4	1
-06.73937	 108.01244	-037.6	1
-06.73937	 108.02405	-039.0	1
-06.73937	 108.03567	-040.0	1
-06.73937	 108.04729	-040.8	1
-06.73937	 108.05891	-041.8	1
-06.73937	 108.07053	-042.3	1
-06.73937	 108.08215	-042.4	1
-06.73937	 108.09377	-042.5	1
-06.73937	 108.10539	-041.5	1
-06.73937	 108.11700	-042.9	1
-06.73937	 108.12863	-044.5	1
-06.73937	 108.14024	-045.1	1
-06.73937	 108.15186	-044.7	1
-06.73937	 108.16349	-044.5	1
-06.73937	 108.17511	-043.9	1
-06.73937	 108.18672	-044.5	1
-06.73937	 108.19834	-044.8	1
-06.73937	 108.20997	-045.0	1
-06.73937	 108.22159	-045.3	1
-06.73937	 108.23321	-048.2	1
-06.73937	 108.24483	-048.6	1
-06.73937	 108.25644	-048.9	1
-06.73937	 108.26806	-049.0	1
-06.73937	 108.27968	-049.0	1
-06.73937	 108.29131	-049.1	1
-06.73937	 108.30292	-049.2	1
-06.73937	 108.31454	-049.4	1
-06.73937	 108.32616	-049.3	1
-06.73937	 108.33778	-049.4	1
-06.73937	 108.34940	-049.3	1
-06.73937	 108.36102	-047.9	1
-06.73937	 108.37263	-047.6	1
-06.73937	 108.38425	-047.5	1
-06.73937	 108.39588	-049.1	1
-06.73937	 108.40750	-049.5	1
-06.73937	 108.41911	-050.1	1
-06.73937	 108.43073	-050.2	1
-06.73937	 108.44235	-050.9	1
-06.73937	 108.45398	-051.1	1
-06.73937	 108.46558	-051.3	1
-06.73937	 108.47720	-051.6	1
-06.73937	 108.48884	-051.6	1
-06.73937	 108.50045	-051.7	1
-06.73937	 108.51207	-051.9	1
-06.73937	 108.52369	-052.3	1
-06.73937	 108.53531	-052.6	1
-06.73937	 108.54693	-053.3	1
-06.73937	 108.55856	-052.9	1
-06.75090	 106.21140	-054.1	1
-06.75090	 106.22301	-053.9	1
-06.75090	 106.23465	-053.8	1
-06.75090	 106.24626	-053.4	1
-06.75090	 106.25788	-054.1	1
-06.75090	 106.26949	-053.4	1
-06.75090	 106.28111	-054.5	1
-06.75090	 106.29272	-054.5	1
-06.75090	 106.30436	-053.7	1
-06.75090	 106.31598	-053.6	1
-06.75090	 106.32759	-053.3	1
-06.75090	 106.33922	-053.5	1
-06.75090	 106.35083	-055.0	1
-06.75090	 106.36246	-054.5	1
-06.75090	 106.37407	-054.6	1
-06.75090	 106.38569	-053.2	1
-06.75090	 106.39732	-053.4	1
-06.75090	 106.40894	-053.5	1
-06.75090	 106.42055	-053.3	1
-06.75090	 106.43216	-053.6	1
-06.75090	 106.44380	-053.9	1
-06.75090	 106.45541	-054.1	1
-06.75090	 106.46703	-053.8	1
-06.75090	 106.47865	-053.3	1
-06.75090	 106.49026	-053.4	1
-06.75090	 106.50189	-053.1	1
-06.75090	 106.51351	-053.1	1
-06.75090	 106.52513	-052.9	1
-06.75090	 106.53674	-053.5	1
-06.75090	 106.54837	-053.7	1
-06.75090	 106.55998	-054.6	1
-06.75090	 106.57160	-055.2	1
-06.75090	 106.58323	-054.8	1
-06.75090	 106.59484	-054.3	1
-06.75090	 106.60646	-054.5	1
-06.75090	 106.61808	-054.9	1
-06.75090	 106.62970	-054.8	1
-06.75090	 106.64131	-054.8	1
-06.75090	 106.65294	-054.0	1
-06.75090	 106.66457	-052.8	1
-06.75090	 106.67618	-051.7	1
-06.75090	 106.68781	-051.0	1
-06.75090	 106.69942	-049.9	1
-06.75090	 106.71104	-052.0	1
-06.75090	 106.72266	-053.6	1
-06.75090	 106.73428	-053.6	1
-06.75090	 106.74590	-053.6	1
-06.75090	 106.75752	-053.8	1
-06.75090	 106.76913	-054.2	1
-06.75090	 106.78075	-055.1	1
-06.75090	 106.79238	-055.9	1
-06.75090	 106.80399	-056.5	1
-06.75090	 106.81561	-057.0	1
-06.75090	 106.82722	-058.9	1
-06.75090	 106.83885	-058.8	1
-06.75090	 106.85048	-060.0	1
-06.75090	 106.86209	-057.9	1
-06.75090	 106.87371	-056.4	1
-06.75090	 106.88532	-052.7	1
-06.75091	 106.89696	-044.8	1
-06.75090	 106.90857	-038.6	1
-06.75090	 106.92018	 022.1	1
-06.75090	 106.93181	 027.6	1
-06.75090	 106.94343	 028.9	1
-06.75090	 106.95506	 022.9	1
-06.75090	 106.96667	 026.8	1
-06.75090	 106.97829	 023.5	1
-06.75090	 106.98991	 030.1	1
-06.75090	 107.00153	 021.3	1
-06.75090	 107.01314	 029.2	1
-06.75090	 107.02477	 018.9	1
-06.75090	 107.03639	 026.4	1
-06.75090	 107.04800	 030.4	1
-06.75090	 107.05962	 025.1	1
-06.75090	 107.07124	 020.2	1
-06.75090	 107.08286	 024.8	1
-06.75090	 107.09448	 025.1	1
-06.75090	 107.10610	 010.7	1
-06.75090	 107.11772	 031.6	1
-06.75090	 107.12934	 029.4	1
-06.75090	 107.14096	 029.5	1
-06.75090	 107.15257	 029.3	1
-06.75090	 107.16420	 029.6	1
-06.75090	 107.17583	 028.7	1
-06.75090	 107.18744	 030.5	1
-06.75090	 107.19906	 030.3	1
-06.75090	 107.21068	 029.7	1
-06.75090	 107.22231	 031.7	1
-06.75090	 107.23392	 032.3	1
-06.75090	 107.24554	 032.8	1
-06.75090	 107.25716	 033.0	1
-06.75090	 107.26878	 032.4	1
-06.75090	 107.28040	 035.1	1
-06.75090	 107.29201	 035.2	1
-06.75090	 107.30363	 034.6	1
-06.75090	 107.31525	 035.3	1
-06.75090	 107.32687	 035.4	1
-06.75090	 107.33849	 037.2	1
-06.75090	 107.35011	 038.0	1
-06.75090	 107.36174	 038.4	1
-06.75090	 107.37335	 037.2	1
-06.75090	 107.38497	 031.6	1
-06.75090	 107.39659	 040.5	1
-06.75090	 107.40821	 032.9	1
-06.75090	 107.41983	 032.2	1
-06.75090	 107.43144	 041.2	1
-06.75090	 107.44308	 039.3	1
-06.75090	 107.45468	 041.7	1
-06.75090	 107.46631	 041.0	1
-06.75090	 107.47793	 038.8	1
-06.75090	 107.48955	 038.1	1
-06.75090	 107.50116	 039.3	1
-06.75090	 107.51279	 025.9	1
-06.75090	 107.52441	 037.4	1
-06.75090	 107.53602	 037.2	1
-06.75090	 107.54765	 034.4	1
-06.75090	 107.55927	 032.7	1
-06.75090	 107.57088	 031.6	1
-06.75090	 107.58251	 033.6	1
-06.75090	 107.59412	 010.2	1
-06.75090	 107.60574	 008.9	1
-06.75090	 107.61736	 032.0	1
-06.75090	 107.62898	 027.3	1
-06.75090	 107.64059	 027.8	1
-06.75090	 107.65222	 028.3	1
-06.75090	 107.66384	 026.6	1
-06.75090	 107.67546	 027.3	1
-06.75090	 107.68708	 026.9	1
-06.75090	 107.69870	 023.0	1
-06.75090	 107.71032	-008.9	1
-06.75090	 107.72194	-027.5	1
-06.75090	 107.73355	-011.7	1
-06.75090	 107.74518	-017.2	1
-06.75090	 107.75681	-021.4	1
-06.75090	 107.76842	-020.1	1
-06.75090	 107.78003	-023.0	1
-06.75090	 107.79166	-022.4	1
-06.75090	 107.80328	-024.3	1
-06.75090	 107.81489	-025.5	1
-06.75090	 107.82652	-024.8	1
-06.75090	 107.83813	-024.9	1
-06.75090	 107.84975	-023.9	1
-06.75090	 107.86137	-027.3	1
-06.75090	 107.87299	-030.7	1
-06.75090	 107.88461	-032.5	1
-06.75090	 107.89622	-033.0	1
-06.75090	 107.90785	-031.5	1
-06.75090	 107.91948	-028.7	1
-06.75090	 107.93109	-027.5	1
-06.75090	 107.94271	-024.3	1
-06.75090	 107.95432	-018.6	1
-06.75090	 107.96596	-021.8	1
-06.75090	 107.97757	-028.2	1
-06.75090	 107.98918	-033.5	1
-06.75090	 108.00081	-034.6	1
-06.75090	 108.01243	-036.6	1
-06.75090	 108.02404	-038.9	1
-06.75090	 108.03567	-040.1	1
-06.75090	 108.04729	-040.3	1
-06.75090	 108.05890	-039.9	1
-06.75090	 108.07052	-040.3	1
-06.75090	 108.08215	-042.7	1
-06.75090	 108.09377	-043.2	1
-06.75090	 108.10538	-043.7	1
-06.75090	 108.11700	-044.1	1
-06.75090	 108.12862	-044.5	1
-06.75090	 108.14024	-045.0	1
-06.75090	 108.15186	-047.6	1
-06.75090	 108.16349	-047.7	1
-06.75090	 108.17510	-047.9	1
-06.75090	 108.18671	-048.0	1
-06.75090	 108.19834	-048.3	1
-06.75090	 108.20996	-048.4	1
-06.75090	 108.22158	-048.5	1
-06.75090	 108.23319	-048.6	1
-06.75090	 108.24482	-048.6	1
-06.75090	 108.25643	-048.5	1
-06.75090	 108.26805	-048.7	1
-06.75090	 108.27967	-048.8	1
-06.75090	 108.29129	-049.0	1
-06.75090	 108.30293	-049.1	1
-06.75090	 108.31452	-050.4	1
-06.75090	 108.32615	-050.6	1
-06.75090	 108.33778	-050.8	1
-06.75090	 108.34939	-051.1	1
-06.75090	 108.36101	-051.1	1
-06.75090	 108.37263	-050.7	1
-06.75090	 108.38425	-051.1	1
-06.75090	 108.39587	-052.1	1
-06.75090	 108.40749	-052.5	1
-06.75090	 108.41911	-052.8	1
-06.75090	 108.43073	-053.0	1
-06.75090	 108.44234	-053.3	1
-06.75090	 108.45397	-053.6	1
-06.75090	 108.46558	-054.0	1
-06.75090	 108.47720	-054.2	1
-06.75090	 108.48883	-054.3	1
-06.75090	 108.50044	-054.7	1
-06.75090	 108.51206	-055.0	1
-06.75090	 108.52368	-054.9	1
-06.75090	 108.53530	-054.9	1
-06.75090	 108.54692	-055.2	1
-06.75090	 108.55855	-055.1	1
-06.76244	 106.21140	-051.9	1
-06.76244	 106.22302	-051.5	1
-06.76244	 106.23465	-051.7	1
-06.76244	 106.24626	-051.8	1
-06.76244	 106.25789	-052.4	1
-06.76244	 106.26950	-051.9	1
-06.76244	 106.28113	-052.1	1
-06.76244	 106.29274	-052.4	1
-06.76244	 106.30437	-051.4	1
-06.76244	 106.31598	-051.5	1
-06.76244	 106.32760	-051.7	1
-06.76244	 106.33922	-051.0	1
-06.76244	 106.35084	-051.4	1
-06.76244	 106.36246	-052.8	1
-06.76244	 106.37408	-051.5	1
-06.76244	 106.38570	-050.0	1
-06.76244	 106.39732	-050.9	1
-06.76244	 106.40894	-050.4	1
-06.76244	 106.42056	-051.5	1
-06.76244	 106.43217	-051.5	1
-06.76244	 106.44380	-052.2	1
-06.76244	 106.45541	-051.6	1
-06.76244	 106.46704	-051.8	1
-06.76244	 106.47865	-050.2	1
-06.76244	 106.49028	-051.2	1
-06.76244	 106.50189	-050.6	1
-06.76244	 106.51352	-049.9	1
-06.76244	 106.52513	-048.9	1
-06.76244	 106.53675	-051.0	1
-06.76244	 106.54837	-053.1	1
-06.76244	 106.56000	-054.1	1
-06.76244	 106.57161	-054.9	1
-06.76244	 106.58324	-055.4	1
-06.76244	 106.59485	-055.7	1
-06.76244	 106.60646	-056.0	1
-06.76244	 106.61810	-056.4	1
-06.76244	 106.62971	-055.6	1
-06.76244	 106.64133	-055.6	1
-06.76244	 106.65294	-054.5	1
-06.76244	 106.66457	-053.8	1
-06.76244	 106.67618	-053.3	1
-06.76244	 106.68781	-053.4	1
-06.76244	 106.69942	-052.3	1
-06.76244	 106.71104	-054.6	1
-06.76244	 106.72267	-056.2	1
-06.76244	 106.73428	-056.6	1
-06.76244	 106.74590	-057.0	1
-06.76244	 106.75752	-057.7	1
-06.76244	 106.76914	-058.2	1
-06.76244	 106.78076	-058.0	1
-06.76244	 106.79239	-058.2	1
-06.76244	 106.80400	-057.8	1
-06.76244	 106.81561	-056.9	1
-06.76244	 106.82724	-054.8	1
-06.76244	 106.83886	-053.6	1
-06.76244	 106.85049	-052.5	1
-06.76244	 106.86211	-051.6	1
-06.76244	 106.87372	-049.9	1
-06.76244	 106.88533	-048.3	1
-06.76244	 106.89696	-048.9	1
-06.76244	 106.90858	-046.5	1
-06.76244	 106.92019	-025.4	1
-06.76244	 106.93182	 029.2	1
-06.76244	 106.94344	 027.5	1
-06.76244	 106.95506	 017.4	1
-06.76244	 106.96667	-006.2	1
-06.76244	 106.97829	 030.1	1
-06.76244	 106.98991	 030.3	1
-06.76244	 107.00153	 028.2	1
-06.76244	 107.01315	 027.6	1
-06.76244	 107.02477	 029.1	1
-06.76244	 107.03640	 019.4	1
-06.76244	 107.04800	 031.6	1
-06.76244	 107.05963	 029.2	1
-06.76244	 107.07124	 018.6	1
-06.76244	 107.08287	 031.0	1
-06.76244	 107.09449	 025.7	1
-06.76244	 107.10610	 012.9	1
-06.76244	 107.11773	 030.5	1
-06.76244	 107.12935	 030.6	1
-06.76244	 107.14096	 029.1	1
-06.76244	 107.15259	 027.6	1
-06.76244	 107.16421	 028.2	1
-06.76244	 107.17583	 029.6	1
-06.76244	 107.18745	 030.6	1
-06.76244	 107.19907	 030.3	1
-06.76244	 107.21069	 031.3	1
-06.76244	 107.22231	 031.0	1
-06.76244	 107.23393	 031.2	1
-06.76244	 107.24554	 032.5	1
-06.76244	 107.25716	 033.1	1
-06.76244	 107.26878	 033.8	1
-06.76244	 107.28040	 034.0	1
-06.76244	 107.29202	 030.9	1
-06.76244	 107.30364	 036.1	1
-06.76244	 107.31526	 036.1	1
-06.76244	 107.32688	 037.8	1
-06.76244	 107.33850	 037.8	1
-06.76244	 107.35012	 037.7	1
-06.76244	 107.36175	 039.5	1
-06.76244	 107.37336	 038.6	1
-06.76244	 107.38498	 034.4	1
-06.76244	 107.39660	 039.7	1
-06.76244	 107.40822	 029.3	1
-06.76244	 107.41983	 036.5	1
-06.76244	 107.43146	 038.9	1
-06.76244	 107.44307	 036.0	1
-06.76244	 107.45470	 034.6	1
-06.76244	 107.46632	 039.8	1
-06.76244	 107.47794	 036.5	1
-06.76244	 107.48955	 035.6	1
-06.76244	 107.50117	 039.5	1
-06.76244	 107.51279	 035.1	1
-06.76244	 107.52441	 037.7	1
-06.76244	 107.53603	 023.4	1
-06.76244	 107.54765	 035.9	1
-06.76244	 107.55927	 033.8	1
-06.76244	 107.57089	 033.6	1
-06.76244	 107.58251	 024.9	1
-06.76244	 107.59412	 035.5	1
-06.76244	 107.60575	 034.8	1
-06.76244	 107.61737	 034.7	1
-06.76244	 107.62900	 034.2	1
-06.76244	 107.64061	 025.9	1
-06.76244	 107.65222	 029.8	1
-06.76244	 107.66385	 026.1	1
-06.76244	 107.67547	 006.2	1
-06.76244	 107.68709	 032.6	1
-06.76244	 107.69870	 023.5	1
-06.76244	 107.71033	 025.2	1
-06.76244	 107.72195	-024.3	1
-06.76244	 107.73356	-029.4	1
-06.76244	 107.74518	-026.1	1
-06.76244	 107.75680	-015.5	1
-06.76244	 107.76842	-017.5	1
-06.76244	 107.78004	-003.2	1
-06.76244	 107.79166	-016.4	1
-06.76244	 107.80328	-019.7	1
-06.76244	 107.81490	-019.4	1
-06.76244	 107.82652	-022.1	1
-06.76244	 107.83814	-024.8	1
-06.76244	 107.84976	-023.0	1
-06.76244	 107.86137	-027.2	1
-06.76244	 107.87299	-028.8	1
-06.76244	 107.88462	-030.4	1
-06.76244	 107.89623	-030.8	1
-06.76244	 107.90785	-030.0	1
-06.76244	 107.91948	-028.7	1
-06.76244	 107.93110	-025.2	1
-06.76244	 107.94271	-022.6	1
-06.76244	 107.95433	-014.7	1
-06.76244	 107.96596	-018.0	1
-06.76244	 107.97758	-025.3	1
-06.76244	 107.98920	-032.1	1
-06.76244	 108.00082	-034.4	1
-06.76244	 108.01244	-036.6	1
-06.76244	 108.02405	-039.3	1
-06.76244	 108.03568	-044.1	1
-06.76244	 108.04729	-045.6	1
-06.76244	 108.05891	-046.0	1
-06.76244	 108.07052	-046.7	1
-06.76244	 108.08215	-047.2	1
-06.76244	 108.09377	-047.3	1
-06.76244	 108.10538	-047.6	1
-06.76244	 108.11700	-047.7	1
-06.76244	 108.12862	-047.9	1
-06.76244	 108.14025	-047.9	1
-06.76244	 108.15186	-048.1	1
-06.76244	 108.16349	-048.1	1
-06.76244	 108.17511	-048.4	1
-06.76244	 108.18672	-049.8	1
-06.76244	 108.19836	-050.3	1
-06.76244	 108.20996	-050.5	1
-06.76244	 108.22159	-050.9	1
-06.76244	 108.23320	-051.2	1
-06.76244	 108.24483	-051.7	1
-06.76244	 108.25644	-052.0	1
-06.76244	 108.26806	-052.4	1
-06.76244	 108.27968	-052.8	1
-06.76244	 108.29131	-053.1	1
-06.76244	 108.30292	-053.5	1
-06.76244	 108.31453	-053.7	1
-06.76244	 108.32616	-054.0	1
-06.76244	 108.33778	-054.3	1
-06.76244	 108.34940	-054.4	1
-06.76244	 108.36101	-054.4	1
-06.76244	 108.37264	-053.7	1
-06.76244	 108.38425	-053.3	1
-06.76244	 108.39587	-054.1	1
-06.76244	 108.40750	-054.7	1
-06.76244	 108.41912	-054.8	1
-06.76244	 108.43073	-054.7	1
-06.76244	 108.44234	-054.6	1
-06.76244	 108.45397	-054.7	1
-06.76244	 108.46559	-054.6	1
-06.76244	 108.47721	-054.4	1
-06.76244	 108.48884	-054.1	1
-06.76244	 108.50045	-054.0	1
-06.76244	 108.51208	-053.7	1
-06.76244	 108.52369	-053.4	1
-06.76244	 108.53532	-053.2	1
-06.76244	 108.54693	-053.0	1
-06.76244	 108.55856	-052.9	1
-06.77398	 106.21140	-049.9	1
-06.77398	 106.22301	-050.1	1
-06.77398	 106.23465	-050.2	1
-06.77398	 106.24626	-050.7	1
-06.77398	 106.25789	-050.5	1
-06.77398	 106.26950	-050.3	1
-06.77398	 106.28113	-050.1	1
-06.77398	 106.29272	-049.7	1
-06.77398	 106.30435	-048.2	1
-06.77398	 106.31597	-049.3	1
-06.77398	 106.32759	-048.7	1
-06.77398	 106.33921	-050.0	1
-06.77398	 106.35084	-049.7	1
-06.77398	 106.36246	-049.6	1
-06.77398	 106.37408	-048.6	1
-06.77398	 106.38570	-047.2	1
-06.77398	 106.39732	-047.0	1
-06.77398	 106.40894	-048.2	1
-06.77398	 106.42055	-048.8	1
-06.77398	 106.43217	-048.6	1
-06.77398	 106.44379	-048.9	1
-06.77398	 106.45540	-047.0	1
-06.77398	 106.46703	-047.3	1
-06.77398	 106.47865	-046.8	1
-06.77398	 106.49026	-047.9	1
-06.77398	 106.50189	-046.7	1
-06.77398	 106.51350	-045.5	1
-06.77398	 106.52512	-044.9	1
-06.77398	 106.53674	-047.4	1
-06.77398	 106.54836	-048.8	1
-06.77398	 106.55999	-048.7	1
-06.77398	 106.57160	-050.0	1
-06.77398	 106.58323	-051.1	1
-06.77398	 106.59485	-052.0	1
-06.77398	 106.60646	-052.0	1
-06.77398	 106.61809	-052.7	1
-06.77398	 106.62971	-052.8	1
-06.77398	 106.64133	-052.7	1
-06.77398	 106.65294	-052.4	1
-06.77398	 106.66457	-052.1	1
-06.77398	 106.67618	-050.3	1
-06.77398	 106.68780	-053.4	1
-06.77398	 106.69942	-053.6	1
-06.77398	 106.71104	-055.4	1
-06.77398	 106.72266	-056.9	1
-06.77398	 106.73428	-057.5	1
-06.77398	 106.74590	-058.4	1
-06.77398	 106.75752	-058.6	1
-06.77398	 106.76913	-058.8	1
-06.77398	 106.78075	-058.8	1
-06.77398	 106.79237	-058.5	1
-06.77398	 106.80399	-057.7	1
-06.77398	 106.81561	-057.5	1
-06.77398	 106.82722	-057.3	1
-06.77398	 106.83887	-057.2	1
-06.77398	 106.85048	-055.3	1
-06.77398	 106.86209	-055.0	1
-06.77398	 106.87371	-054.4	1
-06.77398	 106.88533	-051.2	1
-06.77398	 106.89695	-049.6	1
-06.77398	 106.90857	-042.5	1
-06.77398	 106.92019	 023.3	1
-06.77398	 106.93181	 023.9	1
-06.77398	 106.94344	 028.6	1
-06.77398	 106.95506	 025.4	1
-06.77398	 106.96666	 029.0	1
-06.77398	 106.97829	 027.3	1
-06.77398	 106.98991	 015.7	1
-06.77398	 107.00153	 029.0	1
-06.77398	 107.01314	 016.4	1
-06.77398	 107.02477	 031.1	1
-06.77398	 107.03639	 028.5	1
-06.77398	 107.04800	 029.1	1
-06.77398	 107.05962	 027.1	1
-06.77398	 107.07124	 010.0	1
-06.77398	 107.08286	 023.2	1
-06.77398	 107.09448	 028.7	1
-06.77398	 107.10610	 029.9	1
-06.77398	 107.11772	 030.1	1
-06.77398	 107.12935	 026.3	1
-06.77398	 107.14096	 030.8	1
-06.77398	 107.15258	 029.6	1
-06.77398	 107.16420	 028.4	1
-06.77398	 107.17583	 029.3	1
-06.77398	 107.18744	 030.7	1
-06.77398	 107.19905	 029.9	1
-06.77398	 107.21068	 031.0	1
-06.77398	 107.22231	 032.2	1
-06.77398	 107.23391	 032.8	1
-06.77398	 107.24553	 032.0	1
-06.77398	 107.25715	 033.8	1
-06.77398	 107.26878	 034.8	1
-06.77398	 107.28040	 034.6	1
-06.77398	 107.29202	 036.2	1
-06.77398	 107.30363	 035.2	1
-06.77398	 107.31525	 038.0	1
-06.77398	 107.32688	 038.2	1
-06.77398	 107.33849	 039.5	1
-06.77398	 107.35011	 034.9	1
-06.77398	 107.36174	 040.9	1
-06.77398	 107.37335	 041.1	1
-06.77398	 107.38496	 041.4	1
-06.77398	 107.39659	 042.6	1
-06.77398	 107.40822	 040.2	1
-06.77398	 107.41983	 043.6	1
-06.77398	 107.43145	 040.2	1
-06.77398	 107.44307	 042.6	1
-06.77398	 107.45468	 042.5	1
-06.77398	 107.46630	 037.6	1
-06.77398	 107.47793	 032.7	1
-06.77398	 107.48955	 035.4	1
-06.77398	 107.50117	 039.5	1
-06.77398	 107.51279	 036.2	1
-06.77398	 107.52441	 032.7	1
-06.77398	 107.53603	 034.8	1
-06.77398	 107.54764	 033.0	1
-06.77398	 107.55927	 026.2	1
-06.77398	 107.57088	 020.9	1
-06.77398	 107.58250	 033.7	1
-06.77398	 107.59412	 023.5	1
-06.77398	 107.60574	 026.1	1
-06.77398	 107.61736	 033.6	1
-06.77398	 107.62898	 025.2	1
-06.77398	 107.64060	 025.5	1
-06.77398	 107.65222	 028.0	1
-06.77398	 107.66383	 032.6	1
-06.77398	 107.67546	 032.9	1
-06.77398	 107.68708	 017.3	1
-06.77398	 107.69870	 021.7	1
-06.77398	 107.71032	 023.9	1
-06.77398	 107.72194	 030.8	1
-06.77398	 107.73356	 028.3	1
-06.77398	 107.74517	 029.0	1
-06.77398	 107.75680	 027.2	1
-06.77398	 107.76842	 026.0	1
-06.77398	 107.78003	 012.3	1
-06.77398	 107.79166	-006.2	1
-06.77398	 107.80328	-014.0	1
-06.77398	 107.81490	-006.4	1
-06.77398	 107.82652	-013.6	1
-06.77398	 107.83814	-019.3	1
-06.77398	 107.84975	-021.4	1
-06.77398	 107.86137	-024.5	1
-06.77398	 107.87300	-025.1	1
-06.77398	 107.88461	-026.9	1
-06.77398	 107.89623	-029.8	1
-06.77398	 107.90785	-029.4	1
-06.77398	 107.91947	-032.0	1
-06.77398	 107.93109	-030.8	1
-06.77398	 107.94271	-024.9	1
-06.77398	 107.95432	-019.8	1
-06.77398	 107.96594	-025.6	1
-06.77398	 107.97757	-032.2	1
-06.77398	 107.98917	-037.3	1
-06.77398	 108.00081	-038.4	1
-06.77398	 108.01243	-040.9	1
-06.77398	 108.02404	-043.2	1
-06.77398	 108.03568	-045.5	1
-06.77398	 108.04729	-047.7	1
-06.77398	 108.05891	-048.2	1
-06.77398	 108.07052	-049.5	1
-06.77398	 108.08215	-050.5	1
-06.77398	 108.09376	-051.1	1
-06.77398	 108.10538	-051.5	1
-06.77398	 108.11700	-052.4	1
-06.77398	 108.12862	-052.4	1
-06.77398	 108.14024	-052.7	1
-06.77398	 108.15186	-053.0	1
-06.77398	 108.16349	-053.2	1
-06.77398	 108.17509	-053.4	1
-06.77398	 108.18672	-053.7	1
-06.77398	 108.19835	-054.1	1
-06.77398	 108.20996	-054.2	1
-06.77398	 108.22158	-054.1	1
-06.77398	 108.23320	-054.1	1
-06.77398	 108.24482	-054.2	1
-06.77398	 108.25643	-054.3	1
-06.77398	 108.26806	-054.3	1
-06.77398	 108.27966	-054.4	1
-06.77398	 108.29129	-054.0	1
-06.77398	 108.30291	-053.7	1
-06.77398	 108.31453	-053.4	1
-06.77398	 108.32616	-053.0	1
-06.77398	 108.33778	-052.7	1
-06.77398	 108.34940	-052.1	1
-06.77398	 108.36100	-051.6	1
-06.77398	 108.37264	-051.3	1
-06.77398	 108.38425	-051.4	1
-06.77398	 108.39587	-051.1	1
-06.77398	 108.40750	-051.2	1
-06.77398	 108.41911	-051.2	1
-06.77398	 108.43073	-050.8	1
-06.77398	 108.44235	-050.6	1
-06.77398	 108.45396	-050.6	1
-06.77398	 108.46558	-050.5	1
-06.77398	 108.47721	-050.3	1
-06.77398	 108.48883	-050.4	1
-06.77398	 108.50044	-050.5	1
-06.77398	 108.51206	-050.3	1
-06.77398	 108.52367	-050.4	1
-06.77398	 108.53531	-050.3	1
-06.77398	 108.54692	-050.1	1
-06.77398	 108.55855	-050.0	1
-06.78552	 106.21140	-047.5	1
-06.78552	 106.22302	-047.8	1
-06.78552	 106.23465	-047.7	1
-06.78552	 106.24626	-047.8	1
-06.78552	 106.25789	-047.4	1
-06.78552	 106.26950	-047.3	1
-06.78552	 106.28113	-047.3	1
-06.78552	 106.29273	-046.7	1
-06.78552	 106.30436	-045.4	1
-06.78552	 106.31598	-045.7	1
-06.78552	 106.32760	-046.1	1
-06.78552	 106.33922	-047.7	1
-06.78552	 106.35085	-046.8	1
-06.78552	 106.36246	-046.7	1
-06.78552	 106.37407	-044.5	1
-06.78552	 106.38570	-044.7	1
-06.78552	 106.39732	-043.4	1
-06.78552	 106.40895	-044.6	1
-06.78552	 106.42056	-045.8	1
-06.78552	 106.43217	-045.8	1
-06.78552	 106.44379	-045.8	1
-06.78552	 106.45541	-043.9	1
-06.78552	 106.46704	-043.7	1
-06.78552	 106.47865	-044.3	1
-06.78552	 106.49028	-044.5	1
-06.78552	 106.50189	-043.4	1
-06.78552	 106.51352	-042.0	1
-06.78552	 106.52513	-042.6	1
-06.78552	 106.53675	-043.6	1
-06.78552	 106.54837	-043.8	1
-06.78552	 106.56000	-044.2	1
-06.78552	 106.57161	-045.5	1
-06.78552	 106.58324	-046.4	1
-06.78552	 106.59485	-047.2	1
-06.78552	 106.60647	-048.1	1
-06.78552	 106.61809	-047.5	1
-06.78552	 106.62971	-048.4	1
-06.78552	 106.64133	-048.3	1
-06.78552	 106.65295	-047.8	1
-06.78552	 106.66457	-047.5	1
-06.78552	 106.67619	-046.0	1
-06.78551	 106.68781	-047.7	1
-06.78552	 106.69942	-049.7	1
-06.78552	 106.71104	-050.4	1
-06.78552	 106.72267	-051.2	1
-06.78552	 106.73428	-052.0	1
-06.78552	 106.74591	-052.6	1
-06.78552	 106.75753	-053.5	1
-06.78552	 106.76913	-054.3	1
-06.78552	 106.78076	-054.9	1
-06.78552	 106.79238	-054.9	1
-06.78552	 106.80400	-055.3	1
-06.78552	 106.81563	-055.1	1
-06.78552	 106.82724	-054.6	1
-06.78552	 106.83887	-054.0	1
-06.78552	 106.85048	-053.9	1
-06.78552	 106.86210	-053.8	1
-06.78552	 106.87372	-051.3	1
-06.78552	 106.88535	-050.0	1
-06.78552	 106.89697	-046.5	1
-06.78552	 106.90858	-041.0	1
-06.78552	 106.92020	-022.7	1
-06.78552	 106.93181	 023.1	1
-06.78552	 106.94344	 023.1	1
-06.78552	 106.95506	 029.0	1
-06.78552	 106.96667	 020.4	1
-06.78552	 106.97829	 030.1	1
-06.78552	 106.98991	 030.3	1
-06.78552	 107.00154	 022.6	1
-06.78552	 107.01315	 028.2	1
-06.78552	 107.02477	 020.2	1
-06.78552	 107.03640	 031.4	1
-06.78552	 107.04801	 024.7	1
-06.78552	 107.05963	 023.3	1
-06.78552	 107.07125	 029.1	1
-06.78552	 107.08288	 021.6	1
-06.78552	 107.09448	 015.7	1
-06.78551	 107.10611	 024.2	1
-06.78552	 107.11773	 022.7	1
-06.78552	 107.12935	 027.7	1
-06.78552	 107.14097	 029.5	1
-06.78552	 107.15258	 028.8	1
-06.78552	 107.16422	 029.5	1
-06.78552	 107.17583	 029.0	1
-06.78552	 107.18745	 030.8	1
-06.78552	 107.19906	 031.0	1
-06.78552	 107.21068	 030.9	1
-06.78552	 107.22231	 032.3	1
-06.78552	 107.23392	 032.2	1
-06.78552	 107.24554	 032.6	1
-06.78552	 107.25716	 033.3	1
-06.78552	 107.26878	 034.0	1
-06.78552	 107.28040	 034.3	1
-06.78552	 107.29202	 035.4	1
-06.78552	 107.30364	 036.0	1
-06.78552	 107.31526	 037.0	1
-06.78552	 107.32688	 038.2	1
-06.78551	 107.33850	 040.0	1
-06.78552	 107.35013	 040.5	1
-06.78552	 107.36175	 040.2	1
-06.78552	 107.37336	 043.1	1
-06.78552	 107.38498	 043.4	1
-06.78552	 107.39660	 043.4	1
-06.78552	 107.40822	 030.5	1
-06.78552	 107.41985	 041.8	1
-06.78552	 107.43146	 045.8	1
-06.78552	 107.44308	 044.6	1
-06.78552	 107.45469	 043.5	1
-06.78552	 107.46632	 041.5	1
-06.78552	 107.47794	 041.5	1
-06.78552	 107.48955	 040.5	1
-06.78552	 107.50117	 039.2	1
-06.78552	 107.51279	 039.6	1
-06.78552	 107.52441	 036.1	1
-06.78552	 107.53603	 038.3	1
-06.78552	 107.54765	 037.2	1
-06.78552	 107.55927	 037.2	1
-06.78552	 107.57088	 034.6	1
-06.78552	 107.58251	 036.2	1
-06.78552	 107.59412	 030.4	1
-06.78552	 107.60575	 031.8	1
-06.78552	 107.61737	 034.3	1
-06.78552	 107.62899	 033.1	1
-06.78552	 107.64061	 017.5	1
-06.78552	 107.65223	 017.6	1
-06.78552	 107.66385	 033.4	1
-06.78552	 107.67547	 024.3	1
-06.78552	 107.68709	 010.0	1
-06.78552	 107.69871	 029.6	1
-06.78552	 107.71033	 031.1	1
-06.78552	 107.72195	 018.3	1
-06.78552	 107.73356	 031.3	1
-06.78552	 107.74518	 030.8	1
-06.78552	 107.75681	 031.0	1
-06.78552	 107.76842	 030.8	1
-06.78552	 107.78004	 030.5	1
-06.78552	 107.79166	 030.4	1
-06.78552	 107.80328	 017.0	1
-06.78552	 107.81490	 021.1	1
-06.78552	 107.82652	 009.3	1
-06.78552	 107.83815	 000.1	1
-06.78552	 107.84975	-022.6	1
-06.78552	 107.86137	-024.4	1
-06.78552	 107.87300	-023.4	1
-06.78552	 107.88461	-032.1	1
-06.78552	 107.89623	-037.1	1
-06.78552	 107.90786	-034.7	1
-06.78552	 107.91948	-037.3	1
-06.78552	 107.93110	-037.8	1
-06.78552	 107.94272	-037.5	1
-06.78552	 107.95432	-036.8	1
-06.78552	 107.96596	-038.4	1
-06.78552	 107.97757	-041.4	1
-06.78552	 107.98919	-044.7	1
-06.78552	 108.00082	-046.3	1
-06.78552	 108.01244	-048.1	1
-06.78552	 108.02406	-050.3	1
-06.78552	 108.03568	-051.7	1
-06.78552	 108.04729	-052.5	1
-06.78552	 108.05890	-052.8	1
-06.78552	 108.07052	-052.7	1
-06.78552	 108.08215	-053.7	1
-06.78552	 108.09377	-053.9	1
-06.78552	 108.10538	-053.5	1
-06.78552	 108.11700	-053.2	1
-06.78552	 108.12862	-052.5	1
-06.78552	 108.14024	-052.1	1
-06.78552	 108.15186	-051.8	1
-06.78552	 108.16349	-051.6	1
-06.78552	 108.17510	-051.1	1
-06.78552	 108.18672	-050.7	1
-06.78552	 108.19835	-050.6	1
-06.78552	 108.20997	-050.3	1
-06.78552	 108.22159	-050.3	1
-06.78552	 108.23320	-049.9	1
-06.78552	 108.24483	-049.8	1
-06.78551	 108.25644	-049.5	1
-06.78552	 108.26806	-049.6	1
-06.78552	 108.27968	-049.4	1
-06.78552	 108.29131	-049.4	1
-06.78552	 108.30293	-049.2	1
-06.78552	 108.31454	-048.9	1
-06.78552	 108.32616	-048.7	1
-06.78552	 108.33778	-048.5	1
-06.78552	 108.34939	-048.4	1
-06.78552	 108.36102	-048.1	1
-06.78552	 108.37263	-047.9	1
-06.78552	 108.38425	-048.1	1
-06.78552	 108.39587	-046.8	1
-06.78552	 108.40750	-046.9	1
-06.78552	 108.41911	-047.3	1
-06.78552	 108.43074	-047.2	1
-06.78552	 108.44235	-047.4	1
-06.78552	 108.45397	-047.5	1
-06.78552	 108.46559	-047.2	1
-06.78552	 108.47720	-047.6	1
-06.78552	 108.48885	-047.8	1
-06.78552	 108.50045	-048.0	1
-06.78552	 108.51207	-048.2	1
-06.78552	 108.52369	-048.6	1
-06.78552	 108.53531	-049.0	1
-06.78552	 108.54694	-049.2	1
-06.78552	 108.55855	-049.7	1
-06.79705	 106.21140	-046.7	1
-06.79705	 106.22301	-047.0	1
-06.79705	 106.23464	-047.4	1
-06.79705	 106.24626	-046.8	1
-06.79705	 106.25787	-046.0	1
-06.79705	 106.26949	-046.2	1
-06.79705	 106.28112	-046.0	1
-06.79705	 106.29274	-045.9	1
-06.79705	 106.30435	-045.6	1
-06.79705	 106.31598	-045.1	1
-06.79705	 106.32761	-045.6	1
-06.79705	 106.33921	-046.0	1
-06.79705	 106.35084	-045.5	1
-06.79705	 106.36246	-043.8	1
-06.79705	 106.37407	-043.0	1
-06.79705	 106.38570	-042.6	1
-06.79705	 106.39732	-042.3	1
-06.79705	 106.40894	-041.6	1
-06.79705	 106.42056	-043.3	1
-06.79705	 106.43217	-044.5	1
-06.79705	 106.44380	-042.1	1
-06.79705	 106.45541	-041.4	1
-06.79705	 106.46703	-041.7	1
-06.79705	 106.47865	-040.6	1
-06.79705	 106.49026	-040.3	1
-06.79705	 106.50188	-039.8	1
-06.79705	 106.51352	-037.1	1
-06.79705	 106.52512	-038.1	1
-06.79705	 106.53674	-037.7	1
-06.79705	 106.54837	-038.1	1
-06.79705	 106.56000	-036.9	1
-06.79705	 106.57160	-039.5	1
-06.79705	 106.58322	-040.9	1
-06.79705	 106.59485	-041.8	1
-06.79705	 106.60646	-042.3	1
-06.79705	 106.61809	-042.4	1
-06.79705	 106.62971	-043.1	1
-06.79705	 106.64133	-043.3	1
-06.79705	 106.65294	-043.0	1
-06.79705	 106.66457	-043.2	1
-06.79705	 106.67618	-042.7	1
-06.79705	 106.68780	-043.6	1
-06.79705	 106.69942	-044.7	1
-06.79705	 106.71104	-045.6	1
-06.79705	 106.72266	-046.0	1
-06.79705	 106.73428	-046.3	1
-06.79705	 106.74590	-046.9	1
-06.79705	 106.75752	-047.3	1
-06.79705	 106.76913	-047.6	1
-06.79705	 106.78075	-047.2	1
-06.79705	 106.79239	-047.7	1
-06.79705	 106.80399	-047.3	1
-06.79705	 106.81561	-047.7	1
-06.79705	 106.82724	-046.8	1
-06.79705	 106.83885	-044.7	1
-06.79705	 106.85048	-044.3	1
-06.79705	 106.86209	-042.6	1
-06.79705	 106.87370	-040.9	1
-06.79705	 106.88533	-039.8	1
-06.79705	 106.89696	-034.8	1
-06.79705	 106.90857	-030.7	1
-06.79705	 106.92019	-019.0	1
-06.79705	 106.93181	 022.8	1
-06.79705	 106.94344	 029.1	1
-06.79705	 106.95505	 029.4	1
-06.79705	 106.96667	 026.6	1
-06.79705	 106.97829	 029.7	1
-06.79705	 106.98991	 028.9	1
-06.79705	 107.00153	 030.6	1
-06.79705	 107.01315	 028.3	1
-06.79705	 107.02476	 030.2	1
-06.79705	 107.03639	 029.6	1
-06.79705	 107.04800	 031.3	1
-06.79705	 107.05962	 031.4	1
-06.79705	 107.07124	 026.8	1
-06.79705	 107.08286	 027.4	1
-06.79705	 107.09448	 019.8	1
-06.79705	 107.10609	 026.9	1
-06.79705	 107.11772	 030.7	1
-06.79705	 107.12935	 029.6	1
-06.79705	 107.14096	 029.7	1
-06.79705	 107.15257	 030.0	1
-06.79705	 107.16420	 030.2	1
-06.79705	 107.17583	 029.2	1
-06.79705	 107.18744	 029.8	1
-06.79705	 107.19905	 031.5	1
-06.79705	 107.21068	 032.0	1
-06.79705	 107.22230	 031.8	1
-06.79705	 107.23391	 031.7	1
-06.79705	 107.24554	 033.2	1
-06.79705	 107.25716	 033.7	1
-06.79705	 107.26878	 034.7	1
-06.79705	 107.28040	 035.2	1
-06.79705	 107.29202	 035.4	1
-06.79705	 107.30363	 036.3	1
-06.79705	 107.31525	 038.5	1
-06.79705	 107.32688	 038.9	1
-06.79705	 107.33849	 040.6	1
-06.79705	 107.35011	 041.5	1
-06.79705	 107.36173	 043.3	1
-06.79705	 107.37335	 045.2	1
-06.79705	 107.38497	 044.4	1
-06.79705	 107.39658	 044.8	1
-06.79705	 107.40822	 043.1	1
-06.79705	 107.41983	 043.8	1
-06.79705	 107.43145	 038.8	1
-06.79705	 107.44307	 045.0	1
-06.79705	 107.45468	 043.5	1
-06.79705	 107.46631	 037.6	1
-06.79705	 107.47793	 041.7	1
-06.79705	 107.48956	 038.9	1
-06.79705	 107.50117	 035.1	1
-06.79705	 107.51279	 039.8	1
-06.79705	 107.52441	 026.4	1
-06.79705	 107.53603	 029.8	1
-06.79705	 107.54765	 032.1	1
-06.79705	 107.55927	 024.5	1
-06.79705	 107.57088	 034.5	1
-06.79705	 107.58250	 023.8	1
-06.79705	 107.59412	 035.0	1
-06.79705	 107.60574	 033.2	1
-06.79705	 107.61736	 023.8	1
-06.79705	 107.62898	 022.8	1
-06.79705	 107.64060	 033.8	1
-06.79705	 107.65222	 031.8	1
-06.79705	 107.66384	 032.3	1
-06.79705	 107.67545	 032.8	1
-06.79705	 107.68709	 026.3	1
-06.79705	 107.69870	 025.9	1
-06.79705	 107.71033	 031.1	1
-06.79705	 107.72194	 031.2	1
-06.79705	 107.73355	 024.6	1
-06.79705	 107.74517	 030.4	1
-06.79705	 107.75680	 018.1	1
-06.79705	 107.76842	 029.8	1
-06.79705	 107.78004	 029.7	1
-06.79705	 107.79165	-005.7	1
-06.79705	 107.80327	 010.9	1
-06.79705	 107.81489	 023.2	1
-06.79705	 107.82651	 020.4	1
-06.79705	 107.83813	-015.5	1
-06.79705	 107.84975	-028.4	1
-06.79705	 107.86137	-033.2	1
-06.79705	 107.87299	-035.5	1
-06.79705	 107.88461	-043.2	1
-06.79705	 107.89622	-046.3	1
-06.79705	 107.90784	-045.1	1
-06.79705	 107.91946	-044.8	1
-06.79705	 107.93109	-043.1	1
-06.79705	 107.94270	-043.3	1
-06.79705	 107.95432	-042.1	1
-06.79705	 107.96595	-040.9	1
-06.79705	 107.97757	-040.1	1
-06.79705	 107.98918	-042.2	1
-06.79705	 108.00081	-042.3	1
-06.79705	 108.01242	-043.1	1
-06.79705	 108.02405	-044.6	1
-06.79705	 108.03568	-046.2	1
-06.79705	 108.04729	-046.6	1
-06.79705	 108.05890	-046.8	1
-06.79705	 108.07052	-047.4	1
-06.79705	 108.08215	-047.4	1
-06.79705	 108.09377	-047.6	1
-06.79705	 108.10538	-047.2	1
-06.79705	 108.11700	-047.1	1
-06.79705	 108.12862	-047.1	1
-06.79705	 108.14024	-045.8	1
-06.79705	 108.15186	-045.9	1
-06.79705	 108.16349	-045.8	1
-06.79705	 108.17511	-045.8	1
-06.79705	 108.18672	-045.9	1
-06.79705	 108.19834	-045.9	1
-06.79705	 108.20996	-045.8	1
-06.79705	 108.22158	-045.9	1
-06.79705	 108.23319	-046.2	1
-06.79705	 108.24481	-046.0	1
-06.79705	 108.25643	-046.0	1
-06.79705	 108.26805	-046.3	1
-06.79705	 108.27966	-046.4	1
-06.79705	 108.29129	-046.4	1
-06.79705	 108.30292	-046.2	1
-06.79705	 108.31454	-046.3	1
-06.79705	 108.32616	-046.1	1
-06.79705	 108.33778	-046.0	1
-06.79705	 108.34939	-045.9	1
-06.79705	 108.36101	-045.3	1
-06.79705	 108.37263	-045.3	1
-06.79705	 108.38425	-045.5	1
-06.79705	 108.39586	-045.0	1
-06.79705	 108.40749	-043.1	1
-06.79705	 108.41911	-043.1	1
-06.79705	 108.43073	-043.6	1
-06.79705	 108.44235	-044.0	1
-06.79705	 108.45396	-044.2	1
-06.79705	 108.46558	-044.5	1
-06.79705	 108.47720	-044.9	1
-06.79705	 108.48883	-045.0	1
-06.79705	 108.50044	-045.3	1
-06.79705	 108.51206	-045.7	1
-06.79705	 108.52367	-046.0	1
-06.79705	 108.53531	-046.6	1
-06.79705	 108.54693	-046.6	1
-06.79705	 108.55854	-047.0	1
-06.80859	 106.21141	-045.0	1
-06.80859	 106.22302	-045.8	1
-06.80859	 106.23465	-045.0	1
-06.80859	 106.24626	-044.8	1
-06.80859	 106.25789	-044.7	1
-06.80859	 106.26950	-044.0	1
-06.80859	 106.28113	-044.1	1
-06.80859	 106.29274	-044.4	1
-06.80859	 106.30436	-043.3	1
-06.80859	 106.31598	-044.0	1
-06.80859	 106.32760	-043.6	1
-06.80859	 106.33922	-043.5	1
-06.80859	 106.35085	-042.1	1
-06.80859	 106.36246	-040.8	1
-06.80859	 106.37408	-040.9	1
-06.80859	 106.38570	-040.3	1
-06.80859	 106.39732	-039.9	1
-06.80859	 106.40894	-039.9	1
-06.80859	 106.42056	-041.5	1
-06.80859	 106.43217	-042.4	1
-06.80859	 106.44380	-041.0	1
-06.80859	 106.45541	-039.9	1
-06.80859	 106.46703	-036.6	1
-06.80859	 106.47865	-035.8	1
-06.80859	 106.49028	-035.8	1
-06.80859	 106.50189	-035.2	1
-06.80859	 106.51352	-033.9	1
-06.80859	 106.52514	-033.1	1
-06.80859	 106.53676	-032.6	1
-06.80859	 106.54837	-032.5	1
-06.80859	 106.56000	-031.4	1
-06.80859	 106.57160	-034.1	1
-06.80859	 106.58324	-035.8	1
-06.80859	 106.59485	-036.9	1
-06.80859	 106.60646	-038.2	1
-06.80859	 106.61809	-039.6	1
-06.80859	 106.62970	-038.7	1
-06.80859	 106.64133	-039.6	1
-06.80859	 106.65295	-038.5	1
-06.80859	 106.66457	-038.6	1
-06.80859	 106.67619	-038.6	1
-06.80859	 106.68781	-039.0	1
-06.80859	 106.69942	-039.8	1
-06.80859	 106.71105	-040.1	1
-06.80859	 106.72267	-040.7	1
-06.80859	 106.73428	-040.9	1
-06.80859	 106.74590	-040.7	1
-06.80859	 106.75754	-040.6	1
-06.80859	 106.76915	-040.6	1
-06.80859	 106.78076	-041.0	1
-06.80859	 106.79239	-039.3	1
-06.80859	 106.80400	-039.2	1
-06.80859	 106.81562	-037.7	1
-06.80859	 106.82724	-034.0	1
-06.80859	 106.83886	-034.2	1
-06.80859	 106.85048	-031.8	1
-06.80859	 106.86210	-029.5	1
-06.80859	 106.87371	-022.5	1
-06.80859	 106.88533	-005.7	1
-06.80859	 106.89696	 023.4	1
-06.80859	 106.90857	 023.5	1
-06.80859	 106.92020	 023.8	1
-06.80859	 106.93182	 022.4	1
-06.80859	 106.94344	 007.3	1
-06.80859	 106.95506	 028.0	1
-06.80859	 106.96667	 025.1	1
-06.80859	 106.97829	 026.9	1
-06.80859	 106.98991	 019.1	1
-06.80859	 107.00154	 026.8	1
-06.80859	 107.01315	 027.5	1
-06.80859	 107.02477	 011.9	1
-06.80859	 107.03640	 001.7	1
-06.80859	 107.04801	 031.5	1
-06.80859	 107.05963	 032.1	1
-06.80859	 107.07125	 029.8	1
-06.80859	 107.08288	 015.2	1
-06.80859	 107.09449	 030.2	1
-06.80859	 107.10610	 021.0	1
-06.80859	 107.11773	 029.9	1
-06.80859	 107.12935	 030.4	1
-06.80859	 107.14096	 025.4	1
-06.80859	 107.15258	 030.7	1
-06.80859	 107.16420	 030.6	1
-06.80859	 107.17583	 029.2	1
-06.80859	 107.18744	 029.5	1
-06.80859	 107.19907	 031.5	1
-06.80859	 107.21069	 030.6	1
-06.80859	 107.22231	 032.8	1
-06.80859	 107.23392	 031.7	1
-06.80859	 107.24554	 033.9	1
-06.80859	 107.25716	 033.9	1
-06.80859	 107.26878	 035.5	1
-06.80859	 107.28041	 035.1	1
-06.80859	 107.29202	 036.6	1
-06.80859	 107.30364	 036.8	1
-06.80859	 107.31526	 038.9	1
-06.80859	 107.32688	 039.3	1
-06.80859	 107.33849	 042.0	1
-06.80859	 107.35012	 043.7	1
-06.80859	 107.36174	 044.9	1
-06.80859	 107.37336	 047.8	1
-06.80859	 107.38497	 048.6	1
-06.80859	 107.39659	 047.8	1
-06.80859	 107.40822	 049.8	1
-06.80859	 107.41984	 049.4	1
-06.80859	 107.43145	 027.3	1
-06.80859	 107.44308	 032.5	1
-06.80859	 107.45470	 042.8	1
-06.80859	 107.46632	 031.0	1
-06.80859	 107.47794	 040.4	1
-06.80859	 107.48956	 040.7	1
-06.80859	 107.50117	 015.4	1
-06.80859	 107.51279	 034.1	1
-06.80859	 107.52441	 036.9	1
-06.80859	 107.53603	 035.1	1
-06.80859	 107.54765	 033.9	1
-06.80859	 107.55927	 020.1	1
-06.80859	 107.57089	 021.9	1
-06.80859	 107.58251	 025.6	1
-06.80859	 107.59413	 019.5	1
-06.80859	 107.60575	 031.5	1
-06.80859	 107.61737	 015.5	1
-06.80859	 107.62899	 030.5	1
-06.80859	 107.64061	 004.4	1
-06.80859	 107.65223	 033.3	1
-06.80859	 107.66384	 032.9	1
-06.80859	 107.67547	 033.0	1
-06.80859	 107.68709	 028.9	1
-06.80859	 107.69870	 030.4	1
-06.80859	 107.71033	 031.3	1
-06.80859	 107.72195	 031.7	1
-06.80859	 107.73357	 031.2	1
-06.80859	 107.74518	-004.7	1
-06.80859	 107.75681	 027.5	1
-06.80859	 107.76842	 015.7	1
-06.80859	 107.78004	 028.2	1
-06.80859	 107.79166	 028.0	1
-06.80859	 107.80328	 028.3	1
-06.80859	 107.81490	 024.5	1
-06.80859	 107.82652	 029.6	1
-06.80859	 107.83814	 028.7	1
-06.80859	 107.84976	-023.0	1
-06.80859	 107.86137	-012.5	1
-06.80859	 107.87300	-002.0	1
-06.80859	 107.88462	-015.5	1
-06.80859	 107.89623	-026.4	1
-06.80859	 107.90785	-028.5	1
-06.80859	 107.91948	-028.2	1
-06.80859	 107.93111	-029.0	1
-06.80859	 107.94271	-030.6	1
-06.80859	 107.95432	-031.8	1
-06.80859	 107.96596	-032.3	1
-06.80859	 107.97758	-033.5	1
-06.80859	 107.98918	-034.9	1
-06.80859	 108.00082	-035.6	1
-06.80859	 108.01244	-037.8	1
-06.80859	 108.02406	-039.7	1
-06.80859	 108.03568	-040.2	1
-06.80859	 108.04729	-039.7	1
-06.80859	 108.05891	-039.9	1
-06.80859	 108.07052	-039.3	1
-06.80859	 108.08215	-040.9	1
-06.80859	 108.09377	-041.1	1
-06.80859	 108.10539	-041.8	1
-06.80859	 108.11700	-041.8	1
-06.80859	 108.12863	-041.5	1
-06.80859	 108.14025	-041.9	1
-06.80859	 108.15186	-042.4	1
-06.80859	 108.16348	-042.5	1
-06.80859	 108.17510	-042.7	1
-06.80859	 108.18672	-042.8	1
-06.80859	 108.19835	-042.8	1
-06.80859	 108.20997	-042.9	1
-06.80859	 108.22158	-043.0	1
-06.80859	 108.23320	-043.4	1
-06.80859	 108.24483	-043.2	1
-06.80859	 108.25645	-043.6	1
-06.80859	 108.26806	-043.7	1
-06.80859	 108.27968	-043.7	1
-06.80859	 108.29130	-043.4	1
-06.80859	 108.30292	-043.2	1
-06.80859	 108.31454	-042.9	1
-06.80859	 108.32616	-043.2	1
-06.80859	 108.33778	-042.9	1
-06.80859	 108.34940	-043.2	1
-06.80859	 108.36102	-042.7	1
-06.80859	 108.37264	-046.5	1
-06.80859	 108.38426	-046.4	1
-06.80859	 108.39588	-046.8	1
-06.80859	 108.40749	-046.4	1
-06.80859	 108.41911	-046.9	1
-06.80859	 108.43073	-047.7	1
-06.80859	 108.44235	-048.1	1
-06.80859	 108.45397	-048.2	1
-06.80859	 108.46560	-048.7	1
-06.80859	 108.47721	-048.8	1
-06.80859	 108.48883	-048.9	1
-06.80859	 108.50046	-049.2	1
-06.80859	 108.51208	-049.2	1
-06.80859	 108.52369	-049.5	1
-06.80859	 108.53532	-049.7	1
-06.80859	 108.54693	-049.7	1
-06.80859	 108.55855	-049.8	1
-06.82013	 106.21140	-042.8	1
-06.82013	 106.22301	-045.2	1
-06.82013	 106.23465	-044.5	1
-06.82013	 106.24626	-042.7	1
-06.82013	 106.25787	-042.4	1
-06.82013	 106.26949	-041.7	1
-06.82013	 106.28112	-044.2	1
-06.82013	 106.29272	-041.3	1
-06.82013	 106.30435	-041.7	1
-06.82013	 106.31598	-042.3	1
-06.82013	 106.32759	-041.5	1
-06.82013	 106.33921	-040.8	1
-06.82013	 106.35084	-038.7	1
-06.82013	 106.36246	-038.1	1
-06.82013	 106.37407	-038.3	1
-06.82013	 106.38570	-038.0	1
-06.82013	 106.39731	-037.6	1
-06.82013	 106.40894	-036.3	1
-06.82013	 106.42055	-037.8	1
-06.82013	 106.43217	-039.4	1
-06.82013	 106.44379	-037.8	1
-06.82013	 106.45541	-036.7	1
-06.82013	 106.46703	-036.0	1
-06.82013	 106.47865	-035.8	1
-06.82013	 106.49026	-034.4	1
-06.82013	 106.50188	-031.3	1
-06.82013	 106.51351	-030.0	1
-06.82013	 106.52513	-028.6	1
-06.82013	 106.53675	-026.8	1
-06.82013	 106.54836	-023.9	1
-06.82013	 106.55999	-023.5	1
-06.82013	 106.57159	-028.0	1
-06.82013	 106.58322	-028.9	1
-06.82013	 106.59484	-031.1	1
-06.82013	 106.60646	-033.5	1
-06.82013	 106.61808	-035.6	1
-06.82013	 106.62971	-034.8	1
-06.82013	 106.64132	-035.0	1
-06.82013	 106.65294	-034.2	1
-06.82013	 106.66457	-033.9	1
-06.82013	 106.67619	-034.0	1
-06.82013	 106.68781	-033.7	1
-06.82013	 106.69942	-033.9	1
-06.82013	 106.71104	-035.1	1
-06.82013	 106.72266	-034.9	1
-06.82013	 106.73427	-034.4	1
-06.82013	 106.74590	-034.9	1
-06.82013	 106.75752	-034.6	1
-06.82013	 106.76913	-034.4	1
-06.82013	 106.78075	-033.0	1
-06.82013	 106.79237	-031.1	1
-06.82013	 106.80400	-030.5	1
-06.82013	 106.81561	-028.4	1
-06.82013	 106.82724	-024.7	1
-06.82013	 106.83885	-021.2	1
-06.82013	 106.85048	-020.1	1
-06.82013	 106.86209	 022.7	1
-06.82013	 106.87372	 021.4	1
-06.82013	 106.88533	 021.6	1
-06.82013	 106.89696	 023.3	1
-06.82013	 106.90857	 022.8	1
-06.82013	 106.92018	 029.1	1
-06.82013	 106.93181	 028.5	1
-06.82013	 106.94344	 028.0	1
-06.82013	 106.95506	 019.0	1
-06.82013	 106.96667	 022.9	1
-06.82013	 106.97829	 016.6	1
-06.82013	 106.98991	 021.2	1
-06.82013	 107.00153	 021.1	1
-06.82013	 107.01314	 030.9	1
-06.82013	 107.02477	 028.6	1
-06.82013	 107.03639	 015.3	1
-06.82013	 107.04800	 029.7	1
-06.82013	 107.05962	 030.8	1
-06.82013	 107.07124	 028.9	1
-06.82013	 107.08286	 021.6	1
-06.82013	 107.09448	 014.5	1
-06.82013	 107.10610	 028.7	1
-06.82013	 107.11772	 028.5	1
-06.82013	 107.12935	 027.7	1
-06.82013	 107.14096	 027.3	1
-06.82013	 107.15258	 031.1	1
-06.82013	 107.16420	 029.9	1
-06.82013	 107.17583	 031.0	1
-06.82013	 107.18744	 031.2	1
-06.82013	 107.19905	 030.0	1
-06.82013	 107.21068	 031.8	1
-06.82013	 107.22231	 032.6	1
-06.82013	 107.23391	 033.1	1
-06.82013	 107.24553	 033.2	1
-06.82013	 107.25716	 033.1	1
-06.82013	 107.26878	 033.9	1
-06.82013	 107.28040	 035.5	1
-06.82013	 107.29201	 036.7	1
-06.82013	 107.30363	 038.2	1
-06.82013	 107.31525	 039.2	1
-06.82013	 107.32688	 040.7	1
-06.82013	 107.33849	 042.2	1
-06.82013	 107.35011	 045.1	1
-06.82013	 107.36173	 047.7	1
-06.82013	 107.37335	 050.0	1
-06.82013	 107.38496	 050.9	1
-06.82013	 107.39659	 049.8	1
-06.82013	 107.40821	 047.5	1
-06.82013	 107.41984	 047.7	1
-06.82013	 107.43145	 048.2	1
-06.82013	 107.44307	 041.7	1
-06.82013	 107.45469	 037.5	1
-06.82013	 107.46631	 037.3	1
-06.82013	 107.47793	 041.6	1
-06.82013	 107.48955	 041.5	1
-06.82013	 107.50117	 018.6	1
-06.82013	 107.51279	 033.6	1
-06.82013	 107.52441	 035.2	1
-06.82013	 107.53602	 034.0	1
-06.82013	 107.54765	 036.3	1
-06.82013	 107.55926	 025.0	1
-06.82013	 107.57088	 034.6	1
-06.82013	 107.58250	 036.1	1
-06.82013	 107.59412	 010.6	1
-06.82013	 107.60574	 034.0	1
-06.82013	 107.61736	 034.8	1
-06.82013	 107.62898	 033.1	1
-06.82013	 107.64061	 033.2	1
-06.82013	 107.65222	 032.3	1
-06.82013	 107.66383	 028.9	1
-06.82013	 107.67546	 030.8	1
-06.82013	 107.68708	 032.0	1
-06.82013	 107.69870	 025.4	1
-06.82013	 107.71033	 024.2	1
-06.82013	 107.72194	 026.6	1
-06.82013	 107.73355	 031.2	1
-06.82013	 107.74518	 028.9	1
-06.82013	 107.75680	 023.8	1
-06.82013	 107.76842	 023.5	1
-06.82013	 107.78003	 030.5	1
-06.82013	 107.79166	 027.0	1
-06.82013	 107.80328	 027.9	1
-06.82013	 107.81490	 022.9	1
-06.82013	 107.82652	 018.8	1
-06.82013	 107.83813	-017.3	1
-06.82013	 107.84975	-018.2	1
-06.82013	 107.86137	-007.3	1
-06.82013	 107.87300	-022.2	1
-06.82013	 107.88461	-024.7	1
-06.82013	 107.89623	-032.3	1
-06.82013	 107.90784	-034.6	1
-06.82013	 107.91948	-036.3	1
-06.82013	 107.93109	-036.8	1
-06.82013	 107.94270	-038.0	1
-06.82013	 107.95432	-039.2	1
-06.82013	 107.96595	-039.7	1
-06.82013	 107.97756	-040.5	1
-06.82013	 107.98918	-042.2	1
-06.82013	 108.00081	-043.7	1
-06.82013	 108.01242	-045.0	1
-06.82013	 108.02404	-045.5	1
-06.82013	 108.03567	-045.7	1
-06.82013	 108.04729	-044.7	1
-06.82013	 108.05890	-044.5	1
-06.82013	 108.07052	-047.2	1
-06.82013	 108.08214	-047.1	1
-06.82013	 108.09377	-047.8	1
-06.82013	 108.10538	-049.0	1
-06.82013	 108.11700	-049.0	1
-06.82013	 108.12862	-049.2	1
-06.82013	 108.14024	-049.3	1
-06.82013	 108.15186	-049.4	1
-06.82013	 108.16348	-044.4	1
-06.82013	 108.17510	-044.6	1
-06.82013	 108.18672	-044.7	1
-06.82013	 108.19834	-044.5	1
-06.82013	 108.20997	-044.7	1
-06.82013	 108.22158	-044.6	1
-06.82013	 108.23320	-044.7	1
-06.82013	 108.24482	-044.8	1
-06.82013	 108.25644	-044.9	1
-06.82013	 108.26806	-044.9	1
-06.82013	 108.27968	-044.9	1
-06.82013	 108.29130	-044.8	1
-06.82013	 108.30291	-044.1	1
-06.82013	 108.31453	-043.7	1
-06.82013	 108.32616	-043.8	1
-06.82013	 108.33778	-043.3	1
-06.82013	 108.34939	-043.1	1
-06.82013	 108.36100	-043.0	1
-06.82013	 108.37263	-042.5	1
-06.82013	 108.38425	-042.5	1
-06.82013	 108.39587	-042.8	1
-06.82013	 108.40749	-043.1	1
-06.82013	 108.41911	-043.9	1
-06.82013	 108.43073	-044.7	1
-06.82013	 108.44234	-045.6	1
-06.82013	 108.45397	-046.2	1
-06.82013	 108.46558	-046.8	1
-06.82013	 108.47720	-046.8	1
-06.82013	 108.48882	-047.2	1
-06.82013	 108.50045	-047.4	1
-06.82013	 108.51206	-047.7	1
-06.82013	 108.52368	-048.0	1
-06.82013	 108.53530	-048.3	1
-06.82013	 108.54692	-048.7	1
-06.82013	 108.55854	-048.9	1
-06.83166	 106.21141	-043.6	1
-06.83166	 106.22302	-040.4	1
-06.83166	 106.23465	-040.0	1
-06.83166	 106.24626	-039.9	1
-06.83166	 106.25789	-039.4	1
-06.83166	 106.26950	-040.1	1
-06.83166	 106.28113	-039.3	1
-06.83166	 106.29274	-039.6	1
-06.83166	 106.30437	-039.4	1
-06.83166	 106.31598	-038.0	1
-06.83166	 106.32759	-037.1	1
-06.83166	 106.33922	-035.7	1
-06.83166	 106.35084	-034.8	1
-06.83166	 106.36246	-034.9	1
-06.83166	 106.37408	-034.9	1
-06.83166	 106.38570	-033.9	1
-06.83166	 106.39732	-033.5	1
-06.83166	 106.40894	-032.9	1
-06.83166	 106.42056	-034.8	1
-06.83166	 106.43217	-036.0	1
-06.83166	 106.44380	-035.3	1
-06.83166	 106.45541	-033.7	1
-06.83166	 106.46704	-031.2	1
-06.83166	 106.47865	-028.8	1
-06.83166	 106.49026	-023.9	1
-06.83166	 106.50188	-026.1	1
-06.83166	 106.51352	-027.1	1
-06.83166	 106.52514	-025.0	1
-06.83166	 106.53676	-021.6	1
-06.83166	 106.54837	 012.0	1
-06.83166	 106.56000	 019.1	1
-06.83166	 106.57161	 014.0	1
-06.83166	 106.58324	-020.6	1
-06.83166	 106.59485	-022.6	1
-06.83166	 106.60646	-025.4	1
-06.83166	 106.61809	-028.3	1
-06.83166	 106.62970	-030.0	1
-06.83166	 106.64133	-028.8	1
-06.83166	 106.65294	-027.8	1
-06.83166	 106.66457	-026.5	1
-06.83166	 106.67619	-026.3	1
-06.83166	 106.68781	-026.9	1
-06.83166	 106.69943	-026.6	1
-06.83166	 106.71106	-026.5	1
-06.83166	 106.72267	-026.7	1
-06.83166	 106.73428	-026.8	1
-06.83166	 106.74590	-025.4	1
-06.83166	 106.75752	-025.2	1
-06.83166	 106.76914	-022.5	1
-06.83166	 106.78075	-021.4	1
-06.83166	 106.79239	-019.6	1
-06.83166	 106.80400	-016.5	1
-06.83166	 106.81562	 017.2	1
-06.83166	 106.82724	 020.2	1
-06.83166	 106.83887	 020.9	1
-06.83166	 106.85049	 022.1	1
-06.83166	 106.86209	 021.3	1
-06.83166	 106.87372	 023.1	1
-06.83166	 106.88535	 023.0	1
-06.83166	 106.89696	 018.6	1
-06.83166	 106.90858	 003.3	1
-06.83166	 106.92020	 028.6	1
-06.83166	 106.93182	 028.3	1
-06.83166	 106.94344	 029.5	1
-06.83166	 106.95506	 028.7	1
-06.83166	 106.96667	 030.0	1
-06.83166	 106.97829	 029.4	1
-06.83166	 106.98991	 016.8	1
-06.83166	 107.00154	 026.7	1
-06.83166	 107.01315	 030.9	1
-06.83166	 107.02478	 022.7	1
-06.83166	 107.03641	 022.6	1
-06.83166	 107.04800	 030.8	1
-06.83166	 107.05962	 013.7	1
-06.83166	 107.07125	 005.7	1
-06.83166	 107.08287	 025.8	1
-06.83166	 107.09449	 026.8	1
-06.83166	 107.10611	 015.9	1
-06.83166	 107.11774	 031.3	1
-06.83166	 107.12935	 025.7	1
-06.83166	 107.14097	 027.0	1
-06.83166	 107.15258	 031.7	1
-06.83166	 107.16421	 029.0	1
-06.83166	 107.17583	 032.1	1
-06.83166	 107.18744	 029.3	1
-06.83166	 107.19907	 031.6	1
-06.83166	 107.21069	 031.6	1
-06.83166	 107.22231	 033.2	1
-06.83166	 107.23392	 033.1	1
-06.83166	 107.24554	 033.5	1
-06.83166	 107.25716	 034.5	1
-06.83166	 107.26878	 034.2	1
-06.83166	 107.28040	 035.7	1
-06.83166	 107.29202	 036.0	1
-06.83166	 107.30364	 037.3	1
-06.83166	 107.31526	 038.3	1
-06.83166	 107.32687	 040.8	1
-06.83166	 107.33850	 042.4	1
-06.83166	 107.35013	 044.0	1
-06.83166	 107.36174	 048.1	1
-06.83166	 107.37335	 050.6	1
-06.83166	 107.39660	 051.5	1
-06.83166	 107.40822	 047.1	1
-06.83166	 107.41984	 034.9	1
-06.83166	 107.43145	 047.4	1
-06.83166	 107.44307	 024.8	1
-06.83166	 107.45469	 039.7	1
-06.83166	 107.46632	 041.1	1
-06.83166	 107.47794	 026.9	1
-06.83166	 107.48956	 034.2	1
-06.83166	 107.50117	 040.5	1
-06.83166	 107.51279	 035.8	1
-06.83166	 107.52441	 039.3	1
-06.83166	 107.53603	 032.8	1
-06.83166	 107.54765	 038.1	1
-06.83166	 107.55927	 034.9	1
-06.83166	 107.57089	 032.4	1
-06.83166	 107.58251	 033.9	1
-06.83166	 107.59412	 032.5	1
-06.83166	 107.60574	 034.0	1
-06.83166	 107.61737	 034.2	1
-06.83166	 107.62899	 034.6	1
-06.83166	 107.64061	 033.1	1
-06.83166	 107.65223	 033.2	1
-06.83166	 107.66384	 033.5	1
-06.83166	 107.67547	 028.1	1
-06.83166	 107.68709	 031.5	1
-06.83166	 107.69871	 031.3	1
-06.83166	 107.71033	 024.6	1
-06.83166	 107.72195	 031.9	1
-06.83166	 107.73357	 023.3	1
-06.83166	 107.74519	 021.2	1
-06.83166	 107.75681	 025.4	1
-06.83166	 107.76842	 012.7	1
-06.83166	 107.78003	 030.3	1
-06.83166	 107.79166	 027.8	1
-06.83166	 107.80328	 022.0	1
-06.83166	 107.81490	 011.9	1
-06.83166	 107.82652	-002.6	1
-06.83166	 107.83813	-008.8	1
-06.83166	 107.84975	-011.3	1
-06.83166	 107.86138	-013.5	1
-06.83166	 107.87300	-024.1	1
-06.83166	 107.88462	-029.1	1
-06.83166	 107.89623	-031.7	1
-06.83166	 107.90785	-033.1	1
-06.83166	 107.91948	-034.0	1
-06.83166	 107.93111	-035.0	1
-06.83166	 107.94272	-036.1	1
-06.83166	 107.95433	-035.2	1
-06.83166	 107.96596	-037.3	1
-06.83166	 107.97757	-038.9	1
-06.83166	 107.98918	-039.7	1
-06.83166	 108.00082	-039.9	1
-06.83166	 108.01243	-041.0	1
-06.83166	 108.02406	-041.2	1
-06.83166	 108.03568	-041.7	1
-06.83166	 108.04729	-041.3	1
-06.83166	 108.05891	-040.9	1
-06.83166	 108.07052	-041.9	1
-06.83166	 108.08215	-040.7	1
-06.83166	 108.09377	-043.0	1
-06.83166	 108.10538	-044.4	1
-06.83166	 108.11700	-044.7	1
-06.83166	 108.12863	-044.9	1
-06.83166	 108.14024	-044.2	1
-06.83166	 108.15186	-044.8	1
-06.83166	 108.16348	-045.8	1
-06.83166	 108.17510	-045.9	1
-06.83166	 108.18672	-045.3	1
-06.83166	 108.19835	-046.1	1
-06.83166	 108.20997	-046.0	1
-06.83166	 108.22159	-046.1	1
-06.83166	 108.23320	-046.0	1
-06.83166	 108.24482	-046.1	1
-06.83166	 108.25644	-046.1	1
-06.83166	 108.26806	-045.6	1
-06.83166	 108.27967	-045.4	1
-06.83166	 108.29131	-045.7	1
-06.83166	 108.30292	-045.7	1
-06.83166	 108.31453	-044.8	1
-06.83166	 108.32616	-044.6	1
-06.83166	 108.33778	-044.1	1
-06.83166	 108.34940	-044.1	1
-06.83166	 108.36102	-044.4	1
-06.83166	 108.37263	-043.5	1
-06.83166	 108.38426	-043.4	1
-06.83166	 108.39587	-043.3	1
-06.83166	 108.40750	-044.1	1
-06.83166	 108.41911	-044.9	1
-06.83166	 108.43073	-046.5	1
-06.83166	 108.44235	-047.1	1
-06.83166	 108.45398	-047.7	1
-06.83166	 108.46558	-048.3	1
-06.83166	 108.47721	-048.7	1
-06.83166	 108.48883	-049.0	1
-06.83166	 108.50044	-049.3	1
-06.83166	 108.51207	-049.6	1
-06.83166	 108.52370	-049.8	1
-06.83166	 108.53531	-050.1	1
-06.83166	 108.54693	-050.6	1
-06.83166	 108.55855	-050.4	1
-06.84320	 106.21140	-040.6	1
-06.84320	 106.22302	-039.1	1
-06.84320	 106.23465	-038.9	1
-06.84320	 106.24626	-038.6	1
-06.84320	 106.25788	-038.0	1
-06.84320	 106.26950	-038.8	1
-06.84320	 106.28113	-038.9	1
-06.84320	 106.29274	-037.3	1
-06.84320	 106.30436	-035.9	1
-06.84320	 106.31598	-036.5	1
-06.84320	 106.32759	-034.4	1
-06.84320	 106.33922	-033.7	1
-06.84320	 106.35084	-034.0	1
-06.84320	 106.36246	-033.6	1
-06.84320	 106.37408	-032.9	1
-06.84320	 106.38570	-032.1	1
-06.84320	 106.39732	-030.6	1
-06.84320	 106.40894	-029.8	1
-06.84320	 106.42056	-032.8	1
-06.84320	 106.43217	-034.0	1
-06.84320	 106.44380	-031.9	1
-06.84320	 106.45541	-029.0	1
-06.84320	 106.46703	-026.7	1
-06.84320	 106.47865	-024.9	1
-06.84320	 106.49027	-027.3	1
-06.84320	 106.50189	-026.0	1
-06.84320	 106.51351	-027.1	1
-06.84320	 106.52513	-023.0	1
-06.84320	 106.53675	-019.9	1
-06.84320	 106.54837	 019.0	1
-06.84320	 106.55999	 016.7	1
-06.84320	 106.57161	 017.6	1
-06.84320	 106.58324	 016.8	1
-06.84320	 106.59485	-013.8	1
-06.84320	 106.60646	-021.5	1
-06.84320	 106.61809	-023.5	1
-06.84320	 106.62970	-025.7	1
-06.84320	 106.64133	-026.0	1
-06.84320	 106.65294	-023.0	1
-06.84320	 106.66457	-022.3	1
-06.84320	 106.67618	-022.2	1
-06.84320	 106.68781	-021.7	1
-06.84320	 106.69942	-022.2	1
-06.84320	 106.71104	-021.3	1
-06.84320	 106.72267	-020.7	1
-06.84320	 106.73428	-020.0	1
-06.84320	 106.74590	-019.4	1
-06.84320	 106.75752	-018.0	1
-06.84320	 106.76913	-009.5	1
-06.84320	 106.78076	-012.1	1
-06.84320	 106.79238	 018.9	1
-06.84320	 106.80400	 021.6	1
-06.84320	 106.81561	 022.2	1
-06.84320	 106.82724	 020.8	1
-06.84320	 106.83886	 022.5	1
-06.84320	 106.85048	 021.2	1
-06.84320	 106.86209	 022.6	1
-06.84320	 106.87372	 023.1	1
-06.84320	 106.88533	 028.3	1
-06.84320	 106.89696	 027.7	1
-06.84320	 106.90857	 028.9	1
-06.84320	 106.92019	 025.4	1
-06.84320	 106.93181	 028.7	1
-06.84320	 106.94344	 027.2	1
-06.84320	 106.95506	 029.2	1
-06.84320	 106.96667	 022.3	1
-06.84320	 106.97829	 029.7	1
-06.84320	 106.98991	 027.5	1
-06.84320	 107.00153	 014.8	1
-06.84320	 107.01315	 030.9	1
-06.84320	 107.02477	 031.2	1
-06.84320	 107.03640	 026.4	1
-06.84320	 107.04800	 030.0	1
-06.84320	 107.05962	 019.9	1
-06.84320	 107.07124	 025.9	1
-06.84320	 107.08287	 016.8	1
-06.84320	 107.09448	 030.4	1
-06.84320	 107.10611	 032.3	1
-06.84320	 107.11773	 018.3	1
-06.84320	 107.12935	 020.9	1
-06.84320	 107.14096	 031.3	1
-06.84320	 107.15258	 032.2	1
-06.84320	 107.16420	 030.1	1
-06.84320	 107.17583	 032.4	1
-06.84320	 107.18745	 032.3	1
-06.84320	 107.19906	 029.8	1
-06.84320	 107.21068	 029.3	1
-06.84320	 107.22231	 030.7	1
-06.84320	 107.23392	 033.7	1
-06.84320	 107.24554	 032.1	1
-06.84320	 107.25716	 034.8	1
-06.84320	 107.26878	 035.3	1
-06.84320	 107.28040	 036.0	1
-06.84320	 107.29202	 037.4	1
-06.84320	 107.30363	 037.1	1
-06.84320	 107.31525	 039.9	1
-06.84320	 107.32688	 040.3	1
-06.84320	 107.33849	 042.6	1
-06.84320	 107.35011	 044.1	1
-06.84320	 107.36174	 046.0	1
-06.84320	 107.37336	 050.6	1
-06.84320	 107.38497	 051.7	1
-06.84320	 107.39659	 052.4	1
-06.84320	 107.40821	 048.0	1
-06.84320	 107.41983	 046.8	1
-06.84320	 107.43145	 046.6	1
-06.84320	 107.44307	 046.5	1
-06.84320	 107.45469	 045.1	1
-06.84320	 107.46631	 010.8	1
-06.84320	 107.47794	 036.9	1
-06.84320	 107.48955	 031.5	1
-06.84320	 107.50117	 033.6	1
-06.84320	 107.51279	 040.2	1
-06.84320	 107.52441	 003.4	1
-06.84320	 107.53603	 033.5	1
-06.84320	 107.54765	 032.8	1
-06.84320	 107.55927	 032.9	1
-06.84320	 107.57088	 020.4	1
-06.84320	 107.58250	 020.1	1
-06.84320	 107.59412	 035.4	1
-06.84320	 107.60574	 024.9	1
-06.84320	 107.61736	 025.6	1
-06.84320	 107.62899	 033.4	1
-06.84320	 107.64061	 030.7	1
-06.84320	 107.65223	 032.5	1
-06.84320	 107.66384	 033.5	1
-06.84320	 107.67546	 004.1	1
-06.84320	 107.68708	 024.9	1
-06.84320	 107.69870	 016.3	1
-06.84320	 107.71033	 017.0	1
-06.84320	 107.72195	 028.6	1
-06.84320	 107.73356	 031.3	1
-06.84320	 107.74518	 029.5	1
-06.84320	 107.75681	 030.0	1
-06.84320	 107.76842	 013.9	1
-06.84320	 107.78004	 030.4	1
-06.84320	 107.79166	 011.8	1
-06.84320	 107.80328	 000.5	1
-06.84320	 107.81490	-006.6	1
-06.84320	 107.82651	-012.8	1
-06.84320	 107.83813	-016.8	1
-06.84320	 107.84975	-019.1	1
-06.84320	 107.86137	-020.8	1
-06.84320	 107.87299	-023.7	1
-06.84320	 107.88461	-028.4	1
-06.84320	 107.89623	-031.6	1
-06.84320	 107.90785	-032.9	1
-06.84320	 107.91948	-034.0	1
-06.84320	 107.93109	-035.3	1
-06.84320	 107.94271	-036.7	1
-06.84320	 107.95433	-037.8	1
-06.84320	 107.96596	-039.0	1
-06.84320	 107.97757	-039.8	1
-06.84320	 107.98918	-039.5	1
-06.84320	 108.00082	-041.1	1
-06.84320	 108.01244	-041.4	1
-06.84320	 108.02404	-041.7	1
-06.84320	 108.03567	-042.0	1
-06.84320	 108.04729	-042.0	1
-06.84320	 108.05891	-041.9	1
-06.84320	 108.07053	-041.7	1
-06.84320	 108.08215	-043.0	1
-06.84320	 108.09377	-044.0	1
-06.84320	 108.10538	-044.0	1
-06.84320	 108.11700	-044.4	1
-06.84320	 108.12862	-044.7	1
-06.84320	 108.14024	-045.1	1
-06.84320	 108.15186	-045.9	1
-06.84320	 108.16348	-046.5	1
-06.84320	 108.17510	-046.3	1
-06.84320	 108.18672	-046.7	1
-06.84320	 108.19835	-046.0	1
-06.84320	 108.20996	-047.2	1
-06.84320	 108.22158	-047.1	1
-06.84320	 108.23320	-047.1	1
-06.84320	 108.24483	-047.1	1
-06.84320	 108.25644	-046.8	1
-06.84320	 108.26805	-046.6	1
-06.84320	 108.27967	-046.4	1
-06.84320	 108.29130	-046.4	1
-06.84320	 108.30292	-046.0	1
-06.84320	 108.31454	-046.3	1
-06.84320	 108.32616	-045.6	1
-06.84320	 108.33778	-044.8	1
-06.84320	 108.34940	-044.3	1
-06.84320	 108.36101	-044.0	1
-06.84320	 108.37263	-043.7	1
-06.84320	 108.38425	-043.4	1
-06.84320	 108.39587	-043.1	1
-06.84320	 108.40749	-044.1	1
-06.84320	 108.41911	-045.5	1
-06.84320	 108.43073	-047.2	1
-06.84320	 108.44235	-047.9	1
-06.84320	 108.45397	-048.7	1
-06.84320	 108.46558	-049.4	1
-06.84320	 108.47721	-049.8	1
-06.84320	 108.48883	-050.4	1
-06.84320	 108.50045	-050.6	1
-06.84320	 108.51207	-050.9	1
-06.84320	 108.52368	-051.3	1
-06.84320	 108.53532	-051.6	1
-06.84320	 108.54692	-051.7	1
-06.84320	 108.55854	-051.7	1
-06.85474	 106.21140	-042.6	1
-06.85474	 106.22302	-040.2	1
-06.85474	 106.23465	-040.1	1
-06.85474	 106.24626	-040.4	1
-06.85474	 106.25788	-038.5	1
-06.85474	 106.26950	-041.3	1
-06.85474	 106.28113	-040.7	1
-06.85474	 106.29273	-036.1	1
-06.85474	 106.30436	-035.4	1
-06.85474	 106.31598	-034.9	1
-06.85474	 106.32760	-034.8	1
-06.85474	 106.33922	-033.9	1
-06.85474	 106.35084	-033.5	1
-06.85474	 106.36246	-030.8	1
-06.85474	 106.37407	-031.0	1
-06.85474	 106.38570	-030.8	1
-06.85474	 106.39732	-030.0	1
-06.85474	 106.40894	-029.2	1
-06.85474	 106.42056	-029.4	1
-06.85474	 106.43217	-031.9	1
-06.85474	 106.44380	-030.0	1
-06.85474	 106.45541	-026.8	1
-06.85474	 106.46703	-023.2	1
-06.85474	 106.47865	-024.1	1
-06.85474	 106.49027	-028.0	1
-06.85474	 106.50189	-025.8	1
-06.85474	 106.51352	-026.4	1
-06.85474	 106.52513	-022.9	1
-06.85474	 106.53674	 018.4	1
-06.85474	 106.54837	 018.4	1
-06.85474	 106.55999	 019.2	1
-06.85474	 106.57160	 015.9	1
-06.85474	 106.58324	 014.8	1
-06.85474	 106.59485	-010.1	1
-06.85474	 106.60646	-019.3	1
-06.85474	 106.61809	-020.3	1
-06.85474	 106.62971	-022.0	1
-06.85474	 106.64133	-023.4	1
-06.85474	 106.65294	-018.6	1
-06.85474	 106.66457	-017.3	1
-06.85474	 106.67619	-016.0	1
-06.85474	 106.68781	-014.3	1
-06.85474	 106.69942	-012.7	1
-06.85474	 106.71104	-004.9	1
-06.85474	 106.72266	-002.7	1
-06.85474	 106.73427	-005.0	1
-06.85474	 106.74590	 015.1	1
-06.85474	 106.75752	 020.1	1
-06.85474	 106.76914	 017.9	1
-06.85474	 106.78075	 021.6	1
-06.85474	 106.79238	 020.3	1
-06.85474	 106.80400	 020.4	1
-06.85474	 106.81562	 022.1	1
-06.85474	 106.82722	 022.4	1
-06.85474	 106.83886	 022.0	1
-06.85474	 106.85048	 021.2	1
-06.85474	 106.86209	 021.6	1
-06.85474	 106.87372	 021.5	1
-06.85474	 106.88533	 025.7	1
-06.85474	 106.89696	 004.3	1
-06.85474	 106.90858	 020.7	1
-06.85474	 106.92020	 028.2	1
-06.85474	 106.93181	 021.6	1
-06.85474	 106.94344	 025.1	1
-06.85474	 106.95505	 025.0	1
-06.85474	 106.96667	 028.4	1
-06.85474	 106.97829	 029.9	1
-06.85474	 106.98991	 012.5	1
-06.85474	 107.00153	 011.2	1
-06.85474	 107.01315	 023.3	1
-06.85474	 107.02477	 029.3	1
-06.85474	 107.03640	-004.5	1
-06.85474	 107.04800	 031.4	1
-06.85474	 107.05962	 027.6	1
-06.85474	 107.07124	 023.2	1
-06.85474	 107.08287	 026.6	1
-06.85474	 107.09448	 030.3	1
-06.85474	 107.10611	 027.0	1
-06.85474	 107.11772	 024.9	1
-06.85474	 107.12936	 031.4	1
-06.85474	 107.14096	 030.4	1
-06.85474	 107.15258	 030.6	1
-06.85474	 107.16420	 027.6	1
-06.85474	 107.17583	 032.3	1
-06.85474	 107.18744	 032.8	1
-06.85474	 107.19907	 031.5	1
-06.85474	 107.21069	 030.8	1
-06.85474	 107.22231	 030.5	1
-06.85474	 107.23392	 031.2	1
-06.85474	 107.24554	 033.2	1
-06.85474	 107.25716	 034.8	1
-06.85474	 107.26878	 035.3	1
-06.85474	 107.28040	 034.8	1
-06.85474	 107.29201	 036.2	1
-06.85474	 107.30364	 036.7	1
-06.85474	 107.31526	 038.0	1
-06.85474	 107.32687	 039.9	1
-06.85474	 107.33849	 041.4	1
-06.85474	 107.35011	 043.8	1
-06.85474	 107.36174	 045.9	1
-06.85474	 107.37335	 046.2	1
-06.85474	 107.38498	 046.7	1
-06.85474	 107.39659	 051.9	1
-06.85474	 107.40822	 043.7	1
-06.85474	 107.41983	 042.6	1
-06.85474	 107.43146	 041.9	1
-06.85474	 107.44307	 038.7	1
-06.85474	 107.45469	 043.9	1
-06.85474	 107.46632	 043.7	1
-06.85474	 107.47793	 042.5	1
-06.85474	 107.48955	 038.1	1
-06.85474	 107.50117	 040.4	1
-06.85474	 107.51279	 034.7	1
-06.85474	 107.52441	 033.4	1
-06.85474	 107.53603	 033.2	1
-06.85474	 107.54765	 032.8	1
-06.85474	 107.55927	 031.2	1
-06.85474	 107.57088	 030.0	1
-06.85474	 107.58251	 030.8	1
-06.85474	 107.59413	 029.4	1
-06.85474	 107.60574	 029.7	1
-06.85474	 107.61737	 029.8	1
-06.85474	 107.62898	 028.6	1
-06.85474	 107.64060	 029.9	1
-06.85474	 107.65222	 031.4	1
-06.85474	 107.66384	 029.2	1
-06.85474	 107.67546	 031.3	1
-06.85474	 107.68708	 032.6	1
-06.85474	 107.69870	 025.6	1
-06.85474	 107.71033	 026.6	1
-06.85474	 107.72195	 018.5	1
-06.85474	 107.73355	 031.6	1
-06.85474	 107.74518	 031.3	1
-06.85474	 107.75681	 031.0	1
-06.85474	 107.76842	 027.9	1
-06.85474	 107.78004	 014.8	1
-06.85474	 107.79166	 001.0	1
-06.85474	 107.80328	-003.0	1
-06.85474	 107.81490	-007.6	1
-06.85474	 107.82652	-012.0	1
-06.85474	 107.83813	-016.0	1
-06.85474	 107.84975	-017.8	1
-06.85474	 107.86137	-019.9	1
-06.85474	 107.87299	-023.0	1
-06.85474	 107.88461	-027.6	1
-06.85474	 107.89622	-033.8	1
-06.85474	 107.90785	-032.7	1
-06.85474	 107.91948	-035.7	1
-06.85474	 107.93110	-036.3	1
-06.85474	 107.94271	-034.5	1
-06.85474	 107.95433	-038.5	1
-06.85474	 107.96596	-037.2	1
-06.85474	 107.97757	-038.6	1
-06.85474	 107.98918	-038.5	1
-06.85474	 108.00081	-040.0	1
-06.85474	 108.01243	-039.9	1
-06.85474	 108.02405	-040.4	1
-06.85474	 108.03567	-040.6	1
-06.85474	 108.04729	-040.4	1
-06.85474	 108.05891	-040.4	1
-06.85474	 108.07052	-041.4	1
-06.85474	 108.08215	-041.1	1
-06.85474	 108.09377	-042.4	1
-06.85474	 108.10538	-041.8	1
-06.85474	 108.11700	-041.3	1
-06.85474	 108.12862	-040.9	1
-06.85474	 108.14025	-042.8	1
-06.85474	 108.15186	-044.1	1
-06.85474	 108.16348	-045.0	1
-06.85474	 108.17511	-045.0	1
-06.85474	 108.18672	-045.9	1
-06.85474	 108.19834	-045.2	1
-06.85474	 108.20996	-045.9	1
-06.85474	 108.22158	-045.0	1
-06.85474	 108.23320	-046.0	1
-06.85474	 108.24482	-045.9	1
-06.85474	 108.25643	-045.8	1
-06.85474	 108.26805	-045.3	1
-06.85474	 108.27967	-045.4	1
-06.85474	 108.29130	-045.3	1
-06.85474	 108.30292	-044.7	1
-06.85474	 108.31453	-045.1	1
-06.85474	 108.32616	-045.0	1
-06.85474	 108.33778	-044.3	1
-06.85474	 108.34940	-043.0	1
-06.85474	 108.36102	-042.5	1
-06.85474	 108.37263	-042.5	1
-06.85474	 108.38425	-041.9	1
-06.85474	 108.39587	-041.7	1
-06.85474	 108.40749	-042.3	1
-06.85474	 108.41911	-044.2	1
-06.85474	 108.43073	-046.8	1
-06.85474	 108.44235	-048.0	1
-06.85474	 108.45396	-048.9	1
-06.85474	 108.46558	-049.9	1
-06.85474	 108.47720	-050.6	1
-06.85474	 108.48884	-051.1	1
-06.85474	 108.50045	-051.4	1
-06.85474	 108.51207	-051.7	1
-06.85474	 108.52368	-052.0	1
-06.85474	 108.53531	-052.6	1
-06.85474	 108.54693	-053.1	1
-06.85474	 108.55855	-052.8	1
-06.86627	 106.21140	-038.0	1
-06.86627	 106.22302	-037.3	1
-06.86627	 106.23465	-037.5	1
-06.86627	 106.24626	-037.4	1
-06.86627	 106.25788	-036.6	1
-06.86627	 106.26950	-037.4	1
-06.86627	 106.28113	-036.1	1
-06.86627	 106.29273	-034.8	1
-06.86627	 106.30435	-034.5	1
-06.86627	 106.31598	-034.0	1
-06.86627	 106.32760	-034.3	1
-06.86627	 106.33922	-033.1	1
-06.86627	 106.35085	-029.7	1
-06.86627	 106.36246	-029.1	1
-06.86627	 106.37407	-029.3	1
-06.86627	 106.38570	-029.8	1
-06.86627	 106.39732	-029.2	1
-06.86627	 106.40894	-029.5	1
-06.86627	 106.42056	-030.6	1
-06.86627	 106.43217	-028.9	1
-06.86627	 106.44380	-026.2	1
-06.86627	 106.45541	-025.8	1
-06.86627	 106.46704	-024.0	1
-06.86627	 106.47865	-024.8	1
-06.86627	 106.49027	-027.6	1
-06.86627	 106.50189	-022.8	1
-06.86627	 106.51352	-023.7	1
-06.86627	 106.52513	-018.5	1
-06.86627	 106.53675	 018.3	1
-06.86627	 106.54837	 017.5	1
-06.86627	 106.56000	 019.1	1
-06.86627	 106.57161	 018.4	1
-06.86627	 106.58322	 013.6	1
-06.86627	 106.59485	-017.8	1
-06.86627	 106.60646	-019.5	1
-06.86627	 106.61809	-020.7	1
-06.86627	 106.62970	-020.9	1
-06.86627	 106.64133	-020.4	1
-06.86627	 106.65294	-008.3	1
-06.86627	 106.66457	 012.9	1
-06.86627	 106.67618	 013.6	1
-06.86627	 106.68781	 017.7	1
-06.86627	 106.69942	 019.6	1
-06.86627	 106.71105	 019.0	1
-06.86627	 106.72267	 019.9	1
-06.86627	 106.73428	 020.4	1
-06.86627	 106.74590	 020.9	1
-06.86627	 106.75753	 021.3	1
-06.86627	 106.76914	 020.0	1
-06.86627	 106.78076	 021.1	1
-06.86627	 106.79237	 021.9	1
-06.86627	 106.80400	 022.0	1
-06.86627	 106.81562	 022.2	1
-06.86627	 106.82724	 020.7	1
-06.86627	 106.83887	 022.3	1
-06.86627	 106.85048	 022.3	1
-06.86627	 106.86209	 022.0	1
-06.86627	 106.87372	 010.4	1
-06.86627	 106.88533	 028.5	1
-06.86627	 106.89696	 028.4	1
-06.86627	 106.90857	 023.1	1
-06.86627	 106.92020	 028.9	1
-06.86627	 106.93181	 029.3	1
-06.86627	 106.94344	 028.8	1
-06.86627	 106.95506	 017.9	1
-06.86627	 106.96667	 023.7	1
-06.86627	 106.97829	 002.2	1
-06.86627	 106.98991	 028.6	1
-06.86627	 107.00154	 015.4	1
-06.86627	 107.01315	 010.9	1
-06.86627	 107.02477	 026.2	1
-06.86627	 107.03640	 031.4	1
-06.86627	 107.04800	 031.2	1
-06.86627	 107.05963	 030.0	1
-06.86627	 107.07124	 031.4	1
-06.86627	 107.08287	 029.6	1
-06.86627	 107.09449	 024.1	1
-06.86627	 107.10611	 032.1	1
-06.86627	 107.11772	 031.8	1
-06.86627	 107.12935	 023.4	1
-06.86627	 107.14097	 032.3	1
-06.86627	 107.15258	 027.4	1
-06.86627	 107.16420	 030.8	1
-06.86627	 107.17583	 033.2	1
-06.86627	 107.18745	 027.3	1
-06.86627	 107.19906	 031.5	1
-06.86627	 107.21068	 033.5	1
-06.86627	 107.22231	 028.9	1
-06.86627	 107.23392	 034.4	1
-06.86627	 107.24554	 035.4	1
-06.86627	 107.25716	 034.8	1
-06.86627	 107.26878	 035.7	1
-06.86627	 107.28040	 035.9	1
-06.86627	 107.29202	 035.6	1
-06.86627	 107.30363	 036.9	1
-06.86627	 107.31526	 038.8	1
-06.86627	 107.32688	 039.9	1
-06.86627	 107.33849	 039.8	1
-06.86627	 107.35011	 041.2	1
-06.86627	 107.36174	 043.7	1
-06.86627	 107.37336	 045.0	1
-06.86627	 107.38497	 050.2	1
-06.86627	 107.39659	 048.5	1
-06.86627	 107.40821	 048.9	1
-06.86627	 107.41984	 048.0	1
-06.86627	 107.43146	 040.9	1
-06.86627	 107.44308	 038.7	1
-06.86627	 107.45468	 038.3	1
-06.86627	 107.46632	 038.2	1
-06.86627	 107.47794	 041.1	1
-06.86627	 107.48955	 039.5	1
-06.86627	 107.50117	 040.0	1
-06.86627	 107.51279	 034.1	1
-06.86627	 107.52441	 033.5	1
-06.86627	 107.53603	 032.5	1
-06.86627	 107.54765	 031.0	1
-06.86627	 107.55927	 032.2	1
-06.86627	 107.57088	 031.7	1
-06.86627	 107.58250	 030.9	1
-06.86627	 107.59412	 029.5	1
-06.86627	 107.60575	 028.6	1
-06.86627	 107.61737	 028.8	1
-06.86627	 107.62898	 029.2	1
-06.86627	 107.64061	 028.5	1
-06.86627	 107.65223	 028.3	1
-06.86627	 107.66385	 027.4	1
-06.86627	 107.67548	 028.3	1
-06.86627	 107.68707	 022.5	1
-06.86627	 107.69871	 022.4	1
-06.86627	 107.71032	 030.1	1
-06.86627	 107.72195	 024.7	1
-06.86627	 107.73355	 030.7	1
-06.86627	 107.74519	 020.6	1
-06.86627	 107.75680	 020.4	1
-06.86627	 107.76842	-001.6	1
-06.86627	 107.78003	-004.4	1
-06.86627	 107.79166	-007.1	1
-06.86627	 107.80328	-006.5	1
-06.86627	 107.81490	-009.8	1
-06.86627	 107.82651	-011.4	1
-06.86627	 107.83813	-015.4	1
-06.86627	 107.84975	-018.0	1
-06.86627	 107.86137	-019.8	1
-06.86627	 107.87299	-023.8	1
-06.86627	 107.88461	-025.1	1
-06.86627	 107.89623	-026.7	1
-06.86627	 107.90785	-027.1	1
-06.86627	 107.91947	-030.7	1
-06.86627	 107.93110	-030.9	1
-06.86627	 107.94271	-032.3	1
-06.86627	 107.95433	-034.7	1
-06.86627	 107.96595	-035.7	1
-06.86627	 107.97757	-034.7	1
-06.86627	 107.98919	-037.0	1
-06.86627	 108.00081	-038.8	1
-06.86627	 108.01243	-039.1	1
-06.86627	 108.02405	-039.7	1
-06.86627	 108.03567	-040.7	1
-06.86627	 108.04729	-040.4	1
-06.86627	 108.05891	-040.9	1
-06.86627	 108.07053	-042.8	1
-06.86627	 108.08215	-043.2	1
-06.86627	 108.09377	-043.5	1
-06.86627	 108.10538	-044.0	1
-06.86627	 108.11700	-043.4	1
-06.86627	 108.12862	-042.3	1
-06.86627	 108.14024	-042.4	1
-06.86627	 108.15186	-044.3	1
-06.86627	 108.16348	-043.9	1
-06.86627	 108.17510	-043.6	1
-06.86627	 108.18671	-045.2	1
-06.86627	 108.19835	-045.8	1
-06.86627	 108.20996	-043.9	1
-06.86627	 108.22158	-044.5	1
-06.86627	 108.23319	-045.2	1
-06.86627	 108.24482	-045.3	1
-06.86627	 108.25644	-045.0	1
-06.86627	 108.26806	-044.3	1
-06.86627	 108.27967	-044.4	1
-06.86627	 108.29130	-044.3	1
-06.86627	 108.30292	-044.2	1
-06.86627	 108.31454	-043.6	1
-06.86627	 108.32616	-043.5	1
-06.86627	 108.33778	-042.6	1
-06.86627	 108.34940	-041.2	1
-06.86627	 108.36102	-040.8	1
-06.86627	 108.37263	-040.1	1
-06.86627	 108.38425	-038.7	1
-06.86627	 108.39587	-037.6	1
-06.86627	 108.40749	-038.8	1
-06.86627	 108.41911	-040.9	1
-06.86627	 108.43073	-044.2	1
-06.86627	 108.44235	-046.2	1
-06.86627	 108.45397	-047.8	1
-06.86627	 108.46558	-048.8	1
-06.86627	 108.47720	-049.6	1
-06.86627	 108.48883	-050.1	1
-06.86627	 108.50045	-050.5	1
-06.86627	 108.51206	-051.0	1
-06.86627	 108.52368	-049.3	1
-06.86627	 108.53531	-050.5	1
-06.86627	 108.54693	-051.3	1
-06.86627	 108.55854	-052.9	1
-06.87781	 106.21140	-037.3	1
-06.87781	 106.22302	-036.6	1
-06.87781	 106.23464	-036.9	1
-06.87781	 106.24626	-036.3	1
-06.87781	 106.25788	-036.3	1
-06.87781	 106.26950	-036.7	1
-06.87781	 106.28113	-035.2	1
-06.87781	 106.29274	-034.4	1
-06.87781	 106.30436	-034.3	1
-06.87781	 106.31598	-033.9	1
-06.87781	 106.32760	-032.8	1
-06.87781	 106.33922	-030.7	1
-06.87781	 106.35084	-029.3	1
-06.87781	 106.36246	-028.4	1
-06.87781	 106.37408	-028.3	1
-06.87781	 106.38570	-029.5	1
-06.87781	 106.39732	-027.6	1
-06.87781	 106.40894	-029.2	1
-06.87781	 106.42056	-029.1	1
-06.87781	 106.43217	-025.8	1
-06.87781	 106.44380	-024.4	1
-06.87781	 106.45541	-025.2	1
-06.87781	 106.46703	-024.6	1
-06.87781	 106.47865	-023.5	1
-06.87781	 106.49027	-027.2	1
-06.87781	 106.50189	-022.5	1
-06.87781	 106.51352	-022.7	1
-06.87781	 106.52513	-017.5	1
-06.87781	 106.53674	 017.7	1
-06.87781	 106.54836	 019.0	1
-06.87781	 106.56000	 019.1	1
-06.87781	 106.57160	 018.5	1
-06.87781	 106.58324	 016.0	1
-06.87781	 106.59485	-015.1	1
-06.87781	 106.60646	-017.9	1
-06.87781	 106.61809	-018.2	1
-06.87781	 106.62971	-018.5	1
-06.87781	 106.64133	 013.8	1
-06.87781	 106.65295	 019.2	1
-06.87781	 106.66457	 020.3	1
-06.87781	 106.67618	 018.8	1
-06.87781	 106.68781	 020.6	1
-06.87781	 106.69942	 019.8	1
-06.87781	 106.71105	 020.4	1
-06.87781	 106.72266	 019.4	1
-06.87781	 106.73428	 019.4	1
-06.87781	 106.74590	 020.9	1
-06.87781	 106.75752	 021.1	1
-06.87781	 106.76914	 021.6	1
-06.87781	 106.78075	 020.5	1
-06.87781	 106.79239	 020.6	1
-06.87781	 106.80400	 020.9	1
-06.87781	 106.81561	 021.9	1
-06.87781	 106.82724	 020.9	1
-06.87781	 106.83886	 020.9	1
-06.87781	 106.85048	 027.8	1
-06.87781	 106.86209	 027.9	1
-06.87781	 106.87372	 024.8	1
-06.87781	 106.88533	 026.5	1
-06.87781	 106.89696	 024.3	1
-06.87781	 106.90857	 027.9	1
-06.87781	 106.92020	 028.7	1
-06.87781	 106.93181	 029.3	1
-06.87781	 106.94344	 029.5	1
-06.87781	 106.95506	 026.5	1
-06.87781	 106.96667	 025.9	1
-06.87781	 106.97829	 029.9	1
-06.87781	 106.98991	 021.5	1
-06.87781	 107.00153	 026.7	1
-06.87781	 107.01315	 018.7	1
-06.87781	 107.02477	 016.2	1
-06.87781	 107.03640	 017.3	1
-06.87781	 107.04800	 023.6	1
-06.87781	 107.05963	 031.0	1
-06.87781	 107.07124	 023.2	1
-06.87781	 107.08287	 027.6	1
-06.87781	 107.09448	 024.3	1
-06.87781	 107.10610	 023.8	1
-06.87781	 107.11772	 033.1	1
-06.87781	 107.12935	 020.2	1
-06.87781	 107.14096	 024.9	1
-06.87781	 107.15257	 032.8	1
-06.87781	 107.16420	 033.6	1
-06.87781	 107.17582	 020.6	1
-06.87781	 107.18745	 027.3	1
-06.87781	 107.19906	 028.4	1
-06.87781	 107.21068	 030.7	1
-06.87781	 107.22231	 027.7	1
-06.87781	 107.23392	 029.4	1
-06.87781	 107.24554	 029.9	1
-06.87781	 107.25716	 030.2	1
-06.87781	 107.26878	 033.9	1
-06.87781	 107.28040	 034.8	1
-06.87781	 107.29202	 036.6	1
-06.87781	 107.30363	 038.6	1
-06.87781	 107.31526	 038.7	1
-06.87781	 107.32687	 039.3	1
-06.87781	 107.33849	 039.6	1
-06.87781	 107.35012	 042.3	1
-06.87781	 107.36174	 047.4	1
-06.87781	 107.37335	 041.5	1
-06.87781	 107.38497	 048.2	1
-06.87781	 107.39659	 044.6	1
-06.87781	 107.40822	 041.1	1
-06.87781	 107.41983	 040.2	1
-06.87781	 107.43146	 039.9	1
-06.87781	 107.44307	 039.6	1
-06.87781	 107.45469	 038.2	1
-06.87781	 107.46632	 036.8	1
-06.87781	 107.47793	 035.4	1
-06.87781	 107.48955	 034.3	1
-06.87781	 107.50117	 036.5	1
-06.87781	 107.51279	 038.5	1
-06.87781	 107.52441	 038.0	1
-06.87781	 107.53603	 031.6	1
-06.87781	 107.54765	 032.6	1
-06.87781	 107.55927	 030.5	1
-06.87781	 107.57088	 031.1	1
-06.87781	 107.58251	 030.8	1
-06.87781	 107.59412	 030.6	1
-06.87781	 107.60574	 030.1	1
-06.87781	 107.61736	 028.7	1
-06.87781	 107.62899	 023.0	1
-06.87781	 107.64061	 011.0	1
-06.87781	 107.65223	 003.5	1
-06.87781	 107.66384	 001.1	1
-06.87781	 107.67548	 000.9	1
-06.87781	 107.68708	-001.8	1
-06.87781	 107.69870	-000.2	1
-06.87781	 107.71033	-000.6	1
-06.87781	 107.72194	-000.3	1
-06.87781	 107.73355	 019.1	1
-06.87781	 107.74518	 028.3	1
-06.87781	 107.75681	-007.7	1
-06.87781	 107.76842	-011.9	1
-06.87781	 107.78004	-012.7	1
-06.87781	 107.79166	-014.0	1
-06.87781	 107.80328	-015.2	1
-06.87781	 107.81490	-016.7	1
-06.87781	 107.82652	-017.4	1
-06.87781	 107.83814	-020.0	1
-06.87781	 107.84976	-020.6	1
-06.87781	 107.86137	-023.2	1
-06.87781	 107.87300	-025.1	1
-06.87781	 107.88462	-024.7	1
-06.87781	 107.89623	-025.8	1
-06.87781	 107.90785	-027.4	1
-06.87781	 107.91948	-031.1	1
-06.87781	 107.93109	-030.7	1
-06.87781	 107.94270	-029.7	1
-06.87781	 107.95433	-031.9	1
-06.87781	 107.96596	-030.0	1
-06.87781	 107.97757	-029.9	1
-06.87781	 107.98919	-034.2	1
-06.87781	 108.00082	-034.5	1
-06.87781	 108.01243	-034.9	1
-06.87781	 108.02405	-035.8	1
-06.87781	 108.03567	-037.1	1
-06.87781	 108.04729	-038.0	1
-06.87781	 108.05891	-039.9	1
-06.87781	 108.07053	-040.7	1
-06.87781	 108.08215	-041.3	1
-06.87781	 108.09377	-042.3	1
-06.87781	 108.10538	-042.7	1
-06.87781	 108.11700	-042.3	1
-06.87781	 108.12862	-041.8	1
-06.87781	 108.14024	-041.4	1
-06.87781	 108.15186	-042.0	1
-06.87781	 108.16348	-042.3	1
-06.87781	 108.17510	-042.3	1
-06.87781	 108.18672	-044.4	1
-06.87781	 108.19834	-043.8	1
-06.87781	 108.20997	-044.0	1
-06.87781	 108.22158	-044.1	1
-06.87781	 108.23319	-044.4	1
-06.87781	 108.24482	-043.9	1
-06.87781	 108.25644	-044.5	1
-06.87781	 108.26807	-044.0	1
-06.87781	 108.27967	-044.1	1
-06.87781	 108.29131	-044.1	1
-06.87781	 108.30292	-043.9	1
-06.87781	 108.31453	-043.2	1
-06.87781	 108.32616	-042.9	1
-06.87781	 108.33777	-041.8	1
-06.87781	 108.34940	-040.7	1
-06.87781	 108.36101	-040.8	1
-06.87781	 108.37263	-039.8	1
-06.87781	 108.38425	-037.4	1
-06.87781	 108.39587	-036.2	1
-06.87781	 108.40749	-036.8	1
-06.87781	 108.41911	-039.7	1
-06.87781	 108.43073	-043.4	1
-06.87781	 108.44234	-046.7	1
-06.87781	 108.45397	-050.4	1
-06.87781	 108.46558	-054.1	1
-06.87781	 108.47720	-056.0	1
-06.87781	 108.48883	-057.5	1
-06.87781	 108.50045	-057.6	1
-06.87781	 108.51207	-058.1	1
-06.87781	 108.52368	-057.6	1
-06.87781	 108.53531	-058.8	1
-06.87781	 108.54692	-059.7	1
-06.87781	 108.55855	-059.7	1
-06.88935	 106.21140	-037.4	1
-06.88935	 106.22302	-036.9	1
-06.88935	 106.23465	-036.4	1
-06.88935	 106.24626	-036.1	1
-06.88935	 106.25788	-035.8	1
-06.88935	 106.26950	-035.6	1
-06.88935	 106.28113	-034.5	1
-06.88935	 106.29273	-033.8	1
-06.88935	 106.30436	-033.5	1
-06.88935	 106.31598	-032.3	1
-06.88935	 106.32760	-031.1	1
-06.88935	 106.33922	-030.5	1
-06.88935	 106.35084	-028.2	1
-06.88935	 106.36246	-028.3	1
-06.88935	 106.37407	-028.4	1
-06.88935	 106.38570	-026.9	1
-06.88935	 106.39732	-027.3	1
-06.88935	 106.40894	-026.2	1
-06.88935	 106.42056	-022.8	1
-06.88935	 106.43217	-022.1	1
-06.88935	 106.44380	-022.8	1
-06.88935	 106.45541	-024.1	1
-06.88935	 106.46703	-022.9	1
-06.88935	 106.47865	-020.8	1
-06.88935	 106.49026	-024.2	1
-06.88935	 106.50188	-022.1	1
-06.88935	 106.51351	-020.0	1
-06.88935	 106.52513	-012.9	1
-06.88935	 106.53675	-009.9	1
-06.88935	 106.54837	 015.4	1
-06.88935	 106.56000	 017.5	1
-06.88935	 106.57160	 019.0	1
-06.88935	 106.58323	 017.0	1
-06.88935	 106.59485	 017.0	1
-06.88935	 106.60646	 015.1	1
-06.88935	 106.61809	 015.2	1
-06.88935	 106.62970	 019.6	1
-06.88935	 106.64133	 019.8	1
-06.88935	 106.65294	 020.0	1
-06.88935	 106.66457	 019.9	1
-06.88935	 106.67619	 019.2	1
-06.88935	 106.68781	 019.3	1
-06.88935	 106.69942	 019.6	1
-06.88935	 106.71104	 019.3	1
-06.88935	 106.72267	 019.8	1
-06.88935	 106.73427	 020.9	1
-06.88935	 106.74590	 021.2	1
-06.88935	 106.75752	 021.4	1
-06.88935	 106.76914	 020.8	1
-06.88935	 106.78075	 020.1	1
-06.88935	 106.79237	 020.9	1
-06.88935	 106.80400	 021.2	1
-06.88935	 106.81561	 021.3	1
-06.88935	 106.82724	 022.3	1
-06.88935	 106.83885	 010.7	1
-06.88935	 106.85048	 027.4	1
-06.88935	 106.86209	 028.1	1
-06.88935	 106.87372	 028.2	1
-06.88935	 106.88533	 028.4	1
-06.88935	 106.89696	 028.6	1
-06.88935	 106.90858	 025.8	1
-06.88935	 106.92020	 007.2	1
-06.88935	 106.93182	 029.2	1
-06.88935	 106.94344	 021.6	1
-06.88935	 106.95506	 026.9	1
-06.88935	 106.96667	 023.9	1
-06.88935	 106.97829	 029.2	1
-06.88935	 106.98991	 028.4	1
-06.88935	 107.00153	 012.1	1
-06.88935	 107.01315	-003.9	1
-06.88935	 107.02477	 002.8	1
-06.88935	 107.03639	 025.9	1
-06.88935	 107.04800	 031.3	1
-06.88935	 107.05962	 029.2	1
-06.88935	 107.07124	 029.2	1
-06.88935	 107.08287	 027.6	1
-06.88935	 107.09450	 024.5	1
-06.88935	 107.10610	 027.3	1
-06.88935	 107.11773	 029.6	1
-06.88935	 107.12935	 030.1	1
-06.88935	 107.14096	 030.6	1
-06.88935	 107.15258	 032.8	1
-06.88935	 107.16421	 033.8	1
-06.88935	 107.17583	 032.5	1
-06.88935	 107.18744	 030.0	1
-06.88935	 107.19905	 023.9	1
-06.88935	 107.21069	 028.8	1
-06.88935	 107.22231	 035.4	1
-06.88935	 107.23392	 035.2	1
-06.88935	 107.24554	 037.1	1
-06.88935	 107.25716	 031.0	1
-06.88935	 107.26878	 033.3	1
-06.88935	 107.28040	 037.0	1
-06.88935	 107.29202	 032.8	1
-06.88935	 107.30363	 032.5	1
-06.88935	 107.31525	 024.1	1
-06.88935	 107.32687	 036.3	1
-06.88935	 107.33849	 044.0	1
-06.88935	 107.35011	 045.2	1
-06.88935	 107.36174	 043.7	1
-06.88935	 107.37336	 045.1	1
-06.88935	 107.38497	 040.9	1
-06.88935	 107.39659	 039.7	1
-06.88935	 107.40821	 041.0	1
-06.88935	 107.41984	 039.5	1
-06.88935	 107.43146	 039.2	1
-06.88935	 107.44307	 038.7	1
-06.88935	 107.45469	 036.7	1
-06.88935	 107.46632	 037.0	1
-06.88935	 107.47794	 034.6	1
-06.88935	 107.48955	 034.8	1
-06.88935	 107.50117	 033.5	1
-06.88935	 107.51279	 032.5	1
-06.88935	 107.52441	 036.9	1
-06.88935	 107.53603	 036.7	1
-06.88935	 107.54765	 036.2	1
-06.88935	 107.55927	 031.6	1
-06.88935	 107.57088	 030.7	1
-06.88935	 107.58250	 030.5	1
-06.88935	 107.59413	 030.4	1
-06.88935	 107.60574	 029.0	1
-06.88935	 107.61736	 004.2	1
-06.88935	 107.62899	 001.6	1
-06.88935	 107.64060	-001.5	1
-06.88935	 107.65222	-003.5	1
-06.88935	 107.66384	-003.9	1
-06.88935	 107.67546	-004.0	1
-06.88935	 107.68709	-003.5	1
-06.88935	 107.69870	-002.4	1
-06.88935	 107.71032	-003.3	1
-06.88935	 107.72195	-003.3	1
-06.88935	 107.73355	-002.2	1
-06.88935	 107.74518	-004.5	1
-06.88935	 107.75681	-010.9	1
-06.88935	 107.76842	-014.3	1
-06.88935	 107.78004	-015.2	1
-06.88935	 107.79166	-016.4	1
-06.88935	 107.80328	-018.4	1
-06.88935	 107.81490	-019.9	1
-06.88935	 107.82652	-021.0	1
-06.88935	 107.83814	-021.9	1
-06.88935	 107.84975	-022.2	1
-06.88935	 107.86137	-023.2	1
-06.88935	 107.87299	-024.0	1
-06.88935	 107.88462	-024.8	1
-06.88935	 107.89623	-026.2	1
-06.88935	 107.90785	-028.2	1
-06.88935	 107.91948	-029.1	1
-06.88935	 107.93109	-030.7	1
-06.88935	 107.94272	-030.4	1
-06.88935	 107.95432	-029.8	1
-06.88935	 107.96595	-031.0	1
-06.88935	 107.97757	-030.7	1
-06.88935	 107.98918	-035.1	1
-06.88935	 108.00081	-033.3	1
-06.88935	 108.01243	-034.0	1
-06.88935	 108.02405	-035.6	1
-06.88935	 108.03568	-038.0	1
-06.88935	 108.04729	-040.3	1
-06.88935	 108.05891	-041.2	1
-06.88935	 108.07053	-041.6	1
-06.88935	 108.08215	-042.2	1
-06.88935	 108.09377	-042.4	1
-06.88935	 108.10538	-042.7	1
-06.88935	 108.11700	-042.4	1
-06.88935	 108.12862	-042.0	1
-06.88935	 108.14024	-041.1	1
-06.88935	 108.15186	-040.4	1
-06.88935	 108.16348	-039.8	1
-06.88935	 108.17509	-041.2	1
-06.88935	 108.18672	-042.3	1
-06.88935	 108.19835	-043.7	1
-06.88935	 108.20996	-044.0	1
-06.88935	 108.22158	-042.9	1
-06.88935	 108.23320	-042.3	1
-06.88935	 108.24483	-041.4	1
-06.88935	 108.25644	-041.6	1
-06.88935	 108.26806	-041.2	1
-06.88935	 108.27968	-042.7	1
-06.88935	 108.29131	-042.9	1
-06.88935	 108.30292	-042.7	1
-06.88935	 108.31454	-042.6	1
-06.88935	 108.32616	-041.7	1
-06.88935	 108.33777	-040.3	1
-06.88935	 108.34940	-040.9	1
-06.88935	 108.36101	-040.9	1
-06.88935	 108.37263	-039.4	1
-06.88935	 108.38425	-036.0	1
-06.88935	 108.39587	-031.8	1
-06.88935	 108.40749	-031.4	1
-06.88935	 108.41911	-036.5	1
-06.88935	 108.43073	-041.8	1
-06.88935	 108.44235	-060.7	1
-06.88935	 108.45398	-069.0	1
-06.88935	 108.46558	-071.5	1
-06.88935	 108.47721	-070.6	1
-06.88935	 108.48884	-069.5	1
-06.88935	 108.50045	-068.3	1
-06.88935	 108.51207	-066.8	1
-06.88935	 108.52368	-066.2	1
-06.88935	 108.53531	-066.7	1
-06.88935	 108.54694	-066.8	1
-06.88935	 108.55854	-066.1	1
-06.90089	 106.21140	-035.9	1
-06.90089	 106.22302	-035.2	1
-06.90089	 106.23465	-034.9	1
-06.90089	 106.24626	-034.6	1
-06.90089	 106.25789	-034.4	1
-06.90089	 106.26950	-033.1	1
-06.90089	 106.28113	-032.5	1
-06.90089	 106.29273	-032.7	1
-06.90089	 106.30436	-031.9	1
-06.90089	 106.31598	-031.2	1
-06.90089	 106.32760	-030.5	1
-06.90089	 106.33922	-029.5	1
-06.90089	 106.35085	-028.3	1
-06.90089	 106.36246	-028.0	1
-06.90089	 106.37408	-025.2	1
-06.90089	 106.38570	-026.6	1
-06.90089	 106.39732	-026.5	1
-06.90089	 106.40894	-025.1	1
-06.90089	 106.42056	-020.5	1
-06.90089	 106.43217	-020.1	1
-06.90089	 106.44380	-020.5	1
-06.90089	 106.45541	-020.0	1
-06.90089	 106.46703	-019.9	1
-06.90089	 106.47865	-013.0	1
-06.90089	 106.49027	-020.7	1
-06.90088	 106.50189	-016.7	1
-06.90089	 106.51352	 012.6	1
-06.90089	 106.52513	 016.8	1
-06.90089	 106.53674	 016.1	1
-06.90089	 106.54837	 018.6	1
-06.90089	 106.56000	 017.5	1
-06.90089	 106.57160	 018.8	1
-06.90089	 106.58323	 019.4	1
-06.90089	 106.59485	 018.0	1
-06.90089	 106.60646	 018.7	1
-06.90089	 106.61809	 019.2	1
-06.90089	 106.62971	 018.2	1
-06.90089	 106.64133	 018.6	1
-06.90089	 106.65294	 019.6	1
-06.90089	 106.66457	 018.9	1
-06.90089	 106.67618	 019.2	1
-06.90088	 106.68781	 019.1	1
-06.90089	 106.69942	 019.1	1
-06.90089	 106.71104	 020.2	1
-06.90089	 106.72266	 019.7	1
-06.90089	 106.73428	 020.2	1
-06.90089	 106.74590	 020.0	1
-06.90089	 106.75752	 019.8	1
-06.90089	 106.76913	 021.4	1
-06.90089	 106.78075	 020.1	1
-06.90089	 106.79239	 020.4	1
-06.90089	 106.80399	 022.0	1
-06.90089	 106.81561	 021.7	1
-06.90089	 106.82722	 020.7	1
-06.90089	 106.83886	 020.9	1
-06.90089	 106.85048	 026.7	1
-06.90089	 106.86209	 011.1	1
-06.90089	 106.87372	 028.2	1
-06.90089	 106.88533	 020.6	1
-06.90089	 106.89696	 027.3	1
-06.90089	 106.90858	 023.2	1
-06.90089	 106.92020	 021.0	1
-06.90089	 106.93181	 029.0	1
-06.90089	 106.94344	 028.0	1
-06.90089	 106.95505	 023.2	1
-06.90088	 106.96667	 025.3	1
-06.90089	 106.97829	 021.3	1
-06.90089	 106.98992	 028.8	1
-06.90089	 107.00153	 027.1	1
-06.90089	 107.01314	-004.7	1
-06.90089	 107.02477	 030.8	1
-06.90089	 107.03639	 031.3	1
-06.90089	 107.04800	 016.0	1
-06.90088	 107.05962	 031.2	1
-06.90089	 107.07124	 022.6	1
-06.90089	 107.08287	 032.2	1
-06.90089	 107.09448	 026.6	1
-06.90088	 107.10609	 017.9	1
-06.90089	 107.11772	 032.4	1
-06.90089	 107.12935	 032.0	1
-06.90089	 107.14096	 012.8	1
-06.90089	 107.15258	 024.0	1
-06.90089	 107.16420	 031.7	1
-06.90089	 107.17583	 033.6	1
-06.90089	 107.18744	 033.7	1
-06.90088	 107.19907	 033.3	1
-06.90089	 107.21069	 033.8	1
-06.90089	 107.22231	 035.9	1
-06.90089	 107.23392	 030.8	1
-06.90089	 107.24554	 035.4	1
-06.90089	 107.25716	 028.4	1
-06.90089	 107.26878	 027.6	1
-06.90089	 107.28040	 036.0	1
-06.90089	 107.29202	 028.4	1
-06.90089	 107.30364	 028.3	1
-06.90089	 107.31525	 038.4	1
-06.90089	 107.32687	 042.8	1
-06.90088	 107.33849	 028.8	1
-06.90089	 107.35011	 033.0	1
-06.90089	 107.36174	 031.8	1
-06.90089	 107.37335	 017.2	1
-06.90089	 107.38497	 039.2	1
-06.90089	 107.39659	 038.9	1
-06.90089	 107.40821	 038.1	1
-06.90089	 107.41983	 038.0	1
-06.90089	 107.43146	 038.6	1
-06.90089	 107.44308	 037.0	1
-06.90089	 107.45468	 036.9	1
-06.90089	 107.46631	 015.5	1
-06.90089	 107.47793	 019.2	1
-06.90089	 107.48955	 028.0	1
-06.90089	 107.50117	 031.5	1
-06.90089	 107.51279	 033.9	1
-06.90088	 107.52441	 033.3	1
-06.90089	 107.53603	 028.5	1
-06.90089	 107.54765	 034.5	1
-06.90089	 107.55927	 034.4	1
-06.90089	 107.57088	 030.3	1
-06.90089	 107.58251	 030.8	1
-06.90089	 107.59412	 029.1	1
-06.90089	 107.60575	 028.6	1
-06.90089	 107.61736	 028.4	1
-06.90089	 107.62898	 010.8	1
-06.90089	 107.64061	-000.4	1
-06.90089	 107.65222	-003.6	1
-06.90089	 107.66384	-007.6	1
-06.90089	 107.67546	-008.6	1
-06.90089	 107.68709	-008.4	1
-06.90089	 107.69870	-007.8	1
-06.90089	 107.71033	-008.1	1
-06.90089	 107.72194	-007.1	1
-06.90089	 107.73356	-006.2	1
-06.90089	 107.74518	-005.7	1
-06.90089	 107.75681	-008.7	1
-06.90089	 107.76842	-010.2	1
-06.90089	 107.78004	-012.7	1
-06.90089	 107.79165	-014.6	1
-06.90089	 107.80328	-016.5	1
-06.90089	 107.81490	-018.4	1
-06.90089	 107.82652	-020.0	1
-06.90089	 107.83813	-021.0	1
-06.90089	 107.84975	-021.2	1
-06.90089	 107.86137	-020.8	1
-06.90089	 107.87300	-021.2	1
-06.90089	 107.88461	-022.0	1
-06.90089	 107.89624	-023.6	1
-06.90089	 107.90785	-026.4	1
-06.90089	 107.91947	-026.8	1
-06.90089	 107.93109	-028.1	1
-06.90089	 107.94271	-034.6	1
-06.90089	 107.95433	-029.5	1
-06.90089	 107.96596	-028.8	1
-06.90089	 107.97758	-033.6	1
-06.90089	 107.98918	-035.9	1
-06.90089	 108.00081	-032.6	1
-06.90089	 108.01243	-030.3	1
-06.90089	 108.02405	-034.3	1
-06.90089	 108.03568	-036.5	1
-06.90089	 108.04729	-039.2	1
-06.90089	 108.05890	-040.7	1
-06.90089	 108.07053	-041.3	1
-06.90089	 108.08215	-042.5	1
-06.90089	 108.09377	-043.6	1
-06.90089	 108.10538	-043.7	1
-06.90089	 108.11700	-043.8	1
-06.90089	 108.12863	-043.6	1
-06.90089	 108.14024	-043.1	1
-06.90089	 108.15186	-041.5	1
-06.90089	 108.16348	-042.7	1
-06.90089	 108.17511	-043.2	1
-06.90089	 108.18672	-042.6	1
-06.90089	 108.19835	-044.0	1
-06.90089	 108.20996	-044.8	1
-06.90089	 108.22158	-043.9	1
-06.90089	 108.23320	-042.8	1
-06.90089	 108.24483	-042.8	1
-06.90089	 108.25644	-043.0	1
-06.90089	 108.26806	-042.3	1
-06.90089	 108.27968	-042.6	1
-06.90089	 108.29130	-042.4	1
-06.90089	 108.30292	-042.2	1
-06.90089	 108.31453	-042.1	1
-06.90089	 108.32616	-041.2	1
-06.90089	 108.33778	-039.9	1
-06.90089	 108.34940	-040.0	1
-06.90089	 108.36101	-039.9	1
-06.90089	 108.37263	-039.3	1
-06.90088	 108.38425	-034.4	1
-06.90089	 108.39587	-032.7	1
-06.90089	 108.40749	-032.8	1
-06.90089	 108.41911	-035.5	1
-06.90089	 108.43073	-041.5	1
-06.90089	 108.44235	-052.0	1
-06.90089	 108.45397	-069.2	1
-06.90089	 108.46558	-073.1	1
-06.90089	 108.47721	-073.2	1
-06.90089	 108.48883	-073.0	1
-06.90089	 108.50045	-072.4	1
-06.90089	 108.51207	-071.5	1
-06.90089	 108.52368	-070.6	1
-06.90089	 108.53531	-070.5	1
-06.90089	 108.54693	-070.9	1
-06.90089	 108.55855	-070.7	1
-06.91242	 106.21140	-034.3	1
-06.91242	 106.22302	-033.7	1
-06.91242	 106.23464	-032.8	1
-06.91242	 106.24626	-032.3	1
-06.91242	 106.25788	-031.9	1
-06.91242	 106.26950	-030.7	1
-06.91242	 106.28113	-029.9	1
-06.91242	 106.29274	-027.5	1
-06.91242	 106.30435	-027.1	1
-06.91242	 106.31598	-026.6	1
-06.91242	 106.32759	-025.5	1
-06.91242	 106.33922	-025.1	1
-06.91242	 106.35085	-024.9	1
-06.91242	 106.36246	-024.2	1
-06.91242	 106.37408	-022.6	1
-06.91242	 106.38570	-023.8	1
-06.91242	 106.39732	-025.2	1
-06.91242	 106.40894	-022.1	1
-06.91242	 106.42056	-019.9	1
-06.91242	 106.43217	-019.9	1
-06.91242	 106.44380	-020.3	1
-06.91242	 106.45541	-019.7	1
-06.91242	 106.46703	-019.3	1
-06.91242	 106.47865	-016.9	1
-06.91242	 106.49026	-016.1	1
-06.91242	 106.50189	 014.7	1
-06.91242	 106.51351	 006.6	1
-06.91242	 106.52513	 011.8	1
-06.91242	 106.53675	 018.2	1
-06.91242	 106.54837	 019.0	1
-06.91242	 106.56000	 018.4	1
-06.91242	 106.57161	 018.5	1
-06.91242	 106.58324	 018.6	1
-06.91242	 106.59485	 019.3	1
-06.91242	 106.60646	 019.7	1
-06.91242	 106.61809	 019.8	1
-06.91242	 106.62971	 018.2	1
-06.91242	 106.64133	 019.4	1
-06.91242	 106.65295	 019.7	1
-06.91242	 106.66457	 019.1	1
-06.91242	 106.67619	 020.4	1
-06.91242	 106.68781	 018.9	1
-06.91242	 106.69942	 019.0	1
-06.91242	 106.71104	 020.5	1
-06.91242	 106.72266	 020.8	1
-06.91242	 106.73427	 019.6	1
-06.91242	 106.74590	 019.5	1
-06.91242	 106.75752	 021.3	1
-06.91242	 106.76913	 021.5	1
-06.91242	 106.78076	 020.0	1
-06.91242	 106.79238	 021.8	1
-06.91242	 106.80400	 022.0	1
-06.91242	 106.81561	 021.6	1
-06.91242	 106.82724	 021.2	1
-06.91242	 106.83886	 020.9	1
-06.91242	 106.85048	 022.1	1
-06.91242	 106.86209	 021.9	1
-06.91242	 106.87372	 022.4	1
-06.91242	 106.88533	 027.5	1
-06.91242	 106.89696	 020.8	1
-06.91242	 106.90857	 008.9	1
-06.91242	 106.92019	 008.2	1
-06.91242	 106.93181	 026.7	1
-06.91242	 106.94344	 024.0	1
-06.91242	 106.95506	 029.6	1
-06.91242	 106.96667	 029.4	1
-06.91242	 106.97829	 028.7	1
-06.91242	 106.98991	 021.1	1
-06.91242	 107.00154	 013.4	1
-06.91242	 107.01315	 030.7	1
-06.91242	 107.02477	 026.7	1
-06.91242	 107.03641	 031.2	1
-06.91242	 107.04800	 026.8	1
-06.91242	 107.05962	 031.7	1
-06.91242	 107.07124	 032.2	1
-06.91242	 107.08287	 018.4	1
-06.91242	 107.09448	 019.6	1
-06.91242	 107.10609	 025.8	1
-06.91242	 107.11772	 028.4	1
-06.91242	 107.12935	 032.4	1
-06.91242	 107.14096	 030.5	1
-06.91242	 107.15259	 034.3	1
-06.91242	 107.16420	 026.3	1
-06.91242	 107.17583	 027.9	1
-06.91242	 107.18744	 035.4	1
-06.91242	 107.19906	 027.5	1
-06.91242	 107.21068	 018.8	1
-06.91242	 107.22231	 024.0	1
-06.91242	 107.23392	 037.0	1
-06.91242	 107.24554	 026.6	1
-06.91242	 107.25716	 032.4	1
-06.91242	 107.26878	 015.3	1
-06.91242	 107.28040	 029.8	1
-06.91242	 107.29202	 035.9	1
-06.91242	 107.30364	 037.3	1
-06.91242	 107.31525	 027.0	1
-06.91242	 107.32687	 039.6	1
-06.91242	 107.33850	 030.8	1
-06.91242	 107.35012	 034.0	1
-06.91242	 107.36174	 040.2	1
-06.91242	 107.37336	 043.4	1
-06.91242	 107.38498	 036.5	1
-06.91242	 107.39659	 038.6	1
-06.91242	 107.40822	 037.1	1
-06.91242	 107.41983	 037.1	1
-06.91242	 107.43145	 037.3	1
-06.91242	 107.44307	 037.0	1
-06.91242	 107.45469	 034.9	1
-06.91242	 107.46631	 013.5	1
-06.91242	 107.47794	-004.6	1
-06.91242	 107.48955	-004.4	1
-06.91242	 107.50117	-002.3	1
-06.91242	 107.51279	 000.6	1
-06.91242	 107.52441	 007.2	1
-06.91242	 107.53603	 001.4	1
-06.91242	 107.54765	 005.7	1
-06.91242	 107.55927	 018.8	1
-06.91242	 107.57088	 024.9	1
-06.91242	 107.58250	 030.6	1
-06.91242	 107.59412	 029.4	1
-06.91242	 107.60575	 027.5	1
-06.91242	 107.61736	 024.7	1
-06.91242	 107.62898	 023.4	1
-06.91242	 107.64060	 007.7	1
-06.91242	 107.65222	 000.9	1
-06.91242	 107.66384	-001.9	1
-06.91242	 107.67547	-004.5	1
-06.91242	 107.68708	-006.4	1
-06.91242	 107.69870	-008.7	1
-06.91242	 107.71033	-010.4	1
-06.91242	 107.72194	-010.4	1
-06.91242	 107.73356	-010.2	1
-06.91242	 107.74518	-009.9	1
-06.91242	 107.75681	-011.0	1
-06.91242	 107.76842	-011.9	1
-06.91242	 107.78004	-012.0	1
-06.91242	 107.79166	-012.2	1
-06.91242	 107.80328	-012.3	1
-06.91242	 107.81490	-013.1	1
-06.91242	 107.82652	-014.3	1
-06.91242	 107.83813	-016.2	1
-06.91242	 107.84975	-016.7	1
-06.91242	 107.86137	-015.3	1
-06.91242	 107.87299	-017.2	1
-06.91242	 107.88462	-019.6	1
-06.91242	 107.89623	-023.2	1
-06.91242	 107.90785	-024.6	1
-06.91242	 107.91948	-023.3	1
-06.91242	 107.93110	-025.1	1
-06.91242	 107.94270	-028.2	1
-06.91242	 107.95433	-028.5	1
-06.91242	 107.96596	-026.4	1
-06.91242	 107.97757	-028.0	1
-06.91242	 107.98918	-031.2	1
-06.91242	 108.00082	-028.4	1
-06.91242	 108.01243	-031.5	1
-06.91242	 108.02406	-035.3	1
-06.91242	 108.03568	-037.3	1
-06.91242	 108.04729	-040.9	1
-06.91242	 108.05891	-042.8	1
-06.91242	 108.07053	-043.4	1
-06.91242	 108.08215	-044.1	1
-06.91242	 108.09377	-044.8	1
-06.91242	 108.10538	-045.1	1
-06.91242	 108.11700	-044.4	1
-06.91242	 108.12863	-043.8	1
-06.91242	 108.14024	-043.0	1
-06.91242	 108.15186	-042.0	1
-06.91242	 108.16348	-042.3	1
-06.91242	 108.17510	-042.4	1
-06.91242	 108.18672	-043.8	1
-06.91242	 108.19834	-044.7	1
-06.91242	 108.20996	-044.9	1
-06.91242	 108.22158	-044.5	1
-06.91242	 108.23320	-044.7	1
-06.91242	 108.24482	-044.6	1
-06.91242	 108.25644	-044.2	1
-06.91242	 108.26806	-044.5	1
-06.91242	 108.27968	-043.7	1
-06.91242	 108.29130	-042.9	1
-06.91242	 108.30292	-042.5	1
-06.91242	 108.31454	-043.5	1
-06.91242	 108.32616	-042.7	1
-06.91242	 108.33778	-041.9	1
-06.91242	 108.34940	-041.8	1
-06.91242	 108.36102	-041.7	1
-06.91242	 108.37263	-039.5	1
-06.91242	 108.38425	-037.0	1
-06.91242	 108.39587	-034.8	1
-06.91242	 108.40749	-034.9	1
-06.91242	 108.41911	-039.0	1
-06.91242	 108.43073	-041.7	1
-06.91242	 108.44234	-045.9	1
-06.91242	 108.45396	-055.3	1
-06.91242	 108.46558	-059.5	1
-06.91242	 108.47720	-062.5	1
-06.91242	 108.48883	-063.6	1
-06.91242	 108.50044	-061.9	1
-06.91242	 108.51206	-062.8	1
-06.91242	 108.52368	-063.9	1
-06.91242	 108.53531	-065.9	1
-06.91242	 108.54692	-066.0	1
-06.91242	 108.55854	-066.6	1
-06.92396	 106.22302	-031.1	1
-06.92396	 106.23465	-030.7	1
-06.92396	 106.24626	-030.1	1
-06.92396	 106.25788	-030.0	1
-06.92396	 106.26950	-028.5	1
-06.92396	 106.28113	-026.6	1
-06.92396	 106.29274	-026.3	1
-06.92396	 106.30436	-026.0	1
-06.92396	 106.31598	-023.1	1
-06.92396	 106.32759	-023.2	1
-06.92396	 106.33922	-024.3	1
-06.92396	 106.35084	-023.7	1
-06.92396	 106.36246	-023.2	1
-06.92396	 106.37407	-021.4	1
-06.92396	 106.38570	-022.3	1
-06.92396	 106.39732	-023.7	1
-06.92396	 106.40894	-021.0	1
-06.92396	 106.42056	-018.8	1
-06.92396	 106.43217	-019.0	1
-06.92396	 106.44380	-017.3	1
-06.92396	 106.45541	-019.7	1
-06.92396	 106.46703	-018.0	1
-06.92396	 106.47865	-017.4	1
-06.92396	 106.49026	-012.8	1
-06.92396	 106.50189	 002.1	1
-06.92396	 106.51351	-006.4	1
-06.92396	 106.52513	 018.7	1
-06.92396	 106.53674	 017.2	1
-06.92396	 106.54837	 019.0	1
-06.92396	 106.56000	 019.1	1
-06.92396	 106.57161	 017.6	1
-06.92396	 106.58323	 019.4	1
-06.92396	 106.59485	 017.9	1
-06.92396	 106.60646	 019.3	1
-06.92396	 106.61809	 019.6	1
-06.92396	 106.62971	 018.2	1
-06.92396	 106.64133	 018.5	1
-06.92396	 106.65294	 019.6	1
-06.92396	 106.66457	 020.3	1
-06.92396	 106.67619	 020.0	1
-06.92396	 106.68781	 020.5	1
-06.92396	 106.69942	 020.6	1
-06.92396	 106.71104	 020.7	1
-06.92396	 106.72266	 019.2	1
-06.92396	 106.73427	 020.2	1
-06.92396	 106.74590	 019.9	1
-06.92396	 106.75752	 019.8	1
-06.92396	 106.76913	 021.5	1
-06.92396	 106.78075	 021.6	1
-06.92396	 106.79238	 021.8	1
-06.92396	 106.80400	 020.6	1
-06.92396	 106.81562	 020.9	1
-06.92396	 106.82724	 022.1	1
-06.92396	 106.83885	 022.4	1
-06.92396	 106.85049	 021.4	1
-06.92396	 106.86209	 021.4	1
-06.92396	 106.87372	 021.3	1
-06.92396	 106.88533	 022.3	1
-06.92396	 106.89696	 022.1	1
-06.92396	 106.90857	 023.3	1
-06.92396	 106.92019	 022.1	1
-06.92396	 106.93181	-006.9	1
-06.92396	 106.94344	 029.3	1
-06.92396	 106.95506	 028.3	1
-06.92396	 106.96667	 019.5	1
-06.92396	 106.97829	 029.3	1
-06.92396	 106.98991	 029.6	1
-06.92396	 107.00153	 030.1	1
-06.92396	 107.01314	 027.6	1
-06.92396	 107.02477	-005.0	1
-06.92396	 107.03639	 011.1	1
-06.92396	 107.04800	 031.5	1
-06.92396	 107.05962	 022.4	1
-06.92396	 107.07124	 029.3	1
-06.92396	 107.08287	-003.6	1
-06.92396	 107.09449	 030.9	1
-06.92396	 107.10610	 030.0	1
-06.92396	 107.11773	 030.9	1
-06.92396	 107.12935	 033.3	1
-06.92396	 107.14096	 027.2	1
-06.92396	 107.15257	 033.0	1
-06.92396	 107.16420	 034.0	1
-06.92396	 107.17583	 032.8	1
-06.92396	 107.18744	 035.5	1
-06.92396	 107.19906	 035.3	1
-06.92396	 107.21069	 036.3	1
-06.92396	 107.22231	 036.5	1
-06.92396	 107.23392	 035.3	1
-06.92396	 107.24554	 015.1	1
-06.92396	 107.25716	 037.1	1
-06.92396	 107.26878	 028.1	1
-06.92396	 107.28040	 028.6	1
-06.92396	 107.29202	 037.6	1
-06.92396	 107.30363	 040.3	1
-06.92396	 107.31525	 040.8	1
-06.92396	 107.32687	 034.3	1
-06.92396	 107.33849	 039.1	1
-06.92396	 107.35012	 042.0	1
-06.92396	 107.36174	 040.8	1
-06.92396	 107.37335	 041.9	1
-06.92396	 107.38497	 038.5	1
-06.92396	 107.39659	 037.5	1
-06.92396	 107.40821	 035.8	1
-06.92396	 107.41983	 036.6	1
-06.92396	 107.43145	 001.8	1
-06.92396	 107.44307	 008.3	1
-06.92396	 107.45469	 029.4	1
-06.92396	 107.46632	 028.2	1
-06.92396	 107.47793	-003.6	1
-06.92396	 107.48956	-011.9	1
-06.92396	 107.50117	-010.2	1
-06.92396	 107.51279	-008.8	1
-06.92396	 107.52441	-007.4	1
-06.92396	 107.53603	-008.4	1
-06.92396	 107.54765	-008.4	1
-06.92396	 107.55927	-004.3	1
-06.92396	 107.57088	-001.6	1
-06.92396	 107.58250	 002.0	1
-06.92396	 107.59412	 003.3	1
-06.92396	 107.60574	 006.1	1
-06.92396	 107.61736	 010.4	1
-06.92396	 107.62898	 002.7	1
-06.92396	 107.64061	 002.3	1
-06.92396	 107.65223	 001.0	1
-06.92396	 107.66385	 000.3	1
-06.92396	 107.67547	-001.5	1
-06.92396	 107.68709	-003.9	1
-06.92396	 107.69870	-004.7	1
-06.92396	 107.71033	-006.0	1
-06.92396	 107.72194	-007.1	1
-06.92396	 107.73356	-008.5	1
-06.92396	 107.74517	-010.6	1
-06.92396	 107.75681	-012.0	1
-06.92396	 107.76842	-013.6	1
-06.92396	 107.78004	-014.0	1
-06.92396	 107.79166	-013.2	1
-06.92396	 107.80328	-010.9	1
-06.92396	 107.81490	-014.3	1
-06.92396	 107.82652	-014.2	1
-06.92396	 107.83813	-013.7	1
-06.92396	 107.84975	-012.0	1
-06.92396	 107.86137	-011.3	1
-06.92396	 107.87300	-014.9	1
-06.92396	 107.88461	-016.0	1
-06.92396	 107.89623	-021.8	1
-06.92396	 107.90785	-023.8	1
-06.92396	 107.91948	-023.0	1
-06.92396	 107.93110	-027.0	1
-06.92396	 107.94272	-027.2	1
-06.92396	 107.95433	-027.0	1
-06.92396	 107.96596	-025.7	1
-06.92396	 107.97757	-025.8	1
-06.92396	 107.98918	-027.4	1
-06.92396	 108.00081	-029.5	1
-06.92396	 108.01243	-031.2	1
-06.92396	 108.02404	-031.2	1
-06.92396	 108.03568	-034.7	1
-06.92396	 108.04729	-037.7	1
-06.92396	 108.05891	-039.5	1
-06.92396	 108.07053	-042.1	1
-06.92396	 108.08215	-043.1	1
-06.92396	 108.09377	-044.4	1
-06.92396	 108.10539	-045.2	1
-06.92396	 108.11700	-046.1	1
-06.92396	 108.12862	-046.5	1
-06.92396	 108.14024	-046.2	1
-06.92396	 108.15186	-045.7	1
-06.92396	 108.16348	-044.5	1
-06.92396	 108.17510	-045.1	1
-06.92396	 108.18671	-044.3	1
-06.92396	 108.19835	-044.7	1
-06.92396	 108.20996	-045.3	1
-06.92396	 108.22158	-045.2	1
-06.92396	 108.23320	-045.0	1
-06.92396	 108.24482	-044.8	1
-06.92396	 108.25645	-043.6	1
-06.92396	 108.26806	-042.9	1
-06.92396	 108.27968	-044.1	1
-06.92396	 108.29130	-043.2	1
-06.92396	 108.30292	-042.5	1
-06.92396	 108.31453	-041.8	1
-06.92396	 108.32616	-043.2	1
-06.92396	 108.33778	-042.9	1
-06.92396	 108.34939	-042.3	1
-06.92396	 108.36101	-041.5	1
-06.92396	 108.37264	-039.6	1
-06.92396	 108.38425	-037.5	1
-06.92396	 108.39587	-039.9	1
-06.92396	 108.40750	-041.4	1
-06.92396	 108.41911	-043.6	1
-06.92396	 108.43073	-045.1	1
-06.92396	 108.44235	-047.8	1
-06.92396	 108.45397	-049.8	1
-06.92396	 108.46558	-047.6	1
-06.92396	 108.47720	-051.7	1
-06.92396	 108.48883	-053.6	1
-06.92396	 108.50045	-053.8	1
-06.92396	 108.51207	-055.7	1
-06.92396	 108.52368	-057.9	1
-06.92396	 108.53532	-059.5	1
-06.92396	 108.54692	-061.9	1
-06.92396	 108.55855	-062.7	1
-06.93550	 106.22302	-029.8	1
-06.93550	 106.23465	-029.3	1
-06.93550	 106.24626	-028.9	1
-06.93550	 106.25788	-027.5	1
-06.93550	 106.26950	-025.9	1
-06.93550	 106.28113	-025.4	1
-06.93550	 106.29273	-025.8	1
-06.93550	 106.30437	-023.9	1
-06.93550	 106.31598	-022.9	1
-06.93550	 106.32759	-022.8	1
-06.93550	 106.33921	-023.5	1
-06.93550	 106.35085	-022.7	1
-06.93550	 106.36246	-021.8	1
-06.93550	 106.37408	-021.4	1
-06.93550	 106.38570	-022.4	1
-06.93550	 106.39732	-020.7	1
-06.93550	 106.40894	-018.2	1
-06.93550	 106.42056	-019.8	1
-06.93550	 106.43217	-018.9	1
-06.93550	 106.44380	-019.3	1
-06.93550	 106.45541	-018.9	1
-06.93550	 106.46703	-018.2	1
-06.93550	 106.47865	-018.1	1
-06.93550	 106.49026	-016.8	1
-06.93550	 106.50189	-016.5	1
-06.93550	 106.51351	 000.3	1
-06.93550	 106.52513	 018.8	1
-06.93550	 106.53675	 017.2	1
-06.93550	 106.54837	 017.6	1
-06.93550	 106.56000	 017.5	1
-06.93550	 106.57161	 018.7	1
-06.93550	 106.58323	 018.8	1
-06.93550	 106.59485	 017.8	1
-06.93550	 106.60646	 019.6	1
-06.93550	 106.61809	 018.6	1
-06.93550	 106.62971	 019.6	1
-06.93550	 106.64133	 019.9	1
-06.93550	 106.65294	 019.9	1
-06.93550	 106.66457	 019.8	1
-06.93550	 106.67619	 020.3	1
-06.93550	 106.68781	 020.4	1
-06.93550	 106.69942	 020.6	1
-06.93550	 106.71104	 020.8	1
-06.93550	 106.72266	 019.6	1
-06.93550	 106.73427	 021.0	1
-06.93550	 106.74590	 021.0	1
-06.93550	 106.75753	 020.9	1
-06.93550	 106.76913	 021.2	1
-06.93550	 106.78075	 020.4	1
-06.93550	 106.79238	 021.3	1
-06.93550	 106.80399	 020.6	1
-06.93550	 106.81562	 021.1	1
-06.93550	 106.82724	 020.7	1
-06.93550	 106.83886	 021.4	1
-06.93550	 106.85048	 022.6	1
-06.93550	 106.86209	 021.2	1
-06.93550	 106.87371	 021.6	1
-06.93550	 106.88533	 023.0	1
-06.93550	 106.89696	 021.7	1
-06.93550	 106.90858	 021.9	1
-06.93550	 106.92020	 022.0	1
-06.93550	 106.93181	 024.2	1
-06.93550	 106.94344	 022.6	1
-06.93550	 106.95506	 026.2	1
-06.93550	 106.96667	 024.7	1
-06.93550	 106.97829	 029.7	1
-06.93550	 106.98991	 002.9	1
-06.93550	 107.00153	 029.5	1
-06.93550	 107.01315	 005.9	1
-06.93550	 107.02477	 030.5	1
-06.93550	 107.03639	 030.2	1
-06.93550	 107.04800	 030.4	1
-06.93550	 107.05962	 006.3	1
-06.93550	 107.07125	 030.9	1
-06.93550	 107.08287	 022.7	1
-06.93550	 107.09448	 028.8	1
-06.93550	 107.10610	 025.5	1
-06.93550	 107.11772	 026.4	1
-06.93550	 107.12935	 033.5	1
-06.93550	 107.14097	 030.4	1
-06.93550	 107.15258	 028.9	1
-06.93550	 107.16420	 025.5	1
-06.93550	 107.17583	 034.7	1
-06.93550	 107.18744	 034.4	1
-06.93550	 107.19907	 028.7	1
-06.93550	 107.21068	 036.1	1
-06.93550	 107.22231	 031.4	1
-06.93550	 107.23392	 019.9	1
-06.93550	 107.24554	 025.7	1
-06.93550	 107.25716	 037.9	1
-06.93550	 107.26878	 028.1	1
-06.93550	 107.28040	 034.3	1
-06.93550	 107.29202	 029.5	1
-06.93550	 107.30363	 039.6	1
-06.93550	 107.31526	 039.0	1
-06.93550	 107.32687	 040.6	1
-06.93550	 107.33850	 013.0	1
-06.93550	 107.35011	 041.2	1
-06.93550	 107.36174	 036.2	1
-06.93550	 107.37335	 039.3	1
-06.93550	 107.38497	 036.4	1
-06.93550	 107.39659	 035.6	1
-06.93550	 107.40822	 036.4	1
-06.93550	 107.41983	 022.1	1
-06.93550	 107.43145	-004.5	1
-06.93550	 107.44308	-005.3	1
-06.93550	 107.45468	-006.9	1
-06.93550	 107.46631	 001.2	1
-06.93550	 107.47794	-000.8	1
-06.93550	 107.48956	-010.1	1
-06.93550	 107.50117	-014.4	1
-06.93550	 107.51279	-015.4	1
-06.93550	 107.52441	-013.8	1
-06.93550	 107.53603	-012.4	1
-06.93550	 107.54765	-012.5	1
-06.93550	 107.55927	-012.4	1
-06.93550	 107.57088	-011.5	1
-06.93550	 107.58250	-007.9	1
-06.93550	 107.59412	-005.9	1
-06.93550	 107.60575	-004.0	1
-06.93550	 107.61736	-001.4	1
-06.93550	 107.62898	-000.1	1
-06.93550	 107.64061	 000.9	1
-06.93550	 107.65222	-001.5	1
-06.93550	 107.66384	-002.9	1
-06.93550	 107.67547	-003.3	1
-06.93550	 107.68707	-003.0	1
-06.93550	 107.69870	-003.0	1
-06.93550	 107.71033	-004.1	1
-06.93550	 107.72195	-005.8	1
-06.93550	 107.73356	-006.0	1
-06.93550	 107.74518	-006.9	1
-06.93550	 107.75681	-008.3	1
-06.93550	 107.76842	-010.3	1
-06.93550	 107.78003	-011.8	1
-06.93550	 107.79166	-011.8	1
-06.93550	 107.80328	-012.1	1
-06.93550	 107.81490	-017.8	1
-06.93550	 107.82652	-018.4	1
-06.93550	 107.83813	-016.7	1
-06.93550	 107.84975	-015.2	1
-06.93550	 107.86137	-014.7	1
-06.93550	 107.87299	-016.0	1
-06.93550	 107.88461	-018.7	1
-06.93550	 107.89624	-023.8	1
-06.93550	 107.90785	-024.4	1
-06.93550	 107.91947	-023.5	1
-06.93550	 107.93109	-024.5	1
-06.93550	 107.94271	-026.9	1
-06.93550	 107.95433	-026.3	1
-06.93550	 107.96595	-025.6	1
-06.93550	 107.97757	-024.7	1
-06.93550	 107.98919	-025.2	1
-06.93550	 108.00081	-026.0	1
-06.93550	 108.01244	-027.0	1
-06.93550	 108.02405	-028.1	1
-06.93550	 108.03568	-032.5	1
-06.93550	 108.04729	-034.7	1
-06.93550	 108.05890	-036.2	1
-06.93550	 108.07053	-039.8	1
-06.93550	 108.08215	-041.6	1
-06.93550	 108.09377	-042.5	1
-06.93550	 108.10538	-043.4	1
-06.93550	 108.11700	-044.4	1
-06.93550	 108.12863	-044.8	1
-06.93550	 108.14024	-045.1	1
-06.93550	 108.15186	-045.0	1
-06.93550	 108.16348	-044.3	1
-06.93550	 108.17509	-044.8	1
-06.93550	 108.18672	-046.4	1
-06.93550	 108.19834	-046.2	1
-06.93550	 108.20997	-046.6	1
-06.93550	 108.22158	-046.2	1
-06.93550	 108.23319	-045.2	1
-06.93550	 108.24483	-045.9	1
-06.93550	 108.25644	-046.8	1
-06.93550	 108.26805	-046.2	1
-06.93550	 108.27968	-045.4	1
-06.93550	 108.29129	-044.9	1
-06.93550	 108.30292	-044.3	1
-06.93550	 108.31454	-043.6	1
-06.93550	 108.32616	-043.4	1
-06.93550	 108.33778	-043.3	1
-06.93550	 108.34939	-043.3	1
-06.93550	 108.36102	-043.1	1
-06.93550	 108.37263	-041.4	1
-06.93550	 108.38425	-040.5	1
-06.93550	 108.39587	-040.3	1
-06.93550	 108.40750	-042.3	1
-06.93550	 108.41911	-044.8	1
-06.93550	 108.43073	-047.1	1
-06.93550	 108.44234	-048.9	1
-06.93550	 108.45397	-050.2	1
-06.93550	 108.46558	-050.9	1
-06.93550	 108.47721	-050.7	1
-06.93550	 108.48883	-053.0	1
-06.93550	 108.50045	-054.2	1
-06.93550	 108.51207	-054.7	1
-06.93550	 108.52368	-056.2	1
-06.93550	 108.53531	-056.8	1
-06.93550	 108.54693	-057.5	1
-06.93550	 108.55855	-058.5	1
-06.94703	 106.22302	-028.6	1
-06.94703	 106.23464	-028.3	1
-06.94703	 106.24626	-027.6	1
-06.94703	 106.25788	-026.7	1
-06.94703	 106.26950	-026.2	1
-06.94703	 106.28113	-025.8	1
-06.94703	 106.29274	-023.1	1
-06.94703	 106.30436	-022.9	1
-06.94703	 106.31598	-022.5	1
-06.94703	 106.32759	-023.8	1
-06.94703	 106.33921	-022.0	1
-06.94703	 106.35085	-021.6	1
-06.94703	 106.36246	-020.8	1
-06.94703	 106.37408	-020.4	1
-06.94703	 106.38570	-019.8	1
-06.94703	 106.39732	-022.0	1
-06.94703	 106.40894	-019.3	1
-06.94703	 106.42056	-019.9	1
-06.94703	 106.43217	-018.4	1
-06.94703	 106.44380	-019.4	1
-06.94703	 106.45541	-017.7	1
-06.94703	 106.46703	-016.6	1
-06.94703	 106.47865	-016.4	1
-06.94703	 106.49027	-016.1	1
-06.94703	 106.50189	-015.0	1
-06.94703	 106.51351	-002.3	1
-06.94703	 106.52513	 012.5	1
-06.94703	 106.53674	 017.6	1
-06.94703	 106.54837	 018.5	1
-06.94703	 106.56000	 019.1	1
-06.94703	 106.57161	 019.2	1
-06.94703	 106.58323	 017.8	1
-06.94703	 106.59485	 019.3	1
-06.94703	 106.60646	 017.1	1
-06.94703	 106.61809	 019.5	1
-06.94703	 106.62971	 018.6	1
-06.94703	 106.64133	 020.0	1
-06.94703	 106.65294	 019.4	1
-06.94703	 106.66457	 020.0	1
-06.94703	 106.67618	 018.7	1
-06.94703	 106.68781	 020.1	1
-06.94703	 106.69942	 019.3	1
-06.94703	 106.71105	 020.6	1
-06.94703	 106.72267	 020.0	1
-06.94703	 106.73428	 017.0	1
-06.94703	 106.74590	 006.1	1
-06.94703	 106.75752	 000.4	1
-06.94703	 106.76913	 020.3	1
-06.94703	 106.78075	 021.3	1
-06.94703	 106.79238	 020.4	1
-06.94703	 106.80400	 020.4	1
-06.94703	 106.81561	 022.1	1
-06.94703	 106.82724	 021.9	1
-06.94703	 106.83885	 021.3	1
-06.94703	 106.85047	 021.5	1
-06.94703	 106.86210	 022.6	1
-06.94703	 106.87370	 021.7	1
-06.94703	 106.88533	 021.6	1
-06.94703	 106.89696	 022.3	1
-06.94703	 106.90857	 027.0	1
-06.94703	 106.92020	 015.6	1
-06.94703	 106.93181	 026.6	1
-06.94703	 106.94344	 024.5	1
-06.94703	 106.95506	 010.8	1
-06.94703	 106.96667	 029.7	1
-06.94703	 106.97829	 029.5	1
-06.94703	 106.98991	 026.6	1
-06.94703	 107.00153	 027.2	1
-06.94703	 107.01315	 029.4	1
-06.94703	 107.02477	 030.0	1
-06.94703	 107.03639	 009.9	1
-06.94703	 107.04800	 029.1	1
-06.94703	 107.05963	 024.2	1
-06.94703	 107.07124	 029.5	1
-06.94703	 107.08287	 028.9	1
-06.94703	 107.09448	 027.4	1
-06.94703	 107.10610	 026.3	1
-06.94703	 107.11773	 023.0	1
-06.94703	 107.12935	 032.3	1
-06.94703	 107.14096	 024.8	1
-06.94703	 107.15258	 027.9	1
-06.94703	 107.16420	 013.8	1
-06.94703	 107.17583	 032.1	1
-06.94703	 107.18744	 033.5	1
-06.94703	 107.19906	 024.2	1
-06.94703	 107.21068	 029.0	1
-06.94703	 107.22231	 020.1	1
-06.94703	 107.23392	 031.8	1
-06.94703	 107.24553	 030.2	1
-06.94703	 107.25716	 032.2	1
-06.94703	 107.26878	 032.5	1
-06.94703	 107.28040	 038.0	1
-06.94703	 107.29202	 038.7	1
-06.94703	 107.30364	 035.8	1
-06.94703	 107.31526	 027.7	1
-06.94703	 107.32687	 034.0	1
-06.94703	 107.33849	 033.9	1
-06.94703	 107.35011	 034.7	1
-06.94703	 107.36174	 035.1	1
-06.94703	 107.37335	 035.6	1
-06.94703	 107.38497	 037.3	1
-06.94703	 107.39659	 035.7	1
-06.94703	 107.40820	 034.0	1
-06.94703	 107.41983	 004.5	1
-06.94703	 107.43144	-008.9	1
-06.94703	 107.44307	-013.7	1
-06.94703	 107.45470	-010.2	1
-06.94703	 107.46632	-008.1	1
-06.94703	 107.47793	-005.1	1
-06.94703	 107.48956	-007.3	1
-06.94703	 107.50117	-014.4	1
-06.94703	 107.51279	-016.5	1
-06.94703	 107.52441	-017.2	1
-06.94703	 107.53603	-018.1	1
-06.94703	 107.54765	-014.6	1
-06.94703	 107.55927	-014.9	1
-06.94703	 107.57089	-015.4	1
-06.94703	 107.58252	-013.8	1
-06.94703	 107.59412	-012.8	1
-06.94703	 107.60575	-010.8	1
-06.94703	 107.61736	-008.2	1
-06.94703	 107.62899	-006.4	1
-06.94703	 107.64061	-004.7	1
-06.94703	 107.65222	-003.5	1
-06.94703	 107.66383	-002.4	1
-06.94703	 107.67547	-003.6	1
-06.94703	 107.68709	-005.3	1
-06.94703	 107.69870	-005.9	1
-06.94703	 107.71033	-005.2	1
-06.94703	 107.72194	-004.5	1
-06.94703	 107.73356	-005.0	1
-06.94703	 107.74519	-005.8	1
-06.94703	 107.75680	-006.6	1
-06.94703	 107.76842	-007.4	1
-06.94703	 107.78003	-009.1	1
-06.94703	 107.79166	-010.6	1
-06.94703	 107.80328	-011.1	1
-06.94703	 107.81490	-011.9	1
-06.94703	 107.82652	-015.3	1
-06.94703	 107.83813	-017.7	1
-06.94703	 107.84975	-018.0	1
-06.94703	 107.86137	-019.5	1
-06.94703	 107.87299	-020.1	1
-06.94703	 107.88461	-021.4	1
-06.94703	 107.89622	-024.4	1
-06.94703	 107.90785	-025.3	1
-06.94703	 107.91947	-026.3	1
-06.94703	 107.93109	-026.5	1
-06.94703	 107.94271	-026.7	1
-06.94703	 107.95432	-027.8	1
-06.94703	 107.96596	-025.7	1
-06.94703	 107.97757	-027.0	1
-06.94703	 107.98918	-027.8	1
-06.94703	 108.00082	-027.7	1
-06.94703	 108.01243	-029.3	1
-06.94703	 108.02405	-031.2	1
-06.94703	 108.03567	-032.7	1
-06.94703	 108.04729	-034.1	1
-06.94703	 108.05891	-036.5	1
-06.94703	 108.07053	-038.5	1
-06.94703	 108.08215	-040.0	1
-06.94703	 108.09377	-040.8	1
-06.94703	 108.10538	-041.4	1
-06.94703	 108.11700	-041.8	1
-06.94703	 108.12862	-042.1	1
-06.94703	 108.14024	-043.6	1
-06.94703	 108.15186	-044.0	1
-06.94703	 108.16348	-044.9	1
-06.94703	 108.17510	-044.7	1
-06.94703	 108.18672	-045.7	1
-06.94703	 108.19835	-046.0	1
-06.94703	 108.20996	-046.5	1
-06.94703	 108.22158	-046.5	1
-06.94703	 108.23320	-046.0	1
-06.94703	 108.24482	-045.4	1
-06.94703	 108.25644	-045.5	1
-06.94703	 108.26806	-045.5	1
-06.94703	 108.27968	-046.3	1
-06.94703	 108.29130	-046.4	1
-06.94703	 108.30292	-046.0	1
-06.94703	 108.31453	-045.6	1
-06.94703	 108.32616	-045.0	1
-06.94703	 108.33778	-044.8	1
-06.94703	 108.34939	-044.7	1
-06.94703	 108.36102	-045.0	1
-06.94703	 108.37264	-044.1	1
-06.94703	 108.38425	-043.2	1
-06.94703	 108.39587	-043.8	1
-06.94703	 108.40749	-045.2	1
-06.94703	 108.41911	-046.1	1
-06.94703	 108.43073	-047.7	1
-06.94703	 108.44235	-049.2	1
-06.94703	 108.45398	-050.3	1
-06.94703	 108.46558	-051.1	1
-06.94703	 108.47721	-051.8	1
-06.94703	 108.48884	-052.3	1
-06.94703	 108.50045	-052.7	1
-06.94703	 108.51207	-051.7	1
-06.94703	 108.52368	-054.2	1
-06.94703	 108.53531	-055.1	1
-06.94703	 108.54692	-055.7	1
-06.94703	 108.55855	-056.5	1
-06.95857	 106.22302	-027.7	1
-06.95857	 106.23465	-027.6	1
-06.95857	 106.24626	-027.4	1
-06.95857	 106.25788	-027.0	1
-06.95857	 106.26950	-026.2	1
-06.95857	 106.28113	-024.8	1
-06.95857	 106.29274	-025.4	1
-06.95857	 106.30436	-024.6	1
-06.95857	 106.31598	-023.3	1
-06.95857	 106.32759	-023.1	1
-06.95857	 106.33922	-020.5	1
-06.95857	 106.35084	-019.1	1
-06.95857	 106.36246	-019.9	1
-06.95857	 106.37407	-019.1	1
-06.95857	 106.38570	-018.1	1
-06.95857	 106.39732	-019.9	1
-06.95857	 106.40894	-014.8	1
-06.95857	 106.42056	-020.6	1
-06.95857	 106.43217	-020.4	1
-06.95857	 106.44380	-019.9	1
-06.95857	 106.45541	-019.0	1
-06.95857	 106.46703	-018.3	1
-06.95857	 106.47865	-017.4	1
-06.95857	 106.49026	-016.6	1
-06.95857	 106.50189	-016.1	1
-06.95857	 106.51352	-016.0	1
-06.95857	 106.52513	-015.8	1
-06.95857	 106.53675	-014.9	1
-06.95857	 106.54836	-015.2	1
-06.95857	 106.56000	 003.4	1
-06.95857	 106.57161	-000.3	1
-06.95857	 106.58322	 016.6	1
-06.95857	 106.59485	 012.5	1
-06.95857	 106.60646	-014.4	1
-06.95857	 106.61809	 012.8	1
-06.95857	 106.62971	 017.2	1
-06.95857	 106.64133	 016.3	1
-06.95857	 106.65295	-002.2	1
-06.95857	 106.66457	-017.0	1
-06.95857	 106.67619	-017.0	1
-06.95857	 106.68781	-017.8	1
-06.95857	 106.69942	-016.4	1
-06.95857	 106.71104	-015.9	1
-06.95857	 106.72267	-012.8	1
-06.95857	 106.73428	-012.4	1
-06.95857	 106.74590	 014.4	1
-06.95857	 106.75752	 020.9	1
-06.95857	 106.76913	 020.3	1
-06.95857	 106.78075	 021.6	1
-06.95857	 106.79239	 020.3	1
-06.95857	 106.80400	 021.4	1
-06.95857	 106.81562	 021.9	1
-06.95857	 106.82723	 022.2	1
-06.95857	 106.83886	 020.6	1
-06.95857	 106.85048	 020.9	1
-06.95857	 106.86210	 022.7	1
-06.95857	 106.87371	 021.3	1
-06.95857	 106.88533	 020.3	1
-06.95857	 106.89696	 028.4	1
-06.95857	 106.90857	 028.1	1
-06.95857	 106.92020	 021.5	1
-06.95857	 106.93181	 027.2	1
-06.95857	 106.94344	 012.3	1
-06.95857	 106.95506	 022.2	1
-06.95857	 106.96666	 024.5	1
-06.95857	 106.97829	 001.9	1
-06.95857	 106.98991	 029.9	1
-06.95857	 107.00153	 028.7	1
-06.95857	 107.01315	 029.9	1
-06.95857	 107.02477	 030.3	1
-06.95857	 107.03639	 023.1	1
-06.95857	 107.04800	 029.9	1
-06.95857	 107.05962	 023.2	1
-06.95857	 107.07124	 027.3	1
-06.95857	 107.08287	 030.9	1
-06.95857	 107.09448	 029.8	1
-06.95857	 107.10611	 032.6	1
-06.95857	 107.11772	 027.1	1
-06.95857	 107.12935	 025.5	1
-06.95857	 107.14097	 033.5	1
-06.95857	 107.15259	 021.7	1
-06.95857	 107.16421	 010.1	1
-06.95857	 107.17583	 034.2	1
-06.95857	 107.18744	 029.6	1
-06.95857	 107.19906	 028.3	1
-06.95857	 107.21069	 025.5	1
-06.95857	 107.22231	 029.5	1
-06.95857	 107.23392	 030.5	1
-06.95857	 107.24553	 031.4	1
-06.95857	 107.25716	 030.3	1
-06.95857	 107.26878	 024.8	1
-06.95857	 107.28040	 037.5	1
-06.95857	 107.29201	 025.6	1
-06.95857	 107.30363	 018.5	1
-06.95857	 107.31526	 032.1	1
-06.95857	 107.32688	 032.6	1
-06.95857	 107.33849	 032.7	1
-06.95857	 107.35011	 034.3	1
-06.95857	 107.36174	 033.1	1
-06.95857	 107.37335	 038.6	1
-06.95857	 107.38497	 032.0	1
-06.95857	 107.39659	 033.8	1
-06.95857	 107.40822	 033.5	1
-06.95857	 107.41983	 001.1	1
-06.95857	 107.43146	-012.3	1
-06.95857	 107.44307	-016.6	1
-06.95857	 107.45469	-011.8	1
-06.95857	 107.46631	-009.7	1
-06.95857	 107.47794	-007.0	1
-06.95857	 107.48956	-008.6	1
-06.95857	 107.50117	-011.0	1
-06.95857	 107.51279	-014.3	1
-06.95857	 107.52441	-020.0	1
-06.95857	 107.53603	-019.1	1
-06.95857	 107.54765	-019.6	1
-06.95857	 107.55927	-016.1	1
-06.95857	 107.57088	-016.1	1
-06.95857	 107.58250	-017.0	1
-06.95857	 107.59412	-015.6	1
-06.95857	 107.60574	-015.8	1
-06.95857	 107.61736	-014.1	1
-06.95857	 107.62898	-012.9	1
-06.95857	 107.64061	-009.1	1
-06.95857	 107.65222	-007.4	1
-06.95857	 107.66384	-007.2	1
-06.95857	 107.67547	-005.6	1
-06.95857	 107.68709	-004.5	1
-06.95857	 107.69871	-003.7	1
-06.95857	 107.71033	-006.1	1
-06.95857	 107.72194	-006.9	1
-06.95857	 107.73356	-007.5	1
-06.95857	 107.74518	-006.2	1
-06.95857	 107.75680	-006.2	1
-06.95857	 107.76843	-006.2	1
-06.95857	 107.78004	-007.0	1
-06.95857	 107.79166	-007.8	1
-06.95857	 107.80328	-008.9	1
-06.95857	 107.81490	-010.0	1
-06.95857	 107.82652	-010.9	1
-06.95857	 107.83813	-011.5	1
-06.95857	 107.84976	-012.2	1
-06.95857	 107.86138	-014.0	1
-06.95857	 107.87300	-019.0	1
-06.95857	 107.88462	-020.9	1
-06.95857	 107.89623	-023.6	1
-06.95857	 107.90785	-024.9	1
-06.95857	 107.91948	-025.6	1
-06.95857	 107.93109	-025.7	1
-06.95857	 107.94271	-025.3	1
-06.95857	 107.95432	-026.1	1
-06.95857	 107.96596	-027.6	1
-06.95857	 107.97758	-028.1	1
-06.95857	 107.98919	-030.3	1
-06.95857	 108.00081	-032.4	1
-06.95857	 108.01244	-032.5	1
-06.95857	 108.02405	-033.0	1
-06.95857	 108.03568	-033.8	1
-06.95857	 108.04729	-035.8	1
-06.95857	 108.05891	-036.5	1
-06.95857	 108.07053	-038.7	1
-06.95857	 108.08215	-040.4	1
-06.95857	 108.09377	-041.5	1
-06.95857	 108.10538	-041.4	1
-06.95857	 108.11700	-042.0	1
-06.95857	 108.12863	-042.7	1
-06.95857	 108.14024	-042.0	1
-06.95857	 108.15186	-042.2	1
-06.95857	 108.16348	-042.6	1
-06.95857	 108.17511	-043.1	1
-06.95857	 108.18672	-044.6	1
-06.95857	 108.19835	-045.6	1
-06.95857	 108.20996	-045.6	1
-06.95857	 108.22159	-046.4	1
-06.95857	 108.23320	-046.3	1
-06.95857	 108.24482	-046.8	1
-06.95857	 108.25643	-046.6	1
-06.95857	 108.26806	-046.0	1
-06.95857	 108.27967	-045.9	1
-06.95857	 108.29130	-045.2	1
-06.95857	 108.30292	-045.3	1
-06.95857	 108.31454	-045.1	1
-06.95857	 108.32616	-045.0	1
-06.95857	 108.33778	-044.7	1
-06.95857	 108.34940	-044.8	1
-06.95857	 108.36102	-044.8	1
-06.95857	 108.37263	-044.6	1
-06.95857	 108.38425	-045.3	1
-06.95857	 108.39587	-045.6	1
-06.95857	 108.40749	-047.6	1
-06.95857	 108.41911	-048.6	1
-06.95857	 108.43073	-049.5	1
-06.95857	 108.44234	-050.5	1
-06.95857	 108.45397	-050.9	1
-06.95857	 108.46558	-051.5	1
-06.95857	 108.47721	-051.9	1
-06.95857	 108.48883	-052.5	1
-06.95857	 108.50045	-052.9	1
-06.95857	 108.51207	-053.3	1
-06.95857	 108.52369	-053.7	1
-06.95857	 108.53531	-054.2	1
-06.95857	 108.54693	-053.0	1
-06.97011	 106.22302	-026.8	1
-06.97011	 106.23465	-026.3	1
-06.97011	 106.24626	-025.8	1
-06.97011	 106.25788	-025.3	1
-06.97011	 106.26950	-024.3	1
-06.97011	 106.28113	-023.9	1
-06.97011	 106.29273	-023.5	1
-06.97011	 106.30436	-023.3	1
-06.97011	 106.31598	-023.0	1
-06.97011	 106.32760	-022.5	1
-06.97011	 106.33922	-021.5	1
-06.97011	 106.35084	-020.6	1
-06.97011	 106.36246	-020.1	1
-06.97011	 106.37407	-020.4	1
-06.97011	 106.38570	-020.1	1
-06.97011	 106.39732	-019.4	1
-06.97011	 106.40894	-019.0	1
-06.97011	 106.42056	-020.6	1
-06.97011	 106.43217	-021.0	1
-06.97011	 106.44379	-021.4	1
-06.97011	 106.45541	-021.8	1
-06.97011	 106.46703	-022.0	1
-06.97011	 106.47865	-022.0	1
-06.97011	 106.49027	-022.3	1
-06.97011	 106.50189	-022.6	1
-06.97011	 106.51352	-022.2	1
-06.97011	 106.52513	-021.1	1
-06.97011	 106.53674	-018.8	1
-06.97011	 106.54837	-017.0	1
-06.97011	 106.56000	-017.2	1
-06.97011	 106.57160	-004.7	1
-06.97011	 106.58323	 016.9	1
-06.97011	 106.59485	-016.4	1
-06.97011	 106.60646	-021.5	1
-06.97011	 106.61809	-019.9	1
-06.97011	 106.62971	-020.3	1
-06.97011	 106.64133	-020.8	1
-06.97011	 106.65294	-017.6	1
-06.97011	 106.66457	-020.5	1
-06.97011	 106.67619	-016.5	1
-06.97011	 106.68781	-015.3	1
-06.97011	 106.69942	-012.8	1
-06.97011	 106.71104	-007.8	1
-06.97011	 106.72267	 017.0	1
-06.97011	 106.73427	 017.3	1
-06.97011	 106.74590	 006.4	1
-06.97011	 106.75752	 003.4	1
-06.97011	 106.76914	 020.5	1
-06.97011	 106.78075	 020.3	1
-06.97011	 106.79237	 020.4	1
-06.97011	 106.80400	 021.5	1
-06.97011	 106.81562	 021.8	1
-06.97011	 106.82723	 022.2	1
-06.97011	 106.83885	 022.3	1
-06.97011	 106.85048	 022.5	1
-06.97011	 106.86209	 027.7	1
-06.97011	 106.87372	 026.3	1
-06.97011	 106.88533	 026.3	1
-06.97011	 106.89696	 020.8	1
-06.97011	 106.90858	 021.0	1
-06.97011	 106.92020	 028.1	1
-06.97011	 106.93181	 017.3	1
-06.97011	 106.94344	 028.7	1
-06.97011	 106.95506	 026.9	1
-06.97011	 106.96667	 028.6	1
-06.97011	 106.97829	 029.2	1
-06.97011	 106.98991	 019.1	1
-06.97011	 107.00154	 030.1	1
-06.97011	 107.01315	 012.9	1
-06.97011	 107.02477	 025.6	1
-06.97011	 107.03640	 028.6	1
-06.97011	 107.04800	 028.5	1
-06.97011	 107.05962	 031.4	1
-06.97011	 107.07124	 023.4	1
-06.97011	 107.08288	 031.9	1
-06.97011	 107.09448	 032.1	1
-06.97011	 107.10611	 020.0	1
-06.97011	 107.11772	 030.4	1
-06.97011	 107.12935	 005.6	1
-06.97011	 107.14096	 028.4	1
-06.97011	 107.15257	 033.5	1
-06.97011	 107.16421	 022.8	1
-06.97011	 107.17583	 027.8	1
-06.97011	 107.18745	 023.0	1
-06.97011	 107.19905	 028.4	1
-06.97011	 107.21068	 030.1	1
-06.97011	 107.22231	 030.0	1
-06.97011	 107.23392	 030.1	1
-06.97011	 107.24554	 031.2	1
-06.97011	 107.25716	 030.2	1
-06.97011	 107.26878	 029.7	1
-06.97011	 107.28040	 032.2	1
-06.97011	 107.29202	 033.2	1
-06.97011	 107.30363	 032.4	1
-06.97011	 107.31526	 032.9	1
-06.97011	 107.32687	 032.1	1
-06.97011	 107.33849	 033.1	1
-06.97011	 107.35011	 032.2	1
-06.97011	 107.36174	 032.3	1
-06.97011	 107.37335	 029.7	1
-06.97011	 107.38498	 027.7	1
-06.97011	 107.39659	 034.2	1
-06.97011	 107.40821	 020.7	1
-06.97011	 107.41984	-001.9	1
-06.97011	 107.43145	-012.1	1
-06.97011	 107.44308	-016.1	1
-06.97011	 107.45468	-015.0	1
-06.97011	 107.46631	-010.5	1
-06.97011	 107.47794	-012.9	1
-06.97011	 107.48955	-010.6	1
-06.97011	 107.50117	-010.9	1
-06.97011	 107.51279	-014.9	1
-06.97011	 107.52441	-020.2	1
-06.97011	 107.53602	-021.1	1
-06.97011	 107.54765	-020.3	1
-06.97011	 107.55927	-018.9	1
-06.97011	 107.57088	-017.5	1
-06.97011	 107.58250	-016.9	1
-06.97011	 107.59412	-017.0	1
-06.97011	 107.60574	-018.9	1
-06.97011	 107.61736	-016.2	1
-06.97011	 107.62898	-017.6	1
-06.97011	 107.64060	-015.0	1
-06.97011	 107.65223	-012.4	1
-06.97011	 107.66384	-008.4	1
-06.97011	 107.67547	-007.8	1
-06.97011	 107.68708	-007.6	1
-06.97011	 107.69870	-007.7	1
-06.97011	 107.71032	-006.3	1
-06.97011	 107.72194	-005.6	1
-06.97011	 107.73356	-006.1	1
-06.97011	 107.74518	-007.1	1
-06.97011	 107.75681	-007.4	1
-06.97011	 107.76842	-007.1	1
-06.97011	 107.78004	-007.2	1
-06.97011	 107.79166	-007.0	1
-06.97011	 107.80328	-007.5	1
-06.97011	 107.81490	-008.0	1
-06.97011	 107.82652	-008.8	1
-06.97011	 107.83813	-008.9	1
-06.97011	 107.84976	-010.2	1
-06.97011	 107.86137	-011.0	1
-06.97011	 107.87300	-012.4	1
-06.97011	 107.88462	-014.0	1
-06.97011	 107.89623	-018.3	1
-06.97011	 107.90785	-020.4	1
-06.97011	 107.91947	-021.8	1
-06.97011	 107.93110	-024.6	1
-06.97011	 107.94271	-028.5	1
-06.97011	 107.95432	-031.0	1
-06.97011	 107.96596	-029.7	1
-06.97011	 107.97756	-028.8	1
-06.97011	 107.98918	-030.7	1
-06.97011	 108.00081	-033.7	1
-06.97011	 108.01243	-035.5	1
-06.97011	 108.02405	-036.6	1
-06.97011	 108.03568	-037.3	1
-06.97011	 108.04729	-037.1	1
-06.97011	 108.05891	-037.7	1
-06.97011	 108.07053	-038.3	1
-06.97011	 108.08215	-042.2	1
-06.97011	 108.09377	-041.9	1
-06.97011	 108.10538	-040.5	1
-06.97011	 108.11700	-041.1	1
-06.97011	 108.12862	-041.2	1
-06.97011	 108.14024	-040.6	1
-06.97011	 108.15186	-041.0	1
-06.97011	 108.16348	-042.5	1
-06.97011	 108.17510	-043.4	1
-06.97011	 108.18672	-043.7	1
-06.97011	 108.19834	-045.0	1
-06.97011	 108.20996	-046.1	1
-06.97011	 108.22159	-046.4	1
-06.97011	 108.23320	-046.6	1
-06.97011	 108.24483	-046.9	1
-06.97011	 108.25644	-046.4	1
-06.97011	 108.26806	-046.4	1
-06.97011	 108.27967	-046.1	1
-06.97011	 108.29131	-045.5	1
-06.97011	 108.30292	-045.6	1
-06.97011	 108.31453	-045.6	1
-06.97011	 108.32616	-045.2	1
-06.97011	 108.33778	-044.7	1
-06.97011	 108.34940	-044.6	1
-06.97011	 108.36101	-045.2	1
-06.97011	 108.37264	-045.3	1
-06.97011	 108.38425	-046.0	1
-06.97011	 108.39587	-046.2	1
-06.97011	 108.40749	-047.6	1
-06.97011	 108.41911	-048.6	1
-06.97011	 108.43073	-049.5	1
-06.97011	 108.44234	-050.6	1
-06.97011	 108.45396	-051.2	1
-06.97011	 108.46558	-051.8	1
-06.97011	 108.47720	-052.1	1
-06.97011	 108.48883	-052.7	1
-06.97011	 108.50044	-053.3	1
-06.97011	 108.51206	-053.7	1
-06.97011	 108.52369	-054.2	1
-06.97011	 108.53531	-054.6	1
-06.97011	 108.54693	-055.1	1
-06.98164	 106.22302	-025.8	1
-06.98164	 106.23465	-025.6	1
-06.98164	 106.24626	-025.3	1
-06.98164	 106.25788	-025.1	1
-06.98164	 106.26950	-024.9	1
-06.98164	 106.28113	-024.6	1
-06.98164	 106.29274	-024.0	1
-06.98164	 106.30437	-023.4	1
-06.98164	 106.31598	-022.8	1
-06.98164	 106.32760	-022.3	1
-06.98164	 106.33922	-021.8	1
-06.98164	 106.35085	-021.0	1
-06.98164	 106.36246	-021.6	1
-06.98164	 106.37407	-022.4	1
-06.98164	 106.38570	-023.3	1
-06.98164	 106.39732	-024.7	1
-06.98164	 106.40894	-025.1	1
-06.98164	 106.42056	-025.6	1
-06.98164	 106.43217	-025.9	1
-06.98164	 106.44380	-025.2	1
-06.98164	 106.45541	-024.2	1
-06.98164	 106.46703	-023.1	1
-06.98164	 106.47865	-023.0	1
-06.98164	 106.49027	-023.2	1
-06.98164	 106.50189	-023.4	1
-06.98164	 106.51352	-023.9	1
-06.98164	 106.52513	-024.9	1
-06.98164	 106.53674	-025.8	1
-06.98164	 106.54837	-025.8	1
-06.98164	 106.56000	-025.6	1
-06.98164	 106.57161	-022.4	1
-06.98164	 106.58323	-019.2	1
-06.98164	 106.59485	-022.1	1
-06.98164	 106.60646	-022.4	1
-06.98164	 106.61809	-024.3	1
-06.98164	 106.62971	-021.0	1
-06.98164	 106.64133	-018.9	1
-06.98164	 106.65294	-015.2	1
-06.98164	 106.66457	-016.6	1
-06.98164	 106.67619	-016.2	1
-06.98164	 106.68781	-017.3	1
-06.98164	 106.69942	-017.2	1
-06.98164	 106.71104	-012.7	1
-06.98164	 106.72266	-007.6	1
-06.98164	 106.73428	 005.8	1
-06.98164	 106.74590	 020.1	1
-06.98164	 106.75752	 018.9	1
-06.98164	 106.76913	 021.4	1
-06.98164	 106.78075	 019.8	1
-06.98164	 106.79237	 020.4	1
-06.98164	 106.80400	 020.8	1
-06.98164	 106.81561	 020.4	1
-06.98164	 106.82723	 021.0	1
-06.98164	 106.83887	 022.2	1
-06.98164	 106.85048	 027.2	1
-06.98164	 106.86209	 027.3	1
-06.98164	 106.87372	 012.7	1
-06.98164	 106.88533	 026.9	1
-06.98164	 106.89696	 028.3	1
-06.98164	 106.90857	 025.2	1
-06.98164	 106.92018	 027.9	1
-06.98164	 106.93182	 028.7	1
-06.98164	 106.94344	 025.0	1
-06.98164	 106.95506	 026.0	1
-06.98164	 106.96667	 009.9	1
-06.98164	 106.97829	 018.3	1
-06.98164	 106.98991	 021.1	1
-06.98164	 107.00153	 015.5	1
-06.98164	 107.01315	 028.5	1
-06.98164	 107.02477	 029.6	1
-06.98164	 107.03639	 029.0	1
-06.98164	 107.04800	 030.3	1
-06.98164	 107.05962	 030.7	1
-06.98164	 107.07124	 019.6	1
-06.98164	 107.08287	 029.7	1
-06.98164	 107.09448	 032.1	1
-06.98164	 107.10610	 028.1	1
-06.98164	 107.11772	 029.4	1
-06.98164	 107.12935	 026.6	1
-06.98164	 107.14096	 023.7	1
-06.98164	 107.15258	 028.6	1
-06.98164	 107.16420	 027.5	1
-06.98164	 107.17583	 020.6	1
-06.98164	 107.18745	 030.4	1
-06.98164	 107.19907	 028.3	1
-06.98164	 107.21068	 028.1	1
-06.98164	 107.22231	 029.2	1
-06.98164	 107.23392	 029.3	1
-06.98164	 107.24554	 029.1	1
-06.98164	 107.25716	 036.3	1
-06.98164	 107.26878	 033.4	1
-06.98164	 107.28040	 027.8	1
-06.98164	 107.29202	 025.1	1
-06.98164	 107.30363	 030.9	1
-06.98165	 107.31526	 031.1	1
-06.98164	 107.32687	 032.5	1
-06.98164	 107.33850	 033.0	1
-06.98164	 107.35013	 033.1	1
-06.98164	 107.36174	 033.2	1
-06.98164	 107.37335	 030.5	1
-06.98164	 107.38497	 033.9	1
-06.98164	 107.39659	 033.0	1
-06.98164	 107.40822	 006.0	1
-06.98164	 107.41983	-004.7	1
-06.98164	 107.43145	-012.9	1
-06.98164	 107.44308	-017.2	1
-06.98164	 107.45470	-018.2	1
-06.98164	 107.46631	-020.4	1
-06.98164	 107.47793	-020.1	1
-06.98164	 107.48955	-018.3	1
-06.98164	 107.50117	-016.5	1
-06.98164	 107.51279	-017.0	1
-06.98164	 107.52441	-018.8	1
-06.98164	 107.53603	-022.1	1
-06.98164	 107.54765	-022.7	1
-06.98164	 107.55927	-021.0	1
-06.98164	 107.57088	-019.4	1
-06.98164	 107.58251	-019.1	1
-06.98165	 107.59413	-017.8	1
-06.98164	 107.60574	-017.4	1
-06.98164	 107.61736	-018.5	1
-06.98164	 107.62898	-019.8	1
-06.98164	 107.64060	-016.8	1
-06.98164	 107.65223	-015.9	1
-06.98164	 107.66384	-014.9	1
-06.98164	 107.67546	-012.5	1
-06.98164	 107.68708	-008.6	1
-06.98164	 107.69870	-008.4	1
-06.98164	 107.71033	-007.9	1
-06.98164	 107.72195	-008.2	1
-06.98164	 107.73357	-006.6	1
-06.98164	 107.74518	-006.5	1
-06.98164	 107.75680	-005.5	1
-06.98164	 107.76842	-007.0	1
-06.98164	 107.78004	-007.8	1
-06.98164	 107.79166	-008.2	1
-06.98164	 107.80328	-008.1	1
-06.98164	 107.81490	-008.0	1
-06.98164	 107.82652	-008.2	1
-06.98164	 107.83814	-008.3	1
-06.98164	 107.84975	-008.9	1
-06.98164	 107.86137	-009.0	1
-06.98164	 107.87300	-011.6	1
-06.98164	 107.88461	-015.6	1
-06.98164	 107.89623	-019.1	1
-06.98164	 107.90785	-023.3	1
-06.98164	 107.91947	-024.1	1
-06.98164	 107.93110	-023.8	1
-06.98164	 107.94272	-026.1	1
-06.98164	 107.95433	-029.0	1
-06.98164	 107.96595	-030.2	1
-06.98164	 107.97757	-030.1	1
-06.98164	 107.98918	-032.9	1
-06.98164	 108.00081	-034.7	1
-06.98164	 108.01244	-034.6	1
-06.98164	 108.02405	-035.8	1
-06.98164	 108.03568	-036.9	1
-06.98164	 108.04729	-038.2	1
-06.98164	 108.05891	-038.3	1
-06.98164	 108.07053	-040.3	1
-06.98164	 108.08215	-041.7	1
-06.98164	 108.09377	-042.0	1
-06.98164	 108.10538	-041.9	1
-06.98164	 108.11700	-041.7	1
-06.98164	 108.12862	-041.5	1
-06.98165	 108.14024	-040.9	1
-06.98164	 108.15187	-040.8	1
-06.98164	 108.16349	-041.8	1
-06.98164	 108.17510	-041.4	1
-06.98164	 108.18671	-042.8	1
-06.98164	 108.19835	-044.3	1
-06.98164	 108.20996	-045.7	1
-06.98164	 108.22159	-046.9	1
-06.98164	 108.23320	-047.9	1
-06.98164	 108.24482	-047.4	1
-06.98164	 108.25644	-043.9	1
-06.98164	 108.26805	-047.0	1
-06.98164	 108.27968	-047.0	1
-06.98164	 108.29131	-046.2	1
-06.98164	 108.30292	-044.4	1
-06.98164	 108.31454	-044.2	1
-06.98164	 108.32616	-046.2	1
-06.98164	 108.33778	-045.9	1
-06.98164	 108.34940	-045.3	1
-06.98164	 108.36101	-045.2	1
-06.98164	 108.37263	-045.5	1
-06.98164	 108.38425	-046.0	1
-06.98164	 108.39587	-046.3	1
-06.98164	 108.40749	-047.3	1
-06.98164	 108.41911	-048.6	1
-06.98164	 108.43073	-049.5	1
-06.98164	 108.44235	-049.9	1
-06.98164	 108.45397	-050.7	1
-06.98165	 108.46558	-051.2	1
-06.98165	 108.47720	-051.9	1
-06.98164	 108.48883	-052.4	1
-06.98164	 108.50045	-052.6	1
-06.98164	 108.51207	-053.1	1
-06.98164	 108.52369	-053.6	1
-06.98164	 108.53531	-054.1	1
-06.98164	 108.54692	-055.0	1
-06.99318	 106.22302	-025.3	1
-06.99318	 106.23465	-025.3	1
-06.99318	 106.24626	-024.8	1
-06.99318	 106.25788	-024.6	1
-06.99318	 106.26950	-025.0	1
-06.99318	 106.28113	-025.4	1
-06.99318	 106.29274	-025.8	1
-06.99318	 106.30436	-026.2	1
-06.99318	 106.31598	-026.4	1
-06.99318	 106.32760	-026.5	1
-06.99318	 106.33922	-026.7	1
-06.99318	 106.35084	-026.9	1
-06.99318	 106.36246	-027.2	1
-06.99318	 106.37408	-026.5	1
-06.99318	 106.38570	-025.8	1
-06.99318	 106.39732	-025.3	1
-06.99318	 106.40894	-025.3	1
-06.99318	 106.42056	-025.8	1
-06.99318	 106.43217	-026.2	1
-06.99318	 106.44380	-025.9	1
-06.99318	 106.45541	-026.8	1
-06.99318	 106.46703	-027.7	1
-06.99318	 106.47865	-028.3	1
-06.99318	 106.49027	-028.5	1
-06.99318	 106.50188	-028.9	1
-06.99318	 106.51352	-028.3	1
-06.99318	 106.52513	-027.8	1
-06.99318	 106.53674	-027.1	1
-06.99318	 106.54837	-026.7	1
-06.99318	 106.55999	-025.6	1
-06.99318	 106.57160	-019.0	1
-06.99318	 106.58322	-020.4	1
-06.99318	 106.59485	-021.4	1
-06.99318	 106.60646	-021.5	1
-06.99318	 106.61809	-020.7	1
-06.99318	 106.62970	-020.1	1
-06.99318	 106.64133	-020.7	1
-06.99318	 106.65294	-019.3	1
-06.99318	 106.66457	-019.7	1
-06.99318	 106.67619	-017.9	1
-06.99318	 106.68781	-015.9	1
-06.99318	 106.69942	-008.6	1
-06.99318	 106.71104	 004.5	1
-06.99318	 106.72266	 000.7	1
-06.99318	 106.73427	 016.5	1
-06.99318	 106.74590	 020.0	1
-06.99318	 106.75752	 020.1	1
-06.99318	 106.76914	 021.2	1
-06.99318	 106.78075	 021.0	1
-06.99318	 106.79238	 020.5	1
-06.99318	 106.80400	 021.2	1
-06.99318	 106.81562	 021.1	1
-06.99318	 106.82723	 022.1	1
-06.99318	 106.83886	 021.0	1
-06.99318	 106.85048	 022.4	1
-06.99318	 106.86209	 026.4	1
-06.99318	 106.87372	 025.2	1
-06.99318	 106.88533	 024.0	1
-06.99318	 106.89696	 026.2	1
-06.99318	 106.90857	 022.0	1
-06.99318	 106.92020	 026.8	1
-06.99318	 106.93182	 017.3	1
-06.99318	 106.94344	 013.2	1
-06.99318	 106.95505	 028.7	1
-06.99318	 106.96667	 011.7	1
-06.99318	 106.97829	 023.4	1
-06.99318	 106.98991	 026.8	1
-06.99318	 107.00153	 022.7	1
-06.99318	 107.01314	 029.3	1
-06.99318	 107.02477	 025.9	1
-06.99318	 107.03640	 015.5	1
-06.99318	 107.04800	 030.6	1
-06.99318	 107.05962	 031.1	1
-06.99318	 107.07124	 031.1	1
-06.99318	 107.08287	 031.5	1
-06.99318	 107.09449	 031.9	1
-06.99318	 107.10610	 031.0	1
-06.99318	 107.11772	 026.4	1
-06.99318	 107.12935	 032.7	1
-06.99318	 107.14097	 027.6	1
-06.99318	 107.15258	 030.9	1
-06.99318	 107.16420	 026.7	1
-06.99318	 107.17583	 029.8	1
-06.99318	 107.18744	 029.0	1
-06.99318	 107.19906	 028.4	1
-06.99318	 107.21069	 029.4	1
-06.99318	 107.22231	 029.5	1
-06.99318	 107.23391	 027.7	1
-06.99318	 107.24554	 035.6	1
-06.99318	 107.25716	 030.7	1
-06.99318	 107.26878	 033.6	1
-06.99318	 107.28040	 028.5	1
-06.99318	 107.29201	 035.5	1
-06.99318	 107.30364	 030.7	1
-06.99318	 107.31526	 032.5	1
-06.99318	 107.32687	 030.1	1
-06.99318	 107.33850	 032.4	1
-06.99318	 107.35011	 031.1	1
-06.99318	 107.36174	 032.7	1
-06.99318	 107.37335	 032.0	1
-06.99318	 107.38496	 028.8	1
-06.99318	 107.39658	 032.7	1
-06.99318	 107.40822	 001.4	1
-06.99318	 107.41983	-006.8	1
-06.99318	 107.43145	-012.6	1
-06.99318	 107.44307	-016.8	1
-06.99318	 107.45469	-022.5	1
-06.99318	 107.46632	-025.9	1
-06.99318	 107.47794	-024.1	1
-06.99318	 107.48955	-022.9	1
-06.99318	 107.50117	-024.4	1
-06.99318	 107.51279	-021.3	1
-06.99318	 107.52441	-020.1	1
-06.99318	 107.53603	-020.7	1
-06.99318	 107.54765	-022.6	1
-06.99318	 107.55926	-023.9	1
-06.99318	 107.57089	-021.1	1
-06.99318	 107.58251	-020.9	1
-06.99318	 107.59412	-018.9	1
-06.99318	 107.60574	-017.7	1
-06.99318	 107.61736	-017.7	1
-06.99318	 107.62899	-017.8	1
-06.99318	 107.64061	-019.0	1
-06.99318	 107.65222	-018.0	1
-06.99318	 107.66384	-017.8	1
-06.99318	 107.67546	-016.4	1
-06.99318	 107.68709	-014.6	1
-06.99318	 107.69870	-011.7	1
-06.99318	 107.71032	-009.3	1
-06.99318	 107.72194	-008.9	1
-06.99318	 107.73357	-008.3	1
-06.99318	 107.74518	-008.0	1
-06.99318	 107.75681	-007.4	1
-06.99318	 107.76842	-007.0	1
-06.99318	 107.78004	-006.5	1
-06.99318	 107.79165	-007.3	1
-06.99318	 107.80328	-007.8	1
-06.99318	 107.81489	-008.6	1
-06.99318	 107.82652	-008.8	1
-06.99318	 107.83814	-008.8	1
-06.99318	 107.84975	-009.1	1
-06.99318	 107.86137	-009.3	1
-06.99318	 107.87299	-010.2	1
-06.99318	 107.88462	-012.6	1
-06.99318	 107.89624	-019.0	1
-06.99318	 107.90785	-022.4	1
-06.99318	 107.91948	-025.5	1
-06.99318	 107.93109	-027.2	1
-06.99318	 107.94271	-027.8	1
-06.99318	 107.95433	-027.2	1
-06.99318	 107.96596	-028.4	1
-06.99318	 107.97757	-028.0	1
-06.99318	 107.98919	-030.4	1
-06.99318	 108.00081	-031.6	1
-06.99318	 108.01242	-033.0	1
-06.99318	 108.02405	-035.1	1
-06.99318	 108.03567	-037.5	1
-06.99318	 108.04729	-038.6	1
-06.99318	 108.05891	-040.1	1
-06.99318	 108.07053	-039.6	1
-06.99318	 108.08215	-041.1	1
-06.99318	 108.09377	-041.7	1
-06.99318	 108.10538	-042.2	1
-06.99318	 108.11700	-041.4	1
-06.99318	 108.12862	-041.6	1
-06.99318	 108.14024	-041.7	1
-06.99318	 108.15186	-041.9	1
-06.99318	 108.16348	-042.2	1
-06.99318	 108.17509	-041.8	1
-06.99318	 108.18672	-042.9	1
-06.99318	 108.19834	-046.2	1
-06.99318	 108.20997	-047.5	1
-06.99318	 108.22158	-047.8	1
-06.99318	 108.23320	-048.6	1
-06.99318	 108.24482	-048.7	1
-06.99318	 108.25644	-048.0	1
-06.99318	 108.26806	-046.7	1
-06.99318	 108.27968	-044.2	1
-06.99318	 108.29130	-047.8	1
-06.99318	 108.30291	-047.1	1
-06.99318	 108.31453	-048.0	1
-06.99318	 108.32616	-047.3	1
-06.99318	 108.33777	-047.6	1
-06.99318	 108.34940	-047.4	1
-06.99318	 108.36102	-047.5	1
-06.99318	 108.37264	-044.7	1
-06.99318	 108.38425	-044.5	1
-06.99318	 108.39587	-047.2	1
-06.99318	 108.40749	-047.5	1
-06.99318	 108.41911	-048.1	1
-06.99318	 108.43073	-049.0	1
-06.99318	 108.44235	-049.9	1
-06.99318	 108.45397	-050.2	1
-06.99318	 108.46558	-050.8	1
-06.99318	 108.47721	-050.7	1
-06.99318	 108.48883	-051.6	1
-06.99318	 108.50044	-052.2	1
-06.99318	 108.51207	-052.7	1
-06.99318	 108.52369	-053.3	1
-06.99318	 108.53531	-053.7	1
-06.99318	 108.54693	-054.6	1
-07.00472	 106.22302	-027.3	1
-07.00472	 106.23465	-028.3	1
-07.00472	 106.24626	-027.8	1
-07.00472	 106.25788	-028.2	1
-07.00472	 106.26950	-028.4	1
-07.00472	 106.28113	-028.7	1
-07.00472	 106.29274	-028.5	1
-07.00472	 106.30436	-027.8	1
-07.00472	 106.31598	-027.1	1
-07.00472	 106.32760	-026.5	1
-07.00472	 106.33922	-026.7	1
-07.00472	 106.35084	-027.1	1
-07.00472	 106.36246	-027.2	1
-07.00472	 106.37407	-027.6	1
-07.00472	 106.38570	-028.3	1
-07.00472	 106.39732	-029.1	1
-07.00472	 106.40894	-029.8	1
-07.00472	 106.42056	-030.2	1
-07.00472	 106.43217	-030.6	1
-07.00472	 106.44380	-031.0	1
-07.00472	 106.45541	-030.2	1
-07.00472	 106.46703	-030.1	1
-07.00472	 106.47865	-029.4	1
-07.00472	 106.49027	-029.2	1
-07.00472	 106.50189	-029.0	1
-07.00472	 106.51352	-027.8	1
-07.00472	 106.52513	-026.5	1
-07.00472	 106.53675	-025.4	1
-07.00472	 106.54837	-023.8	1
-07.00472	 106.56000	-024.1	1
-07.00472	 106.57160	-023.6	1
-07.00472	 106.58323	-025.0	1
-07.00472	 106.59485	-024.5	1
-07.00472	 106.60646	-023.3	1
-07.00472	 106.61809	-021.7	1
-07.00472	 106.62971	-021.4	1
-07.00472	 106.64133	-018.4	1
-07.00472	 106.65294	-017.3	1
-07.00472	 106.66457	-017.5	1
-07.00472	 106.67619	-015.7	1
-07.00472	 106.68781	-014.4	1
-07.00472	 106.69942	-013.2	1
-07.00472	 106.71104	 005.3	1
-07.00472	 106.72266	 019.5	1
-07.00472	 106.73427	 020.3	1
-07.00472	 106.74590	 019.8	1
-07.00472	 106.75752	 021.1	1
-07.00472	 106.76913	 020.4	1
-07.00472	 106.78076	 020.2	1
-07.00472	 106.79239	 021.6	1
-07.00472	 106.80400	 020.2	1
-07.00472	 106.81562	 020.2	1
-07.00472	 106.82723	 020.8	1
-07.00472	 106.83886	 027.4	1
-07.00472	 106.85048	 025.0	1
-07.00472	 106.86210	 010.6	1
-07.00472	 106.87372	 009.6	1
-07.00472	 106.88533	 026.1	1
-07.00472	 106.89696	 028.1	1
-07.00472	 106.90858	 028.4	1
-07.00472	 106.92020	 027.7	1
-07.00472	 106.93181	 021.2	1
-07.00472	 106.94344	 020.2	1
-07.00472	 106.95506	 028.2	1
-07.00472	 106.96667	 026.1	1
-07.00472	 106.97829	 025.9	1
-07.00472	 106.98991	 029.1	1
-07.00472	 107.00153	 024.3	1
-07.00472	 107.01315	 027.5	1
-07.00472	 107.02477	 030.4	1
-07.00472	 107.03639	 027.7	1
-07.00472	 107.04800	 026.2	1
-07.00472	 107.05962	 020.7	1
-07.00472	 107.07124	 030.7	1
-07.00472	 107.08287	 012.6	1
-07.00472	 107.09449	 024.2	1
-07.00472	 107.10609	 029.1	1
-07.00472	 107.11773	 030.4	1
-07.00472	 107.12935	 022.5	1
-07.00472	 107.14096	 032.4	1
-07.00472	 107.15257	 030.1	1
-07.00472	 107.16420	 026.2	1
-07.00472	 107.17583	 028.4	1
-07.00472	 107.18744	 027.1	1
-07.00472	 107.19906	 028.5	1
-07.00472	 107.21068	 028.7	1
-07.00472	 107.22231	 026.9	1
-07.00472	 107.23392	 032.5	1
-07.00472	 107.24554	 024.7	1
-07.00472	 107.25716	 031.4	1
-07.00472	 107.26878	 031.0	1
-07.00472	 107.28040	 019.5	1
-07.00472	 107.29202	 016.4	1
-07.00472	 107.30363	 029.5	1
-07.00472	 107.31526	 027.8	1
-07.00472	 107.32688	 030.9	1
-07.00472	 107.33849	 031.4	1
-07.00472	 107.35012	 030.9	1
-07.00472	 107.36174	 031.5	1
-07.00472	 107.37335	 031.3	1
-07.00472	 107.38496	 034.5	1
-07.00472	 107.39659	 032.6	1
-07.00472	 107.40822	 000.4	1
-07.00472	 107.41983	-006.0	1
-07.00472	 107.43146	-010.8	1
-07.00472	 107.44307	-016.9	1
-07.00472	 107.45468	-022.2	1
-07.00472	 107.46631	-024.5	1
-07.00472	 107.47794	-023.6	1
-07.00472	 107.48955	-027.0	1
-07.00472	 107.50117	-028.2	1
-07.00472	 107.51279	-023.9	1
-07.00472	 107.52441	-022.4	1
-07.00472	 107.53602	-022.8	1
-07.00472	 107.54765	-022.3	1
-07.00472	 107.55926	-022.4	1
-07.00472	 107.57088	-023.6	1
-07.00472	 107.58251	-021.2	1
-07.00472	 107.59412	-020.1	1
-07.00472	 107.60575	-019.8	1
-07.00472	 107.61736	-017.4	1
-07.00472	 107.62898	-017.8	1
-07.00472	 107.64061	-015.8	1
-07.00472	 107.65222	-017.6	1
-07.00472	 107.66383	-018.8	1
-07.00472	 107.67546	-016.7	1
-07.00472	 107.68708	-018.5	1
-07.00472	 107.69870	-016.1	1
-07.00472	 107.71033	-013.2	1
-07.00472	 107.72194	-010.7	1
-07.00472	 107.73357	-009.5	1
-07.00472	 107.74518	-009.4	1
-07.00472	 107.75681	-008.5	1
-07.00472	 107.76842	-008.0	1
-07.00472	 107.78004	-007.9	1
-07.00472	 107.79166	-007.9	1
-07.00472	 107.80328	-007.2	1
-07.00472	 107.81490	-006.6	1
-07.00472	 107.82652	-008.0	1
-07.00472	 107.83813	-009.1	1
-07.00472	 107.84975	-009.8	1
-07.00472	 107.86137	-010.3	1
-07.00472	 107.87300	-011.7	1
-07.00472	 107.88461	-013.5	1
-07.00472	 107.89622	-016.1	1
-07.00472	 107.90785	-019.6	1
-07.00472	 107.91947	-022.0	1
-07.00472	 107.93109	-024.9	1
-07.00472	 107.94270	-026.9	1
-07.00472	 107.95433	-028.6	1
-07.00472	 107.96596	-029.0	1
-07.00472	 107.97756	-030.0	1
-07.00472	 107.98918	-028.4	1
-07.00472	 108.00081	-028.4	1
-07.00472	 108.01244	-032.4	1
-07.00472	 108.02405	-033.8	1
-07.00472	 108.03567	-035.1	1
-07.00472	 108.04729	-035.6	1
-07.00472	 108.05891	-036.4	1
-07.00472	 108.07053	-038.3	1
-07.00472	 108.08215	-039.9	1
-07.00472	 108.09377	-040.9	1
-07.00472	 108.10538	-040.8	1
-07.00472	 108.11700	-040.7	1
-07.00472	 108.12862	-040.6	1
-07.00472	 108.14024	-041.0	1
-07.00472	 108.15186	-041.4	1
-07.00472	 108.16349	-041.2	1
-07.00472	 108.17511	-041.9	1
-07.00472	 108.18672	-042.4	1
-07.00472	 108.19835	-043.4	1
-07.00472	 108.20996	-046.8	1
-07.00472	 108.22159	-048.1	1
-07.00472	 108.23319	-049.4	1
-07.00472	 108.24482	-049.4	1
-07.00472	 108.25644	-049.3	1
-07.00472	 108.26806	-047.7	1
-07.00472	 108.27968	-047.4	1
-07.00472	 108.29130	-048.4	1
-07.00472	 108.30293	-048.6	1
-07.00472	 108.31454	-048.7	1
-07.00472	 108.32616	-048.8	1
-07.00472	 108.33777	-048.7	1
-07.00472	 108.34940	-048.8	1
-07.00472	 108.36101	-049.0	1
-07.00472	 108.37263	-048.2	1
-07.00472	 108.38425	-047.7	1
-07.00472	 108.39587	-048.6	1
-07.00472	 108.40750	-049.0	1
-07.00472	 108.41911	-049.9	1
-07.00472	 108.43073	-050.9	1
-07.00472	 108.44234	-051.3	1
-07.00472	 108.45398	-051.4	1
-07.00472	 108.46558	-050.8	1
-07.00472	 108.47720	-049.4	1
-07.00472	 108.48884	-050.3	1
-07.00472	 108.50045	-050.6	1
-07.00472	 108.51207	-051.4	1
-07.00472	 108.52369	-052.4	1
-07.00472	 108.53531	-052.9	1
-07.00472	 108.54693	-054.0	1
-07.01626	 106.22302	-029.7	1
-07.01626	 106.23465	-029.1	1
-07.01626	 106.24626	-028.7	1
-07.01626	 106.25788	-028.1	1
-07.01626	 106.26950	-028.4	1
-07.01626	 106.28113	-028.6	1
-07.01626	 106.29273	-028.8	1
-07.01626	 106.30436	-029.1	1
-07.01626	 106.31598	-029.8	1
-07.01626	 106.32760	-030.4	1
-07.01626	 106.33922	-030.5	1
-07.01626	 106.35085	-031.0	1
-07.01626	 106.36246	-031.2	1
-07.01626	 106.37408	-031.7	1
-07.01626	 106.38570	-031.6	1
-07.01626	 106.39732	-031.2	1
-07.01626	 106.40894	-030.9	1
-07.01626	 106.42055	-030.6	1
-07.01626	 106.43217	-030.3	1
-07.01626	 106.44379	-030.0	1
-07.01626	 106.45541	-029.0	1
-07.01626	 106.46703	-028.2	1
-07.01626	 106.47865	-027.3	1
-07.01626	 106.49026	-026.6	1
-07.01626	 106.50189	-026.1	1
-07.01626	 106.51352	-026.3	1
-07.01626	 106.52513	-027.1	1
-07.01626	 106.53675	-027.8	1
-07.01626	 106.54837	-026.4	1
-07.01626	 106.55999	-026.1	1
-07.01626	 106.57161	-025.6	1
-07.01626	 106.58323	-024.6	1
-07.01626	 106.59485	-022.9	1
-07.01626	 106.60646	-021.8	1
-07.01626	 106.61809	-021.7	1
-07.01626	 106.62970	-020.7	1
-07.01626	 106.64133	-019.5	1
-07.01626	 106.65294	-017.8	1
-07.01626	 106.66457	-015.6	1
-07.01626	 106.67619	-012.3	1
-07.01626	 106.68780	 017.5	1
-07.01626	 106.69942	 017.9	1
-07.01626	 106.71104	 019.0	1
-07.01626	 106.72266	 019.7	1
-07.01626	 106.73428	 019.8	1
-07.01626	 106.74590	 021.0	1
-07.01626	 106.75753	 020.3	1
-07.01626	 106.76913	 019.9	1
-07.01626	 106.78075	 021.0	1
-07.01626	 106.79238	 019.8	1
-07.01626	 106.80400	 012.4	1
-07.01626	 106.81561	 027.0	1
-07.01626	 106.82723	 016.7	1
-07.01626	 106.83886	 027.2	1
-07.01626	 106.85048	 026.1	1
-07.01626	 106.86209	 025.4	1
-07.01626	 106.87372	 022.9	1
-07.01626	 106.88533	 026.9	1
-07.01626	 106.89696	 026.7	1
-07.01626	 106.90857	 028.1	1
-07.01626	 106.92020	 011.8	1
-07.01626	 106.93181	 015.8	1
-07.01626	 106.94344	 025.0	1
-07.01626	 106.95506	 029.1	1
-07.01626	 106.96667	 025.2	1
-07.01626	 106.97829	 026.5	1
-07.01626	 106.98991	 029.4	1
-07.01626	 107.00153	 022.5	1
-07.01626	 107.01315	 023.6	1
-07.01626	 107.02477	 023.7	1
-07.01626	 107.03639	 030.1	1
-07.01626	 107.04800	 029.6	1
-07.01626	 107.05963	 027.8	1
-07.01626	 107.07124	 028.3	1
-07.01626	 107.08287	 031.4	1
-07.01626	 107.09449	 028.7	1
-07.01626	 107.10611	 028.6	1
-07.01626	 107.11772	 031.0	1
-07.01626	 107.12934	 028.0	1
-07.01626	 107.14096	 020.3	1
-07.01626	 107.15257	 026.9	1
-07.01626	 107.16420	 027.9	1
-07.01626	 107.17583	 028.0	1
-07.01626	 107.18744	 028.5	1
-07.01626	 107.19905	 028.4	1
-07.01626	 107.21068	 031.2	1
-07.01626	 107.22231	 006.6	1
-07.01626	 107.23392	 033.4	1
-07.01626	 107.24553	 033.9	1
-07.01626	 107.25716	 034.1	1
-07.01626	 107.26878	 004.9	1
-07.01626	 107.28040	 035.6	1
-07.01626	 107.29202	 025.5	1
-07.01626	 107.30363	 034.3	1
-07.01626	 107.31525	 031.7	1
-07.01626	 107.32687	 032.3	1
-07.01626	 107.33850	 031.3	1
-07.01626	 107.35011	 031.2	1
-07.01626	 107.36174	 031.5	1
-07.01626	 107.37335	 036.6	1
-07.01626	 107.38498	 036.7	1
-07.01626	 107.39659	 024.0	1
-07.01626	 107.40822	-001.0	1
-07.01626	 107.41983	-005.7	1
-07.01626	 107.43146	-010.7	1
-07.01626	 107.44307	-015.5	1
-07.01626	 107.45470	-022.7	1
-07.01626	 107.46632	-025.5	1
-07.01626	 107.47794	-027.0	1
-07.01626	 107.48955	-027.2	1
-07.01626	 107.50117	-029.2	1
-07.01626	 107.51279	-029.0	1
-07.01626	 107.52441	-025.9	1
-07.01626	 107.53603	-022.0	1
-07.01626	 107.54765	-023.2	1
-07.01626	 107.55927	-022.4	1
-07.01626	 107.57088	-022.9	1
-07.01626	 107.58251	-023.7	1
-07.01626	 107.59412	-021.7	1
-07.01626	 107.60575	-020.7	1
-07.01626	 107.61736	-020.2	1
-07.01626	 107.62898	-019.9	1
-07.01626	 107.64061	-017.1	1
-07.01626	 107.65223	-016.6	1
-07.01626	 107.66384	-016.7	1
-07.01626	 107.67546	-018.9	1
-07.01626	 107.68709	-018.5	1
-07.01626	 107.69870	-017.3	1
-07.01626	 107.71032	-017.5	1
-07.01626	 107.72194	-015.1	1
-07.01626	 107.73356	-012.4	1
-07.01626	 107.74518	-010.8	1
-07.01626	 107.75680	-009.8	1
-07.01626	 107.76842	-009.2	1
-07.01626	 107.78004	-009.2	1
-07.01626	 107.79165	-008.7	1
-07.01626	 107.80328	-008.5	1
-07.01626	 107.81490	-008.3	1
-07.01626	 107.82651	-007.7	1
-07.01626	 107.83814	-008.2	1
-07.01626	 107.84975	-010.2	1
-07.01626	 107.86137	-011.6	1
-07.01626	 107.87300	-013.9	1
-07.01626	 107.88461	-015.4	1
-07.01626	 107.89623	-016.0	1
-07.01626	 107.90785	-015.6	1
-07.01626	 107.91947	-020.1	1
-07.01626	 107.93109	-021.0	1
-07.01626	 107.94271	-022.0	1
-07.01626	 107.95433	-024.7	1
-07.01626	 107.96595	-028.7	1
-07.01626	 107.97757	-030.8	1
-07.01626	 107.98919	-031.4	1
-07.01626	 108.00081	-030.8	1
-07.01626	 108.01242	-031.3	1
-07.01626	 108.02405	-031.8	1
-07.01626	 108.03567	-032.6	1
-07.01626	 108.04729	-032.6	1
-07.01626	 108.05891	-036.7	1
-07.01626	 108.07053	-037.7	1
-07.01626	 108.08215	-037.8	1
-07.01626	 108.09377	-038.2	1
-07.01626	 108.10538	-037.9	1
-07.01626	 108.11700	-037.9	1
-07.01626	 108.12863	-037.6	1
-07.01626	 108.14025	-038.9	1
-07.01626	 108.15186	-039.7	1
-07.01626	 108.16348	-041.0	1
-07.01626	 108.17511	-042.2	1
-07.01626	 108.18672	-042.4	1
-07.01626	 108.19833	-042.8	1
-07.01626	 108.20996	-043.0	1
-07.01626	 108.22158	-046.9	1
-07.01626	 108.23320	-048.3	1
-07.01626	 108.24483	-048.8	1
-07.01626	 108.25644	-049.6	1
-07.01626	 108.26806	-049.3	1
-07.01626	 108.27967	-047.5	1
-07.01626	 108.29130	-048.8	1
-07.01626	 108.30292	-049.6	1
-07.01626	 108.31454	-050.0	1
-07.01626	 108.32616	-049.9	1
-07.01626	 108.33778	-050.1	1
-07.01626	 108.34940	-050.0	1
-07.01626	 108.36101	-050.0	1
-07.01626	 108.37263	-050.1	1
-07.01626	 108.38425	-049.5	1
-07.01626	 108.39587	-049.0	1
-07.01626	 108.40750	-049.2	1
-07.01626	 108.41911	-049.1	1
-07.01626	 108.43073	-050.6	1
-07.01626	 108.44235	-050.8	1
-07.01626	 108.45397	-050.1	1
-07.01626	 108.46558	-050.2	1
-07.01626	 108.47721	-052.4	1
-07.01626	 108.48883	-053.4	1
-07.01626	 108.50045	-054.5	1
-07.01626	 108.51206	-055.1	1
-07.01626	 108.52369	-055.0	1
-07.01626	 108.53531	-054.5	1
-07.01626	 108.54692	-055.2	1
-07.02779	 106.23465	-030.4	1
-07.02779	 106.24626	-030.3	1
-07.02779	 106.25788	-031.1	1
-07.02779	 106.26950	-031.8	1
-07.02779	 106.28113	-032.2	1
-07.02779	 106.29273	-032.5	1
-07.02779	 106.30437	-032.6	1
-07.02779	 106.31598	-033.0	1
-07.02779	 106.32760	-032.5	1
-07.02779	 106.33922	-032.3	1
-07.02779	 106.35084	-032.0	1
-07.02779	 106.36246	-031.7	1
-07.02779	 106.37408	-031.6	1
-07.02779	 106.38569	-031.4	1
-07.02779	 106.39732	-030.5	1
-07.02779	 106.40894	-029.5	1
-07.02779	 106.42056	-028.6	1
-07.02779	 106.43217	-027.9	1
-07.02779	 106.44379	-027.6	1
-07.02779	 106.45541	-027.8	1
-07.02779	 106.46703	-028.0	1
-07.02779	 106.47865	-028.4	1
-07.02779	 106.49026	-028.3	1
-07.02779	 106.50189	-027.8	1
-07.02779	 106.51352	-027.3	1
-07.02779	 106.52513	-026.8	1
-07.02779	 106.53675	-025.7	1
-07.02779	 106.54837	-024.6	1
-07.02779	 106.56000	-023.1	1
-07.02779	 106.57161	-022.0	1
-07.02779	 106.58322	-019.8	1
-07.02779	 106.59485	-017.1	1
-07.02779	 106.60646	-015.0	1
-07.02779	 106.61809	-014.4	1
-07.02779	 106.62970	 013.4	1
-07.02779	 106.64133	 019.1	1
-07.02779	 106.65294	 019.3	1
-07.02779	 106.66457	 018.3	1
-07.02779	 106.67619	 019.9	1
-07.02779	 106.68781	 016.4	1
-07.02779	 106.69942	 020.4	1
-07.02779	 106.71104	 020.3	1
-07.02779	 106.72267	 020.4	1
-07.02779	 106.73428	 019.6	1
-07.02779	 106.74590	 019.6	1
-07.02779	 106.75752	 019.6	1
-07.02779	 106.76913	 021.2	1
-07.02779	 106.78075	 026.0	1
-07.02779	 106.79238	 026.6	1
-07.02779	 106.80400	 026.8	1
-07.02779	 106.81561	 021.5	1
-07.02779	 106.82723	 025.7	1
-07.02779	 106.83885	 027.2	1
-07.02779	 106.85048	 024.8	1
-07.02779	 106.86209	 027.1	1
-07.02779	 106.87372	 003.1	1
-07.02779	 106.88533	 020.9	1
-07.02779	 106.89696	 027.2	1
-07.02779	 106.90857	 027.9	1
-07.02779	 106.92020	 024.3	1
-07.02779	 106.93181	 027.3	1
-07.02779	 106.94344	 023.9	1
-07.02779	 106.95506	 026.7	1
-07.02779	 106.96667	 028.2	1
-07.02779	 106.97829	 015.6	1
-07.02779	 106.98991	 023.2	1
-07.02779	 107.00153	 025.2	1
-07.02779	 107.01315	 019.5	1
-07.02779	 107.02477	 026.2	1
-07.02779	 107.03639	 024.2	1
-07.02779	 107.04800	 010.6	1
-07.02779	 107.05963	 016.6	1
-07.02779	 107.07124	 017.7	1
-07.02779	 107.08287	 025.0	1
-07.02779	 107.09448	 031.1	1
-07.02779	 107.10611	 028.0	1
-07.02779	 107.11772	 030.4	1
-07.02779	 107.12934	 026.2	1
-07.02779	 107.14096	 027.6	1
-07.02779	 107.15258	 027.5	1
-07.02779	 107.16420	 027.1	1
-07.02779	 107.17583	 026.2	1
-07.02779	 107.18744	 029.5	1
-07.02779	 107.19906	 030.6	1
-07.02779	 107.21069	 030.2	1
-07.02779	 107.22231	 029.8	1
-07.02779	 107.23392	 033.2	1
-07.02779	 107.24554	 024.5	1
-07.02779	 107.25716	 034.7	1
-07.02779	 107.26879	 032.8	1
-07.02779	 107.28041	 035.3	1
-07.02779	 107.29201	 033.5	1
-07.02779	 107.30364	 035.1	1
-07.02779	 107.31525	 022.4	1
-07.02779	 107.32687	 031.4	1
-07.02779	 107.33849	 030.1	1
-07.02779	 107.35011	 030.4	1
-07.02779	 107.36174	 030.8	1
-07.02779	 107.37335	 027.9	1
-07.02779	 107.38498	 035.5	1
-07.02779	 107.39660	 025.8	1
-07.02779	 107.40822	-004.3	1
-07.02779	 107.41984	-005.2	1
-07.02779	 107.43144	-010.8	1
-07.02779	 107.44307	-018.0	1
-07.02779	 107.45468	-022.6	1
-07.02779	 107.46631	-024.7	1
-07.02779	 107.47793	-026.7	1
-07.02779	 107.48955	-028.9	1
-07.02779	 107.50117	-031.0	1
-07.02779	 107.51279	-031.0	1
-07.02779	 107.52441	-030.2	1
-07.02779	 107.53603	-026.4	1
-07.02779	 107.54765	-022.3	1
-07.02779	 107.55927	-023.7	1
-07.02779	 107.57088	-022.6	1
-07.02779	 107.58251	-022.7	1
-07.02779	 107.59412	-024.2	1
-07.02779	 107.60574	-020.6	1
-07.02779	 107.61736	-021.9	1
-07.02779	 107.62899	-026.1	1
-07.02779	 107.64060	-024.3	1
-07.02779	 107.65222	-019.7	1
-07.02779	 107.66384	-017.3	1
-07.02779	 107.67546	-016.3	1
-07.02779	 107.68709	-016.9	1
-07.02779	 107.69870	-019.5	1
-07.02779	 107.71033	-017.0	1
-07.02779	 107.72194	-017.9	1
-07.02779	 107.73356	-017.6	1
-07.02779	 107.74518	-014.1	1
-07.02779	 107.75681	-012.6	1
-07.02779	 107.76842	-011.3	1
-07.02779	 107.78003	-010.2	1
-07.02779	 107.79166	-009.7	1
-07.02779	 107.80328	-009.8	1
-07.02779	 107.81490	-008.8	1
-07.02779	 107.82652	-009.0	1
-07.02779	 107.83813	-010.3	1
-07.02779	 107.84975	-011.4	1
-07.02779	 107.86137	-013.2	1
-07.02779	 107.87300	-013.4	1
-07.02779	 107.88461	-016.5	1
-07.02779	 107.89623	-018.5	1
-07.02779	 107.90785	-018.1	1
-07.02779	 107.91948	-019.9	1
-07.02779	 107.93110	-020.7	1
-07.02779	 107.94272	-020.7	1
-07.02779	 107.95432	-022.0	1
-07.02779	 107.96596	-023.1	1
-07.02779	 107.97757	-025.0	1
-07.02779	 107.98919	-027.9	1
-07.02779	 108.00082	-029.7	1
-07.02779	 108.01243	-033.0	1
-07.02779	 108.02405	-035.0	1
-07.02779	 108.03568	-035.0	1
-07.02779	 108.04729	-033.6	1
-07.02779	 108.05891	-033.1	1
-07.02779	 108.07053	-034.3	1
-07.02779	 108.08215	-035.3	1
-07.02779	 108.09377	-035.2	1
-07.02779	 108.10538	-035.2	1
-07.02779	 108.11700	-035.6	1
-07.02779	 108.12863	-035.2	1
-07.02779	 108.14024	-036.5	1
-07.02779	 108.15186	-037.3	1
-07.02779	 108.16348	-039.3	1
-07.02779	 108.17510	-040.8	1
-07.02779	 108.18672	-041.6	1
-07.02779	 108.19834	-042.4	1
-07.02779	 108.20996	-043.3	1
-07.02779	 108.22159	-044.6	1
-07.02779	 108.23320	-044.8	1
-07.02779	 108.24483	-045.0	1
-07.02779	 108.25644	-047.4	1
-07.02779	 108.26805	-048.1	1
-07.02779	 108.27967	-048.0	1
-07.02779	 108.29129	-047.0	1
-07.02779	 108.30291	-049.7	1
-07.02779	 108.31454	-050.1	1
-07.02779	 108.32616	-049.8	1
-07.02779	 108.33778	-050.6	1
-07.02779	 108.34940	-050.9	1
-07.02779	 108.36102	-051.1	1
-07.02779	 108.37263	-051.1	1
-07.02779	 108.38426	-050.7	1
-07.02779	 108.39587	-049.7	1
-07.02779	 108.40750	-050.1	1
-07.02779	 108.41912	-049.6	1
-07.02779	 108.43073	-050.2	1
-07.02779	 108.44234	-050.4	1
-07.02779	 108.45396	-051.0	1
-07.02779	 108.46558	-052.6	1
-07.02779	 108.47721	-053.3	1
-07.02779	 108.48883	-053.9	1
-07.02779	 108.50045	-054.6	1
-07.02779	 108.51207	-054.3	1
-07.02779	 108.52369	-055.2	1
-07.02779	 108.53531	-055.5	1
-07.02779	 108.54693	-055.8	1
-07.03933	 106.23464	-033.8	1
-07.03933	 106.24626	-033.7	1
-07.03933	 106.25788	-033.7	1
-07.03933	 106.26950	-033.4	1
-07.03933	 106.28113	-033.3	1
-07.03933	 106.29273	-033.0	1
-07.03933	 106.30436	-032.7	1
-07.03933	 106.31598	-032.5	1
-07.03933	 106.32759	-032.2	1
-07.03933	 106.33922	-031.4	1
-07.03933	 106.35084	-030.6	1
-07.03933	 106.36246	-029.8	1
-07.03933	 106.37408	-029.2	1
-07.03933	 106.38570	-028.8	1
-07.03933	 106.39732	-028.7	1
-07.03933	 106.40894	-029.0	1
-07.03933	 106.42056	-029.5	1
-07.03933	 106.43217	-029.8	1
-07.03933	 106.44380	-029.1	1
-07.03933	 106.45541	-028.5	1
-07.03933	 106.46703	-028.1	1
-07.03933	 106.47865	-027.9	1
-07.03933	 106.49027	-026.9	1
-07.03933	 106.50189	-025.8	1
-07.03933	 106.51351	-025.3	1
-07.03933	 106.52513	-024.9	1
-07.03933	 106.53674	-024.2	1
-07.03933	 106.54836	-023.0	1
-07.03933	 106.56000	-020.3	1
-07.03933	 106.57161	-018.3	1
-07.03933	 106.58324	-018.8	1
-07.03933	 106.59484	-016.2	1
-07.03933	 106.60646	-002.0	1
-07.03933	 106.61809	 000.1	1
-07.03933	 106.62971	 019.5	1
-07.03933	 106.64132	 018.0	1
-07.03933	 106.65295	 019.8	1
-07.03933	 106.66457	 019.3	1
-07.03933	 106.67619	 019.3	1
-07.03933	 106.68781	 019.2	1
-07.03933	 106.69942	 019.4	1
-07.03933	 106.71104	 018.8	1
-07.03933	 106.72267	 020.3	1
-07.03933	 106.73428	 020.7	1
-07.03933	 106.74590	 004.0	1
-07.03933	 106.75752	 015.3	1
-07.03933	 106.76913	 023.4	1
-07.03933	 106.78075	 011.2	1
-07.03933	 106.79237	 026.2	1
-07.03933	 106.80400	 026.7	1
-07.03933	 106.81561	 026.9	1
-07.03933	 106.82723	 019.5	1
-07.03933	 106.83887	 022.6	1
-07.03933	 106.85048	 024.9	1
-07.03933	 106.86209	 026.9	1
-07.03933	 106.87371	 024.7	1
-07.03933	 106.88533	 015.3	1
-07.03933	 106.89696	 027.8	1
-07.03933	 106.90857	 026.3	1
-07.03933	 106.92020	 019.3	1
-07.03933	 106.93182	 028.3	1
-07.03933	 106.94344	 028.7	1
-07.03933	 106.95506	 012.5	1
-07.03933	 106.96667	 026.5	1
-07.03933	 106.97829	 025.2	1
-07.03933	 106.98991	 027.8	1
-07.03933	 107.00154	 024.0	1
-07.03933	 107.01315	 021.2	1
-07.03933	 107.02477	 024.6	1
-07.03933	 107.03639	 029.5	1
-07.03933	 107.04800	 027.7	1
-07.03933	 107.05962	 015.4	1
-07.03933	 107.07125	 030.8	1
-07.03933	 107.08287	 026.2	1
-07.03933	 107.09448	 022.5	1
-07.03933	 107.10610	 024.9	1
-07.03933	 107.11773	 031.0	1
-07.03933	 107.12935	 027.6	1
-07.03933	 107.14096	 026.2	1
-07.03933	 107.15258	 023.7	1
-07.03933	 107.16421	 026.6	1
-07.03933	 107.17583	 029.5	1
-07.03933	 107.18744	 020.0	1
-07.03933	 107.19906	 026.4	1
-07.03933	 107.21068	 032.4	1
-07.03933	 107.22231	 031.5	1
-07.03933	 107.23392	 032.5	1
-07.03933	 107.24554	 029.5	1
-07.03933	 107.25716	 032.6	1
-07.03933	 107.26878	 031.3	1
-07.03933	 107.28040	 016.1	1
-07.03933	 107.29202	 035.0	1
-07.03933	 107.30363	 029.4	1
-07.03933	 107.31525	 034.3	1
-07.03933	 107.32687	 033.2	1
-07.03933	 107.33849	 032.1	1
-07.03933	 107.35011	 032.7	1
-07.03933	 107.36174	 030.2	1
-07.03933	 107.37335	 021.6	1
-07.03933	 107.38497	 030.9	1
-07.03933	 107.39659	 026.9	1
-07.03933	 107.40822	-000.8	1
-07.03933	 107.41983	-005.3	1
-07.03933	 107.43144	-009.1	1
-07.03933	 107.44307	-018.0	1
-07.03933	 107.45469	-022.9	1
-07.03933	 107.46631	-025.7	1
-07.03933	 107.47794	-027.0	1
-07.03933	 107.48955	-030.7	1
-07.03933	 107.50117	-030.4	1
-07.03933	 107.51279	-032.2	1
-07.03933	 107.52441	-032.3	1
-07.03933	 107.53603	-031.1	1
-07.03933	 107.54765	-026.6	1
-07.03933	 107.55927	-023.4	1
-07.03933	 107.57089	-024.3	1
-07.03933	 107.58250	-023.5	1
-07.03933	 107.59412	-023.4	1
-07.03933	 107.60574	-024.1	1
-07.03933	 107.61736	-021.3	1
-07.03933	 107.62898	-022.8	1
-07.03933	 107.64060	-028.4	1
-07.03933	 107.65223	-029.4	1
-07.03933	 107.66385	-023.0	1
-07.03933	 107.67546	-020.2	1
-07.03933	 107.68708	-021.4	1
-07.03933	 107.69870	-019.8	1
-07.03933	 107.71033	-018.7	1
-07.03933	 107.72195	-018.6	1
-07.03933	 107.73356	-017.1	1
-07.03933	 107.74519	-018.9	1
-07.03933	 107.75681	-016.8	1
-07.03933	 107.76842	-013.3	1
-07.03933	 107.78004	-013.0	1
-07.03933	 107.79166	-011.5	1
-07.03933	 107.80328	-010.7	1
-07.03933	 107.81490	-011.3	1
-07.03933	 107.82651	-012.1	1
-07.03933	 107.83813	-013.7	1
-07.03933	 107.84975	-016.4	1
-07.03933	 107.86137	-017.3	1
-07.03933	 107.87299	-017.0	1
-07.03933	 107.88462	-019.3	1
-07.03933	 107.89622	-019.2	1
-07.03933	 107.90785	-020.6	1
-07.03933	 107.91948	-021.5	1
-07.03933	 107.93110	-021.7	1
-07.03933	 107.94271	-021.8	1
-07.03933	 107.95433	-022.2	1
-07.03933	 107.96595	-022.8	1
-07.03933	 107.97757	-024.9	1
-07.03933	 107.98918	-024.6	1
-07.03933	 108.00082	-023.7	1
-07.03933	 108.01242	-026.4	1
-07.03933	 108.02406	-030.8	1
-07.03933	 108.03568	-033.9	1
-07.03933	 108.04729	-035.7	1
-07.03933	 108.05891	-036.8	1
-07.03933	 108.07053	-036.4	1
-07.03933	 108.08215	-035.3	1
-07.03933	 108.09377	-033.6	1
-07.03933	 108.10538	-031.6	1
-07.03933	 108.11700	-031.4	1
-07.03933	 108.12863	-032.0	1
-07.03933	 108.14024	-033.3	1
-07.03933	 108.15186	-036.6	1
-07.03933	 108.16349	-038.3	1
-07.03933	 108.17509	-040.2	1
-07.03933	 108.18671	-040.5	1
-07.03933	 108.19835	-040.9	1
-07.03933	 108.20997	-041.8	1
-07.03933	 108.22158	-043.0	1
-07.03933	 108.23320	-043.5	1
-07.03933	 108.24482	-044.3	1
-07.03933	 108.25644	-044.4	1
-07.03933	 108.26806	-044.8	1
-07.03933	 108.27967	-045.0	1
-07.03933	 108.29130	-043.5	1
-07.03933	 108.30292	-044.9	1
-07.03933	 108.31454	-048.3	1
-07.03933	 108.32616	-049.5	1
-07.03933	 108.33778	-050.1	1
-07.03933	 108.34940	-050.8	1
-07.03933	 108.36102	-051.4	1
-07.03933	 108.37263	-051.4	1
-07.03933	 108.38425	-051.1	1
-07.03933	 108.39587	-050.4	1
-07.03933	 108.40750	-050.8	1
-07.03933	 108.41911	-049.6	1
-07.03933	 108.43073	-050.6	1
-07.03933	 108.44235	-052.8	1
-07.03933	 108.45397	-052.3	1
-07.03933	 108.46558	-053.3	1
-07.03933	 108.47720	-053.9	1
-07.03933	 108.48884	-055.1	1
-07.03933	 108.50045	-055.6	1
-07.03933	 108.51207	-055.6	1
-07.03933	 108.52368	-055.4	1
-07.03933	 108.53531	-054.0	1
-07.05087	 106.23464	-034.0	1
-07.05087	 106.24626	-033.7	1
-07.05087	 106.25788	-033.7	1
-07.05087	 106.26950	-033.5	1
-07.05087	 106.28113	-032.8	1
-07.05087	 106.29274	-032.0	1
-07.05087	 106.30435	-031.2	1
-07.05087	 106.31598	-030.5	1
-07.05087	 106.32759	-030.0	1
-07.05087	 106.33922	-030.2	1
-07.05087	 106.35085	-030.2	1
-07.05087	 106.36246	-030.5	1
-07.05087	 106.37408	-030.7	1
-07.05087	 106.38570	-030.5	1
-07.05087	 106.39732	-029.9	1
-07.05087	 106.40894	-029.3	1
-07.05087	 106.42056	-029.0	1
-07.05087	 106.43217	-028.2	1
-07.05087	 106.44380	-027.2	1
-07.05087	 106.45541	-026.5	1
-07.05087	 106.46703	-026.1	1
-07.05087	 106.47865	-025.7	1
-07.05087	 106.49026	-025.1	1
-07.05087	 106.50189	-024.5	1
-07.05087	 106.51352	-023.5	1
-07.05087	 106.52513	-022.2	1
-07.05087	 106.53675	-021.2	1
-07.05087	 106.54837	-019.6	1
-07.05087	 106.56000	-016.0	1
-07.05087	 106.57159	-012.1	1
-07.05087	 106.58323	-014.6	1
-07.05087	 106.59485	 013.6	1
-07.05087	 106.60646	 014.6	1
-07.05087	 106.61809	 018.4	1
-07.05087	 106.62971	 018.9	1
-07.05087	 106.64133	 018.6	1
-07.05087	 106.65294	 018.9	1
-07.05087	 106.66457	 018.3	1
-07.05087	 106.67618	 019.3	1
-07.05087	 106.68781	 020.1	1
-07.05087	 106.69942	 020.3	1
-07.05087	 106.71104	 018.7	1
-07.05087	 106.72267	 020.4	1
-07.05087	 106.73428	 025.8	1
-07.05087	 106.74590	 024.2	1
-07.05087	 106.75752	 023.2	1
-07.05087	 106.76913	 024.9	1
-07.05087	 106.78075	 004.4	1
-07.05087	 106.79239	 025.9	1
-07.05087	 106.80400	 024.3	1
-07.05087	 106.81562	 026.9	1
-07.05087	 106.82723	 026.7	1
-07.05087	 106.83886	 026.7	1
-07.05087	 106.85048	 023.3	1
-07.05087	 106.86210	 016.3	1
-07.05087	 106.87372	 022.2	1
-07.05087	 106.88533	 019.6	1
-07.05087	 106.89696	 026.6	1
-07.05087	 106.90857	 027.3	1
-07.05087	 106.92019	 028.0	1
-07.05087	 106.93181	 027.9	1
-07.05087	 106.94344	 022.2	1
-07.05087	 106.95506	 023.9	1
-07.05087	 106.96667	 028.3	1
-07.05087	 106.97829	 019.7	1
-07.05087	 106.98991	 024.4	1
-07.05087	 107.00153	 022.9	1
-07.05087	 107.01315	 022.1	1
-07.05087	 107.02477	 024.7	1
-07.05087	 107.03639	 030.0	1
-07.05087	 107.04800	 025.6	1
-07.05087	 107.05962	 026.5	1
-07.05087	 107.07124	 028.8	1
-07.05087	 107.08287	 016.3	1
-07.05087	 107.09448	 024.5	1
-07.05087	 107.10610	 025.7	1
-07.05087	 107.11772	 028.9	1
-07.05087	 107.12935	 028.2	1
-07.05087	 107.14096	 026.6	1
-07.05087	 107.15259	 024.7	1
-07.05087	 107.16420	 025.5	1
-07.05087	 107.17583	 030.9	1
-07.05087	 107.18745	 030.2	1
-07.05087	 107.19905	 032.2	1
-07.05087	 107.21068	 026.6	1
-07.05087	 107.22231	 029.5	1
-07.05087	 107.23392	 033.8	1
-07.05087	 107.24553	 033.2	1
-07.05087	 107.25716	 032.8	1
-07.05087	 107.26878	 034.0	1
-07.05087	 107.28040	 027.8	1
-07.05087	 107.29202	 022.3	1
-07.05087	 107.30363	 033.0	1
-07.05087	 107.31525	 033.4	1
-07.05087	 107.32688	 031.1	1
-07.05087	 107.33849	 026.9	1
-07.05087	 107.35012	 025.8	1
-07.05087	 107.36174	 025.0	1
-07.05087	 107.37335	 030.2	1
-07.05087	 107.38496	 024.0	1
-07.05087	 107.39659	 031.7	1
-07.05087	 107.40821	 016.1	1
-07.05087	 107.41984	-004.1	1
-07.05087	 107.43144	-012.9	1
-07.05087	 107.44308	-019.9	1
-07.05087	 107.45470	-022.9	1
-07.05087	 107.46632	-027.9	1
-07.05087	 107.47794	-027.8	1
-07.05087	 107.48955	-030.7	1
-07.05087	 107.50117	-030.1	1
-07.05087	 107.51279	-031.5	1
-07.05087	 107.52441	-032.7	1
-07.05087	 107.53603	-033.6	1
-07.05087	 107.54765	-031.1	1
-07.05087	 107.55927	-026.1	1
-07.05087	 107.57088	-023.6	1
-07.05087	 107.58250	-023.7	1
-07.05087	 107.59413	-022.4	1
-07.05087	 107.60574	-023.6	1
-07.05087	 107.61737	-024.2	1
-07.05087	 107.62899	-023.5	1
-07.05087	 107.64060	-026.2	1
-07.05087	 107.65222	-030.5	1
-07.05087	 107.66384	-033.3	1
-07.05087	 107.67546	-028.2	1
-07.05087	 107.68708	-026.3	1
-07.05087	 107.69871	-026.0	1
-07.05087	 107.71033	-021.9	1
-07.05087	 107.72194	-018.4	1
-07.05087	 107.73356	-018.9	1
-07.05087	 107.74518	-018.5	1
-07.05087	 107.75680	-017.4	1
-07.05087	 107.76842	-019.9	1
-07.05087	 107.78004	-016.6	1
-07.05087	 107.79166	-014.1	1
-07.05087	 107.80328	-013.7	1
-07.05087	 107.81490	-013.9	1
-07.05087	 107.82652	-015.3	1
-07.05087	 107.83814	-019.5	1
-07.05087	 107.84975	-021.0	1
-07.05087	 107.86137	-020.1	1
-07.05087	 107.87299	-021.8	1
-07.05087	 107.88462	-024.9	1
-07.05087	 107.89623	-023.7	1
-07.05087	 107.90785	-020.2	1
-07.05087	 107.91947	-022.1	1
-07.05087	 107.93109	-021.2	1
-07.05087	 107.94271	-021.9	1
-07.05087	 107.95432	-022.3	1
-07.05087	 107.96596	-023.2	1
-07.05087	 107.97757	-025.6	1
-07.05087	 107.98918	-026.9	1
-07.05087	 108.00081	-029.0	1
-07.05087	 108.01243	-029.0	1
-07.05087	 108.02404	-029.0	1
-07.05087	 108.03568	-029.4	1
-07.05087	 108.04729	-030.7	1
-07.05087	 108.05890	-033.0	1
-07.05087	 108.07053	-033.7	1
-07.05087	 108.08215	-035.7	1
-07.05087	 108.09377	-036.9	1
-07.05087	 108.10538	-034.1	1
-07.05087	 108.11700	-033.0	1
-07.05087	 108.12863	-032.2	1
-07.05087	 108.14024	-034.5	1
-07.05087	 108.15187	-035.2	1
-07.05087	 108.16348	-037.3	1
-07.05087	 108.17510	-038.8	1
-07.05087	 108.18672	-040.3	1
-07.05087	 108.19834	-040.9	1
-07.05087	 108.20996	-041.1	1
-07.05087	 108.22159	-041.4	1
-07.05087	 108.23320	-041.0	1
-07.05087	 108.24482	-042.1	1
-07.05087	 108.25644	-042.3	1
-07.05087	 108.26806	-042.8	1
-07.05087	 108.27967	-043.5	1
-07.05087	 108.29130	-043.0	1
-07.05087	 108.30292	-043.8	1
-07.05087	 108.31454	-043.7	1
-07.05087	 108.32616	-045.1	1
-07.05087	 108.33778	-045.7	1
-07.05087	 108.34940	-050.6	1
-07.05087	 108.36101	-051.7	1
-07.05087	 108.37263	-051.4	1
-07.05087	 108.38425	-050.8	1
-07.05087	 108.39587	-050.0	1
-07.05087	 108.40750	-050.7	1
-07.05087	 108.41911	-052.5	1
-07.05087	 108.43073	-053.4	1
-07.05087	 108.44235	-054.0	1
-07.05087	 108.45397	-054.7	1
-07.05087	 108.46559	-055.4	1
-07.05087	 108.47720	-055.5	1
-07.05087	 108.48883	-055.6	1
-07.05087	 108.50044	-055.5	1
-07.05087	 108.51207	-055.8	1
-07.05087	 108.52368	-055.5	1
-07.05087	 108.53530	-055.5	1
-07.06240	 106.23464	-033.0	1
-07.06240	 106.24626	-031.7	1
-07.06240	 106.25789	-031.6	1
-07.06240	 106.26950	-031.1	1
-07.06240	 106.28113	-030.9	1
-07.06240	 106.29273	-031.0	1
-07.06240	 106.30436	-031.4	1
-07.06240	 106.31598	-031.9	1
-07.06240	 106.32759	-031.9	1
-07.06240	 106.33922	-031.4	1
-07.06240	 106.35084	-030.7	1
-07.06240	 106.36246	-030.3	1
-07.06240	 106.37407	-030.3	1
-07.06240	 106.38570	-029.4	1
-07.06240	 106.39732	-028.6	1
-07.06240	 106.40894	-028.0	1
-07.06240	 106.42055	-027.6	1
-07.06240	 106.43217	-026.5	1
-07.06240	 106.44380	-026.0	1
-07.06240	 106.45541	-025.4	1
-07.06240	 106.46703	-024.6	1
-07.06240	 106.47865	-023.6	1
-07.06240	 106.49027	-022.7	1
-07.06240	 106.50189	-022.0	1
-07.06240	 106.51352	-020.7	1
-07.06240	 106.52513	-019.5	1
-07.06240	 106.53674	-016.9	1
-07.06240	 106.54837	-015.4	1
-07.06240	 106.56000	-011.3	1
-07.06240	 106.57160	 017.7	1
-07.06240	 106.58322	 017.0	1
-07.06240	 106.59485	 019.2	1
-07.06240	 106.60646	 018.9	1
-07.06240	 106.61809	 017.8	1
-07.06240	 106.62971	 019.0	1
-07.06240	 106.64133	 018.2	1
-07.06240	 106.65295	 019.7	1
-07.06240	 106.66457	 019.9	1
-07.06240	 106.67619	 018.3	1
-07.06240	 106.68781	 023.6	1
-07.06240	 106.69942	 017.4	1
-07.06240	 106.71105	 024.8	1
-07.06240	 106.72266	 014.8	1
-07.06240	 106.73428	-006.3	1
-07.06240	 106.74590	 025.0	1
-07.06240	 106.75752	 009.1	1
-07.06240	 106.76913	 025.3	1
-07.06240	 106.78075	 026.2	1
-07.06240	 106.79239	 025.9	1
-07.06240	 106.80400	 024.5	1
-07.06240	 106.81561	 025.7	1
-07.06240	 106.82723	 025.4	1
-07.06240	 106.83885	 027.1	1
-07.06240	 106.85048	 015.0	1
-07.06240	 106.86209	 026.5	1
-07.06240	 106.87372	 027.1	1
-07.06240	 106.88533	 010.0	1
-07.06240	 106.89696	 018.4	1
-07.06240	 106.90857	 026.8	1
-07.06240	 106.92020	 027.4	1
-07.06240	 106.93181	 016.6	1
-07.06240	 106.94344	 028.3	1
-07.06240	 106.95506	 028.1	1
-07.06240	 106.96667	 023.7	1
-07.06240	 106.97829	 014.4	1
-07.06240	 106.98991	 010.6	1
-07.06240	 107.00154	 025.4	1
-07.06240	 107.01315	 024.1	1
-07.06240	 107.02477	 008.9	1
-07.06240	 107.03639	 030.0	1
-07.06240	 107.04800	 008.7	1
-07.06240	 107.05963	 029.5	1
-07.06240	 107.07125	 024.9	1
-07.06240	 107.08287	 025.5	1
-07.06240	 107.09449	 026.8	1
-07.06240	 107.10609	 019.4	1
-07.06240	 107.11773	 029.1	1
-07.06240	 107.12935	 025.9	1
-07.06240	 107.14097	 020.5	1
-07.06240	 107.15257	 030.2	1
-07.06240	 107.16421	 031.2	1
-07.06240	 107.17583	 032.4	1
-07.06240	 107.18745	 032.6	1
-07.06240	 107.19905	 032.1	1
-07.06240	 107.21069	 032.5	1
-07.06240	 107.22231	 027.3	1
-07.06240	 107.23392	 033.1	1
-07.06240	 107.24553	 028.6	1
-07.06240	 107.25716	 031.4	1
-07.06240	 107.26878	 033.7	1
-07.06240	 107.28040	 034.2	1
-07.06240	 107.29201	-001.4	1
-07.06240	 107.30363	 030.4	1
-07.06240	 107.31525	 034.6	1
-07.06240	 107.32687	 020.3	1
-07.06240	 107.33849	 024.4	1
-07.06240	 107.35011	 032.7	1
-07.06240	 107.36174	 027.5	1
-07.06240	 107.37335	 031.3	1
-07.06240	 107.38496	 031.1	1
-07.06240	 107.39659	 031.4	1
-07.06240	 107.40821	-000.7	1
-07.06240	 107.41983	-007.6	1
-07.06240	 107.43144	-017.6	1
-07.06240	 107.44307	-021.8	1
-07.06240	 107.45468	-025.3	1
-07.06240	 107.46631	-031.3	1
-07.06240	 107.47792	-030.7	1
-07.06240	 107.48955	-032.8	1
-07.06240	 107.50116	-031.1	1
-07.06240	 107.51279	-031.1	1
-07.06240	 107.52440	-032.2	1
-07.06240	 107.53603	-033.0	1
-07.06240	 107.54765	-033.5	1
-07.06240	 107.55927	-029.3	1
-07.06240	 107.57088	-025.1	1
-07.06240	 107.58250	-024.2	1
-07.06240	 107.59412	-022.3	1
-07.06240	 107.60574	-023.4	1
-07.06240	 107.61737	-024.4	1
-07.06240	 107.62898	-026.6	1
-07.06240	 107.64061	-027.2	1
-07.06240	 107.65222	-029.5	1
-07.06240	 107.66383	-031.3	1
-07.06240	 107.67546	-034.1	1
-07.06240	 107.68709	-030.7	1
-07.06240	 107.69870	-028.7	1
-07.06240	 107.71032	-029.1	1
-07.06240	 107.72194	-025.8	1
-07.06240	 107.73355	-020.3	1
-07.06240	 107.74518	-018.9	1
-07.06240	 107.75681	-019.1	1
-07.06240	 107.76842	-017.4	1
-07.06240	 107.78003	-018.5	1
-07.06240	 107.79166	-018.8	1
-07.06240	 107.80328	-016.9	1
-07.06240	 107.81490	-017.4	1
-07.06240	 107.82651	-019.8	1
-07.06240	 107.83813	-023.6	1
-07.06240	 107.84975	-025.9	1
-07.06240	 107.86137	-025.8	1
-07.06240	 107.87300	-029.5	1
-07.06240	 107.88461	-030.9	1
-07.06240	 107.89622	-029.7	1
-07.06240	 107.90785	-028.0	1
-07.06240	 107.91948	-026.3	1
-07.06240	 107.93109	-026.1	1
-07.06240	 107.94270	-023.4	1
-07.06240	 107.95433	-022.9	1
-07.06240	 107.96595	-022.8	1
-07.06240	 107.97757	-024.8	1
-07.06240	 107.98919	-025.3	1
-07.06240	 108.00081	-028.2	1
-07.06240	 108.01243	-028.9	1
-07.06240	 108.02405	-029.0	1
-07.06240	 108.03567	-028.9	1
-07.06240	 108.04729	-028.0	1
-07.06240	 108.05891	-027.5	1
-07.06240	 108.07053	-028.4	1
-07.06240	 108.08215	-030.8	1
-07.06240	 108.09377	-032.3	1
-07.06240	 108.10538	-031.8	1
-07.06240	 108.11700	-032.7	1
-07.06240	 108.12863	-034.1	1
-07.06240	 108.14024	-036.3	1
-07.06240	 108.15186	-034.9	1
-07.06240	 108.16348	-037.8	1
-07.06240	 108.17511	-039.5	1
-07.06240	 108.18672	-040.1	1
-07.06240	 108.19835	-040.2	1
-07.06240	 108.20996	-039.7	1
-07.06240	 108.22158	-040.4	1
-07.06240	 108.23320	-040.6	1
-07.06240	 108.24483	-039.8	1
-07.06240	 108.25643	-040.8	1
-07.06240	 108.26806	-040.5	1
-07.06240	 108.27967	-040.7	1
-07.06240	 108.29131	-041.4	1
-07.06240	 108.30292	-042.1	1
-07.06240	 108.31454	-042.0	1
-07.06240	 108.32616	-042.7	1
-07.06240	 108.33778	-044.6	1
-07.06240	 108.34939	-045.8	1
-07.06240	 108.36102	-051.5	1
-07.06240	 108.37263	-052.5	1
-07.06240	 108.38426	-052.1	1
-07.06240	 108.39587	-051.6	1
-07.06240	 108.40750	-050.0	1
-07.06240	 108.41911	-052.5	1
-07.06240	 108.43073	-053.9	1
-07.06240	 108.44234	-054.4	1
-07.06240	 108.45397	-054.6	1
-07.06240	 108.46558	-055.3	1
-07.06240	 108.47720	-055.5	1
-07.06240	 108.48883	-055.4	1
-07.06240	 108.50045	-055.6	1
-07.06240	 108.51206	-056.0	1
-07.06240	 108.52368	-056.0	1
-07.06240	 108.53531	-056.8	1
-07.07394	 106.23464	-032.5	1
-07.07394	 106.24626	-032.3	1
-07.07394	 106.25788	-032.4	1
-07.07394	 106.26950	-032.8	1
-07.07394	 106.28113	-032.4	1
-07.07394	 106.29274	-031.9	1
-07.07394	 106.30436	-031.5	1
-07.07394	 106.31598	-031.0	1
-07.07394	 106.32760	-030.5	1
-07.07394	 106.33922	-030.3	1
-07.07394	 106.35084	-029.3	1
-07.07394	 106.36246	-028.8	1
-07.07394	 106.37408	-028.3	1
-07.07394	 106.38570	-027.9	1
-07.07394	 106.39732	-027.4	1
-07.07394	 106.40894	-026.8	1
-07.07394	 106.42056	-025.7	1
-07.07394	 106.43217	-024.8	1
-07.07394	 106.44380	-023.9	1
-07.07394	 106.45541	-023.0	1
-07.07394	 106.46703	-022.3	1
-07.07394	 106.47865	-021.9	1
-07.07394	 106.49026	-020.9	1
-07.07394	 106.50189	-020.6	1
-07.07394	 106.51352	-019.6	1
-07.07394	 106.52513	-017.9	1
-07.07394	 106.53675	 000.2	1
-07.07394	 106.54837	 012.0	1
-07.07394	 106.56000	 018.8	1
-07.07394	 106.57161	 017.4	1
-07.07394	 106.58324	 018.6	1
-07.07394	 106.59485	 018.9	1
-07.07394	 106.60646	 019.2	1
-07.07394	 106.61809	 019.2	1
-07.07394	 106.62971	 019.5	1
-07.07394	 106.64133	 018.5	1
-07.07394	 106.65294	 018.6	1
-07.07394	 106.66457	 015.0	1
-07.07394	 106.67619	 024.3	1
-07.07394	 106.68781	 004.1	1
-07.07394	 106.69942	 023.8	1
-07.07394	 106.71104	 025.5	1
-07.07394	 106.72266	-010.4	1
-07.07394	 106.73428	 025.7	1
-07.07394	 106.74590	 025.2	1
-07.07394	 106.75752	 025.8	1
-07.07394	 106.76913	 025.4	1
-07.07394	 106.78075	 003.0	1
-07.07394	 106.79239	 025.8	1
-07.07394	 106.80400	 000.1	1
-07.07394	 106.81561	 026.0	1
-07.07394	 106.82723	 025.6	1
-07.07394	 106.83886	 017.8	1
-07.07394	 106.85048	 025.5	1
-07.07394	 106.86209	 025.9	1
-07.07394	 106.87372	-008.5	1
-07.07394	 106.88533	 027.4	1
-07.07394	 106.89696	 026.8	1
-07.07394	 106.90857	 023.4	1
-07.07394	 106.92020	 025.9	1
-07.07394	 106.93181	 028.3	1
-07.07394	 106.94344	 025.5	1
-07.07394	 106.95506	 015.9	1
-07.07394	 106.96667	 026.2	1
-07.07394	 106.97829	 022.1	1
-07.07394	 106.98991	 024.7	1
-07.07394	 107.00154	 021.8	1
-07.07394	 107.01315	 000.7	1
-07.07394	 107.02477	 029.6	1
-07.07394	 107.03639	 029.8	1
-07.07394	 107.04800	 023.2	1
-07.07394	 107.05963	 023.5	1
-07.07394	 107.07124	 023.5	1
-07.07394	 107.08288	 027.0	1
-07.07394	 107.09448	 016.6	1
-07.07394	 107.10609	 028.4	1
-07.07394	 107.11772	 026.0	1
-07.07394	 107.12935	 019.1	1
-07.07394	 107.14096	 022.7	1
-07.07394	 107.15258	 029.1	1
-07.07394	 107.16420	 021.1	1
-07.07394	 107.17583	 032.2	1
-07.07394	 107.18745	 027.7	1
-07.07394	 107.19906	 031.8	1
-07.07394	 107.21068	 010.0	1
-07.07394	 107.22231	 017.1	1
-07.07394	 107.23391	 032.1	1
-07.07394	 107.24553	 032.6	1
-07.07394	 107.25716	 011.0	1
-07.07394	 107.26878	 029.3	1
-07.07394	 107.28040	 022.5	1
-07.07394	 107.29202	 032.4	1
-07.07394	 107.30364	 014.7	1
-07.07394	 107.31526	 020.8	1
-07.07394	 107.32687	 027.5	1
-07.07394	 107.33850	 009.3	1
-07.07394	 107.35011	 032.0	1
-07.07394	 107.36174	 027.3	1
-07.07394	 107.37335	 030.4	1
-07.07394	 107.38497	 032.6	1
-07.07394	 107.39659	 026.8	1
-07.07394	 107.40822	-003.5	1
-07.07394	 107.41983	-013.0	1
-07.07394	 107.43144	-018.9	1
-07.07394	 107.44307	-023.0	1
-07.07394	 107.45469	-027.1	1
-07.07394	 107.46631	-031.4	1
-07.07394	 107.47793	-033.3	1
-07.07394	 107.48955	-032.6	1
-07.07394	 107.50117	-030.2	1
-07.07394	 107.51279	-029.1	1
-07.07394	 107.52441	-031.5	1
-07.07394	 107.53603	-033.1	1
-07.07394	 107.54765	-034.5	1
-07.07394	 107.55927	-032.3	1
-07.07394	 107.57088	-027.2	1
-07.07394	 107.58250	-024.5	1
-07.07394	 107.59412	-024.3	1
-07.07394	 107.60575	-023.0	1
-07.07394	 107.61736	-025.1	1
-07.07394	 107.62898	-026.6	1
-07.07394	 107.64061	-029.6	1
-07.07394	 107.65223	-031.6	1
-07.07394	 107.66384	-031.6	1
-07.07394	 107.67546	-032.7	1
-07.07394	 107.68708	-034.0	1
-07.07394	 107.69869	-031.9	1
-07.07394	 107.71032	-028.7	1
-07.07394	 107.72194	-027.7	1
-07.07394	 107.73357	-027.7	1
-07.07394	 107.74518	-022.5	1
-07.07394	 107.75681	-018.5	1
-07.07394	 107.76842	-019.3	1
-07.07394	 107.78004	-019.5	1
-07.07394	 107.79166	-019.6	1
-07.07394	 107.80328	-022.0	1
-07.07394	 107.81490	-023.1	1
-07.07394	 107.82652	-024.8	1
-07.07394	 107.83813	-027.5	1
-07.07394	 107.84975	-028.1	1
-07.07394	 107.86137	-030.3	1
-07.07394	 107.87300	-033.1	1
-07.07394	 107.88461	-032.6	1
-07.07394	 107.89623	-032.7	1
-07.07394	 107.90785	-033.0	1
-07.07394	 107.91948	-031.3	1
-07.07394	 107.93109	-028.8	1
-07.07394	 107.94272	-025.7	1
-07.07394	 107.95433	-029.0	1
-07.07394	 107.96596	-027.2	1
-07.07394	 107.97757	-025.3	1
-07.07394	 107.98918	-022.8	1
-07.07394	 108.00082	-025.3	1
-07.07394	 108.01243	-025.2	1
-07.07394	 108.02405	-024.5	1
-07.07394	 108.03568	-027.4	1
-07.07394	 108.04729	-028.7	1
-07.07394	 108.05891	-028.1	1
-07.07394	 108.07053	-028.2	1
-07.07394	 108.08215	-028.7	1
-07.07394	 108.09377	-028.5	1
-07.07394	 108.10538	-027.6	1
-07.07394	 108.11700	-027.6	1
-07.07394	 108.12862	-031.7	1
-07.07394	 108.14024	-034.0	1
-07.07394	 108.15186	-037.3	1
-07.07394	 108.16348	-036.3	1
-07.07394	 108.17510	-038.3	1
-07.07394	 108.18672	-039.1	1
-07.07394	 108.19835	-040.9	1
-07.07394	 108.20996	-041.4	1
-07.07394	 108.22159	-041.8	1
-07.07394	 108.23319	-040.1	1
-07.07394	 108.24482	-039.4	1
-07.07394	 108.25644	-039.3	1
-07.07394	 108.26805	-040.5	1
-07.07394	 108.27968	-041.4	1
-07.07394	 108.29131	-041.4	1
-07.07394	 108.30293	-041.8	1
-07.07394	 108.31453	-041.8	1
-07.07394	 108.32616	-041.1	1
-07.07394	 108.33778	-042.4	1
-07.07394	 108.34939	-044.2	1
-07.07394	 108.36102	-045.3	1
-07.07394	 108.37263	-052.6	1
-07.07394	 108.38425	-053.9	1
-07.07394	 108.39587	-052.9	1
-07.07394	 108.40749	-051.4	1
-07.07394	 108.41911	-051.7	1
-07.07394	 108.43073	-051.0	1
-07.07394	 108.44235	-053.2	1
-07.07394	 108.45398	-053.7	1
-07.07394	 108.46558	-053.6	1
-07.07394	 108.47721	-054.2	1
-07.07394	 108.48883	-054.5	1
-07.07394	 108.50044	-054.8	1
-07.07394	 108.51207	-054.6	1
-07.07394	 108.52368	-055.2	1
-07.07394	 108.53532	-056.6	1
-07.08548	 106.24626	-032.5	1
-07.08548	 106.25789	-032.1	1
-07.08548	 106.26950	-032.0	1
-07.08548	 106.28113	-031.4	1
-07.08548	 106.29273	-030.8	1
-07.08548	 106.30436	-030.1	1
-07.08548	 106.31598	-029.8	1
-07.08548	 106.32760	-029.1	1
-07.08548	 106.33922	-028.7	1
-07.08548	 106.35085	-028.2	1
-07.08548	 106.36246	-027.8	1
-07.08548	 106.37407	-026.9	1
-07.08548	 106.38570	-026.0	1
-07.08548	 106.39732	-025.1	1
-07.08548	 106.40894	-024.3	1
-07.08548	 106.42056	-023.4	1
-07.08548	 106.43217	-022.7	1
-07.08548	 106.44380	-022.6	1
-07.08548	 106.45541	-023.0	1
-07.08548	 106.46703	-022.0	1
-07.08548	 106.47865	-021.1	1
-07.08548	 106.49026	-020.2	1
-07.08548	 106.50188	-018.6	1
-07.08548	 106.51352	-017.0	1
-07.08548	 106.52513	-014.1	1
-07.08548	 106.53674	 016.0	1
-07.08548	 106.54837	 017.0	1
-07.08548	 106.56000	 018.6	1
-07.08548	 106.57161	 017.9	1
-07.08548	 106.58323	 018.3	1
-07.08548	 106.59485	 018.8	1
-07.08548	 106.60646	 018.9	1
-07.08548	 106.61809	 018.9	1
-07.08548	 106.62970	 013.9	1
-07.08548	 106.64133	 022.9	1
-07.08548	 106.65294	 015.7	1
-07.08548	 106.66457	 024.2	1
-07.08548	 106.67619	 010.8	1
-07.08548	 106.68781	 022.3	1
-07.08548	 106.69942	 003.4	1
-07.08548	 106.71104	 021.9	1
-07.08548	 106.72267	 024.8	1
-07.08548	 106.73428	 025.7	1
-07.08548	 106.74590	 019.6	1
-07.08548	 106.75752	 020.7	1
-07.08548	 106.76913	 018.5	1
-07.08548	 106.78075	 019.4	1
-07.08548	 106.79237	 025.9	1
-07.08548	 106.80400	 023.3	1
-07.08548	 106.81562	 014.2	1
-07.08548	 106.82723	 026.6	1
-07.08548	 106.83885	 026.2	1
-07.08548	 106.85048	 026.3	1
-07.08548	 106.86210	 017.1	1
-07.08548	 106.87372	 019.4	1
-07.08548	 106.88533	 026.7	1
-07.08548	 106.89696	 026.8	1
-07.08548	 106.90857	 027.6	1
-07.08548	 106.92020	 022.4	1
-07.08548	 106.93181	 027.1	1
-07.08548	 106.94344	 022.8	1
-07.08548	 106.95506	 011.8	1
-07.08548	 106.96667	 021.2	1
-07.08548	 106.97829	 020.6	1
-07.08548	 106.98991	 003.0	1
-07.08548	 107.00154	 024.0	1
-07.08548	 107.01315	 029.4	1
-07.08548	 107.02477	 023.9	1
-07.08548	 107.03639	 023.0	1
-07.08548	 107.04800	 024.2	1
-07.08548	 107.05962	 024.4	1
-07.08548	 107.07124	 003.3	1
-07.08548	 107.08287	 019.0	1
-07.08548	 107.09448	 026.7	1
-07.08548	 107.10609	 024.1	1
-07.08548	 107.11772	 029.3	1
-07.08548	 107.12935	 030.0	1
-07.08548	 107.14097	 031.4	1
-07.08548	 107.15258	 029.5	1
-07.08548	 107.16420	 027.6	1
-07.08548	 107.17583	 028.9	1
-07.08548	 107.18745	 030.8	1
-07.08548	 107.19907	 030.8	1
-07.08548	 107.21068	 021.8	1
-07.08548	 107.22231	 032.5	1
-07.08548	 107.23392	 030.3	1
-07.08548	 107.24554	 032.7	1
-07.08548	 107.25716	 029.2	1
-07.08548	 107.26878	 033.0	1
-07.08548	 107.28040	 027.4	1
-07.08548	 107.29202	 027.5	1
-07.08548	 107.30363	 031.5	1
-07.08548	 107.31526	 030.1	1
-07.08548	 107.32687	 032.9	1
-07.08548	 107.33850	 031.2	1
-07.08548	 107.35011	 024.8	1
-07.08548	 107.36174	 030.6	1
-07.08548	 107.37335	 033.6	1
-07.08548	 107.38498	 032.7	1
-07.08548	 107.39660	 021.0	1
-07.08548	 107.40822	-004.5	1
-07.08548	 107.41985	-014.0	1
-07.08548	 107.43145	-019.8	1
-07.08548	 107.44307	-023.5	1
-07.08548	 107.45470	-026.8	1
-07.08548	 107.46631	-031.0	1
-07.08548	 107.47794	-033.5	1
-07.08548	 107.48956	-032.8	1
-07.08548	 107.50117	-029.2	1
-07.08548	 107.51279	-031.9	1
-07.08548	 107.52441	-030.9	1
-07.08548	 107.53603	-033.2	1
-07.08548	 107.54765	-033.6	1
-07.08548	 107.55927	-034.8	1
-07.08548	 107.57089	-030.5	1
-07.08548	 107.58250	-027.1	1
-07.08548	 107.59412	-024.3	1
-07.08548	 107.60575	-025.8	1
-07.08548	 107.61736	-026.9	1
-07.08548	 107.62898	-028.5	1
-07.08548	 107.64060	-030.6	1
-07.08548	 107.65222	-033.6	1
-07.08548	 107.66385	-033.8	1
-07.08548	 107.67546	-032.5	1
-07.08548	 107.68709	-032.1	1
-07.08548	 107.69870	-033.6	1
-07.08548	 107.71033	-033.4	1
-07.08548	 107.72195	-029.5	1
-07.08548	 107.73355	-027.8	1
-07.08548	 107.74518	-028.7	1
-07.08548	 107.75680	-025.2	1
-07.08548	 107.76842	-021.0	1
-07.08548	 107.78004	-021.8	1
-07.08548	 107.79166	-023.4	1
-07.08548	 107.80328	-023.6	1
-07.08548	 107.81490	-024.5	1
-07.08548	 107.82651	-027.5	1
-07.08548	 107.83813	-030.5	1
-07.08548	 107.84975	-032.3	1
-07.08548	 107.86137	-033.2	1
-07.08548	 107.87299	-031.7	1
-07.08548	 107.88461	-032.5	1
-07.08548	 107.89623	-034.1	1
-07.08548	 107.90785	-033.1	1
-07.08548	 107.91947	-032.6	1
-07.08548	 107.93109	-033.0	1
-07.08548	 107.94271	-031.5	1
-07.08548	 107.95432	-030.5	1
-07.08548	 107.96595	-029.0	1
-07.08548	 107.97757	-029.4	1
-07.08548	 107.98919	-029.3	1
-07.08548	 108.00081	-027.2	1
-07.08548	 108.01244	-023.1	1
-07.08548	 108.02406	-023.9	1
-07.08548	 108.03568	-025.5	1
-07.08548	 108.04729	-027.1	1
-07.08548	 108.05891	-027.2	1
-07.08548	 108.07053	-028.1	1
-07.08548	 108.08215	-029.3	1
-07.08548	 108.09377	-029.7	1
-07.08548	 108.10538	-029.1	1
-07.08548	 108.11700	-029.7	1
-07.08548	 108.12862	-031.1	1
-07.08548	 108.14024	-030.9	1
-07.08548	 108.15186	-034.4	1
-07.08548	 108.16348	-035.0	1
-07.08548	 108.17510	-036.6	1
-07.08548	 108.18672	-038.8	1
-07.08548	 108.19835	-039.9	1
-07.08548	 108.20996	-040.9	1
-07.08548	 108.22158	-040.8	1
-07.08548	 108.23320	-041.0	1
-07.08548	 108.24482	-041.0	1
-07.08548	 108.25644	-041.2	1
-07.08548	 108.26806	-040.4	1
-07.08548	 108.27968	-040.5	1
-07.08548	 108.29130	-040.1	1
-07.08548	 108.30292	-040.6	1
-07.08548	 108.31453	-041.9	1
-07.08548	 108.32616	-042.0	1
-07.08548	 108.33778	-042.6	1
-07.08548	 108.34940	-043.2	1
-07.08548	 108.36101	-044.1	1
-07.08548	 108.37263	-051.2	1
-07.08548	 108.38425	-052.3	1
-07.08548	 108.39587	-053.2	1
-07.08548	 108.40749	-054.4	1
-07.08548	 108.41911	-053.7	1
-07.08548	 108.43073	-053.8	1
-07.08548	 108.44234	-052.9	1
-07.08548	 108.45396	-051.3	1
-07.08548	 108.46558	-051.9	1
-07.08548	 108.47721	-051.6	1
-07.08548	 108.48883	-053.2	1
-07.08548	 108.50045	-054.0	1
-07.08548	 108.51207	-053.9	1
-07.08548	 108.52369	-054.6	1
-07.08548	 108.53531	-055.3	1
-07.09701	 106.24626	-030.7	1
-07.09701	 106.25788	-030.8	1
-07.09701	 106.26950	-030.5	1
-07.09701	 106.28112	-030.2	1
-07.09701	 106.29273	-029.8	1
-07.09701	 106.30435	-029.3	1
-07.09701	 106.31598	-028.6	1
-07.09701	 106.32760	-027.9	1
-07.09701	 106.33922	-027.0	1
-07.09701	 106.35085	-026.2	1
-07.09701	 106.36246	-025.5	1
-07.09701	 106.37407	-024.7	1
-07.09701	 106.38570	-023.9	1
-07.09701	 106.39732	-023.4	1
-07.09701	 106.40894	-023.6	1
-07.09701	 106.42056	-023.3	1
-07.09701	 106.43217	-022.9	1
-07.09701	 106.44380	-022.3	1
-07.09701	 106.45541	-021.6	1
-07.09701	 106.46704	-020.3	1
-07.09701	 106.47865	-019.4	1
-07.09701	 106.49026	-018.4	1
-07.09701	 106.50189	-016.1	1
-07.09701	 106.51350	-011.0	1
-07.09701	 106.52513	 011.0	1
-07.09701	 106.53675	 017.7	1
-07.09701	 106.54837	 017.0	1
-07.09701	 106.56000	 017.1	1
-07.09701	 106.57160	 018.9	1
-07.09701	 106.58323	 018.5	1
-07.09701	 106.59485	 017.4	1
-07.09701	 106.60646	 017.8	1
-07.09701	 106.61809	 017.8	1
-07.09701	 106.62971	 017.9	1
-07.09701	 106.64133	 016.7	1
-07.09701	 106.65294	 022.0	1
-07.09701	 106.66457	 024.1	1
-07.09701	 106.67618	 017.4	1
-07.09701	 106.68781	 021.6	1
-07.09701	 106.69942	 024.1	1
-07.09701	 106.71105	 023.2	1
-07.09701	 106.72266	 025.5	1
-07.09701	 106.73428	 024.0	1
-07.09701	 106.74590	 019.8	1
-07.09701	 106.75752	 019.2	1
-07.09701	 106.76913	 020.0	1
-07.09701	 106.78075	 019.6	1
-07.09701	 106.79238	 021.1	1
-07.09701	 106.80400	 019.4	1
-07.09701	 106.81561	 025.7	1
-07.09701	 106.82723	 025.9	1
-07.09701	 106.83887	 023.3	1
-07.09701	 106.85048	 016.2	1
-07.09701	 106.86209	 007.6	1
-07.09701	 106.87372	 021.6	1
-07.09701	 106.88533	 015.5	1
-07.09701	 106.89696	 025.3	1
-07.09701	 106.90857	 021.9	1
-07.09701	 106.92020	 027.5	1
-07.09701	 106.93181	 024.3	1
-07.09701	 106.94344	 015.6	1
-07.09701	 106.95505	 025.0	1
-07.09701	 106.96667	 021.6	1
-07.09701	 106.97829	 027.1	1
-07.09701	 106.98991	 028.1	1
-07.09701	 107.00153	 022.2	1
-07.09701	 107.01315	 023.4	1
-07.09701	 107.02477	 023.6	1
-07.09701	 107.03639	 024.4	1
-07.09701	 107.04800	 024.6	1
-07.09701	 107.05962	 029.0	1
-07.09701	 107.07124	 028.4	1
-07.09702	 107.08287	 023.0	1
-07.09701	 107.09449	 025.4	1
-07.09701	 107.10610	 010.8	1
-07.09701	 107.11772	 025.7	1
-07.09701	 107.12935	 019.3	1
-07.09701	 107.14096	 012.8	1
-07.09701	 107.15257	 020.4	1
-07.09701	 107.16420	 030.4	1
-07.09701	 107.17583	 019.5	1
-07.09701	 107.18744	 025.1	1
-07.09701	 107.19907	 026.9	1
-07.09701	 107.21069	 021.6	1
-07.09702	 107.22231	 030.9	1
-07.09701	 107.23392	 019.2	1
-07.09701	 107.24554	 030.5	1
-07.09701	 107.25716	 030.6	1
-07.09701	 107.26878	 025.1	1
-07.09701	 107.28040	 032.6	1
-07.09701	 107.29201	 029.1	1
-07.09701	 107.30363	 033.1	1
-07.09701	 107.31526	 029.7	1
-07.09701	 107.32688	 033.5	1
-07.09701	 107.33849	 030.8	1
-07.09701	 107.35012	 029.4	1
-07.09701	 107.36174	 033.8	1
-07.09701	 107.37335	 033.8	1
-07.09701	 107.38497	 025.0	1
-07.09701	 107.39659	 020.0	1
-07.09701	 107.40822	 023.9	1
-07.09701	 107.41983	-015.0	1
-07.09701	 107.43145	-020.6	1
-07.09701	 107.44307	-024.3	1
-07.09701	 107.45468	-027.5	1
-07.09701	 107.46632	-031.0	1
-07.09701	 107.47794	-033.5	1
-07.09701	 107.48956	-034.3	1
-07.09701	 107.50117	-031.6	1
-07.09701	 107.51279	-029.9	1
-07.09701	 107.52441	-031.1	1
-07.09701	 107.53603	-033.7	1
-07.09701	 107.54765	-034.4	1
-07.09701	 107.55927	-033.7	1
-07.09701	 107.57088	-033.1	1
-07.09701	 107.58250	-029.8	1
-07.09701	 107.59412	-028.3	1
-07.09701	 107.60575	-027.1	1
-07.09701	 107.61736	-027.4	1
-07.09701	 107.62899	-029.4	1
-07.09701	 107.64061	-031.6	1
-07.09701	 107.65223	-033.8	1
-07.09701	 107.66385	-035.5	1
-07.09701	 107.67546	-034.2	1
-07.09701	 107.68709	-033.0	1
-07.09701	 107.69870	-032.8	1
-07.09701	 107.71032	-034.0	1
-07.09701	 107.72194	-034.8	1
-07.09701	 107.73356	-030.6	1
-07.09701	 107.74517	-028.4	1
-07.09701	 107.75680	-028.2	1
-07.09701	 107.76842	-027.2	1
-07.09701	 107.78004	-024.3	1
-07.09701	 107.79166	-026.3	1
-07.09701	 107.80328	-028.7	1
-07.09701	 107.81490	-029.0	1
-07.09701	 107.82652	-031.4	1
-07.09701	 107.83813	-033.4	1
-07.09701	 107.84975	-034.5	1
-07.09701	 107.86137	-035.4	1
-07.09701	 107.87300	-033.5	1
-07.09701	 107.88461	-033.2	1
-07.09701	 107.89622	-032.4	1
-07.09701	 107.90785	-033.0	1
-07.09701	 107.91948	-034.0	1
-07.09701	 107.93110	-033.3	1
-07.09701	 107.94271	-032.6	1
-07.09701	 107.95433	-033.1	1
-07.09701	 107.96596	-032.0	1
-07.09701	 107.97757	-032.1	1
-07.09701	 107.98919	-031.4	1
-07.09701	 108.00082	-029.5	1
-07.09701	 108.01243	-028.0	1
-07.09701	 108.02405	-026.6	1
-07.09701	 108.03568	-024.6	1
-07.09701	 108.04729	-025.9	1
-07.09701	 108.05890	-028.5	1
-07.09701	 108.07053	-029.0	1
-07.09701	 108.08215	-028.8	1
-07.09701	 108.09377	-030.0	1
-07.09701	 108.10538	-030.8	1
-07.09701	 108.11700	-029.3	1
-07.09701	 108.12862	-029.6	1
-07.09701	 108.14024	-030.8	1
-07.09701	 108.15186	-033.6	1
-07.09701	 108.16348	-034.3	1
-07.09701	 108.17511	-033.4	1
-07.09701	 108.18671	-036.1	1
-07.09701	 108.19834	-037.6	1
-07.09701	 108.20997	-039.6	1
-07.09701	 108.22158	-040.4	1
-07.09701	 108.23320	-040.8	1
-07.09701	 108.24483	-040.7	1
-07.09701	 108.25644	-040.2	1
-07.09701	 108.26806	-040.6	1
-07.09701	 108.27968	-041.5	1
-07.09701	 108.29130	-041.0	1
-07.09701	 108.30292	-041.2	1
-07.09701	 108.31453	-040.6	1
-07.09701	 108.32616	-040.3	1
-07.09701	 108.33778	-041.2	1
-07.09701	 108.34940	-043.2	1
-07.09701	 108.36101	-044.0	1
-07.09701	 108.37263	-045.2	1
-07.09701	 108.38425	-051.2	1
-07.09701	 108.39587	-051.7	1
-07.09701	 108.40749	-052.7	1
-07.09701	 108.41911	-053.8	1
-07.09701	 108.43073	-054.6	1
-07.09701	 108.44235	-054.3	1
-07.09701	 108.45396	-055.0	1
-07.09701	 108.46559	-055.2	1
-07.09701	 108.47720	-054.9	1
-07.09701	 108.48884	-053.5	1
-07.09701	 108.50045	-053.0	1
-07.09701	 108.51207	-054.4	1
-07.09701	 108.52369	-053.2	1
-07.10855	 106.24626	-030.1	1
-07.10855	 106.25788	-030.2	1
-07.10855	 106.26950	-029.5	1
-07.10855	 106.28113	-028.9	1
-07.10855	 106.29273	-028.0	1
-07.10855	 106.30435	-027.2	1
-07.10855	 106.31598	-026.5	1
-07.10855	 106.32760	-025.9	1
-07.10855	 106.33922	-025.1	1
-07.10855	 106.35084	-024.8	1
-07.10855	 106.36246	-024.3	1
-07.10855	 106.37408	-024.4	1
-07.10855	 106.38570	-023.9	1
-07.10855	 106.39732	-023.5	1
-07.10855	 106.40894	-023.0	1
-07.10855	 106.42055	-022.4	1
-07.10855	 106.43217	-021.8	1
-07.10855	 106.44380	-020.8	1
-07.10855	 106.45541	-020.2	1
-07.10855	 106.46703	-019.4	1
-07.10855	 106.47865	-018.2	1
-07.10855	 106.49026	-014.0	1
-07.10855	 106.50189	-013.6	1
-07.10855	 106.51351	 011.8	1
-07.10855	 106.52513	 018.0	1
-07.10855	 106.53674	 017.0	1
-07.10855	 106.54837	 018.2	1
-07.10855	 106.56000	 018.3	1
-07.10855	 106.57160	 017.4	1
-07.10855	 106.58323	 017.4	1
-07.10855	 106.59485	 017.7	1
-07.10855	 106.60646	 021.7	1
-07.10855	 106.61809	 016.0	1
-07.10855	 106.62971	 024.2	1
-07.10855	 106.64133	 020.0	1
-07.10855	 106.65294	 018.4	1
-07.10855	 106.66457	 024.9	1
-07.10855	 106.67619	 010.7	1
-07.10855	 106.68781	 010.2	1
-07.10855	 106.69942	 022.9	1
-07.10855	 106.71104	 017.5	1
-07.10855	 106.72267	 018.6	1
-07.10855	 106.73428	 019.0	1
-07.10855	 106.74590	 020.0	1
-07.10855	 106.75752	 020.3	1
-07.10855	 106.76913	 019.9	1
-07.10855	 106.78075	 020.1	1
-07.10855	 106.79238	 025.6	1
-07.10855	 106.80399	 020.1	1
-07.10855	 106.81561	 024.2	1
-07.10855	 106.82723	 025.6	1
-07.10855	 106.83886	 025.2	1
-07.10855	 106.85048	 020.8	1
-07.10855	 106.86209	 020.8	1
-07.10855	 106.87372	 008.6	1
-07.10855	 106.88533	 027.1	1
-07.10855	 106.89696	 013.9	1
-07.10855	 106.90857	 027.6	1
-07.10855	 106.92020	 024.8	1
-07.10855	 106.93181	 023.9	1
-07.10855	 106.94344	 022.9	1
-07.10855	 106.95506	 027.9	1
-07.10855	 106.96667	 028.2	1
-07.10855	 106.97829	-004.7	1
-07.10855	 106.98991	 022.5	1
-07.10855	 107.00154	 022.1	1
-07.10855	 107.01315	 022.3	1
-07.10855	 107.02477	 023.7	1
-07.10855	 107.03639	 023.9	1
-07.10855	 107.04800	 025.3	1
-07.10855	 107.05962	 029.3	1
-07.10855	 107.07125	 026.0	1
-07.10855	 107.08287	 025.0	1
-07.10855	 107.09448	 027.7	1
-07.10855	 107.10609	 030.1	1
-07.10855	 107.11772	 030.7	1
-07.10855	 107.12935	 027.3	1
-07.10855	 107.14098	 030.9	1
-07.10855	 107.15259	 030.7	1
-07.10855	 107.16420	 031.4	1
-07.10855	 107.17583	 029.2	1
-07.10855	 107.18745	 030.3	1
-07.10855	 107.19906	 029.2	1
-07.10855	 107.21068	 030.8	1
-07.10855	 107.22231	 024.6	1
-07.10855	 107.23392	 032.4	1
-07.10855	 107.24554	 024.7	1
-07.10855	 107.25716	 027.9	1
-07.10855	 107.26879	 024.6	1
-07.10855	 107.28040	 030.2	1
-07.10855	 107.29202	 029.3	1
-07.10855	 107.30364	 032.3	1
-07.10855	 107.31526	 032.0	1
-07.10855	 107.32687	 033.2	1
-07.10855	 107.33849	 032.1	1
-07.10855	 107.35011	 028.4	1
-07.10855	 107.36174	 033.4	1
-07.10855	 107.37335	 033.4	1
-07.10855	 107.38496	 005.4	1
-07.10855	 107.39659	 024.9	1
-07.10855	 107.40822	-005.6	1
-07.10855	 107.41983	-016.9	1
-07.10855	 107.43145	-020.5	1
-07.10855	 107.44308	-024.4	1
-07.10855	 107.45469	-027.4	1
-07.10855	 107.46631	-030.5	1
-07.10855	 107.47793	-032.8	1
-07.10855	 107.48956	-033.9	1
-07.10855	 107.50117	-033.5	1
-07.10855	 107.51279	-031.2	1
-07.10855	 107.52441	-034.9	1
-07.10855	 107.53603	-034.7	1
-07.10855	 107.54765	-035.0	1
-07.10855	 107.55927	-034.4	1
-07.10855	 107.57088	-034.8	1
-07.10855	 107.58250	-031.4	1
-07.10855	 107.59413	-030.1	1
-07.10855	 107.60574	-028.7	1
-07.10855	 107.61736	-028.3	1
-07.10855	 107.62898	-028.9	1
-07.10855	 107.64060	-031.8	1
-07.10855	 107.65222	-034.9	1
-07.10855	 107.66384	-036.8	1
-07.10855	 107.67546	-037.0	1
-07.10855	 107.68708	-035.3	1
-07.10855	 107.69870	-033.7	1
-07.10855	 107.71033	-032.5	1
-07.10855	 107.72194	-033.5	1
-07.10855	 107.73356	-034.2	1
-07.10855	 107.74518	-031.5	1
-07.10855	 107.75681	-029.1	1
-07.10855	 107.76842	-028.3	1
-07.10855	 107.78004	-029.4	1
-07.10855	 107.79166	-027.4	1
-07.10855	 107.80328	-029.8	1
-07.10855	 107.81490	-032.6	1
-07.10855	 107.82651	-033.8	1
-07.10855	 107.83813	-034.8	1
-07.10855	 107.84975	-037.1	1
-07.10855	 107.86137	-037.4	1
-07.10855	 107.87300	-038.0	1
-07.10855	 107.88461	-036.1	1
-07.10855	 107.89623	-034.4	1
-07.10855	 107.90785	-032.8	1
-07.10855	 107.91948	-032.2	1
-07.10855	 107.93109	-033.3	1
-07.10855	 107.94271	-034.1	1
-07.10855	 107.95432	-033.8	1
-07.10855	 107.96596	-033.1	1
-07.10855	 107.97757	-033.8	1
-07.10855	 107.98919	-032.9	1
-07.10855	 108.00081	-031.0	1
-07.10855	 108.01244	-028.6	1
-07.10855	 108.02405	-025.2	1
-07.10855	 108.03568	-026.7	1
-07.10855	 108.04729	-026.0	1
-07.10855	 108.05891	-027.5	1
-07.10855	 108.07053	-029.8	1
-07.10855	 108.08215	-031.9	1
-07.10855	 108.09377	-032.5	1
-07.10855	 108.10538	-031.4	1
-07.10855	 108.11700	-031.3	1
-07.10855	 108.12862	-031.5	1
-07.10855	 108.14024	-032.6	1
-07.10855	 108.15186	-033.0	1
-07.10855	 108.16350	-034.1	1
-07.10855	 108.17510	-035.0	1
-07.10855	 108.18672	-035.2	1
-07.10855	 108.19834	-036.5	1
-07.10855	 108.20997	-037.2	1
-07.10855	 108.22158	-037.2	1
-07.10855	 108.23320	-039.0	1
-07.10855	 108.24482	-040.1	1
-07.10855	 108.25645	-040.1	1
-07.10855	 108.26806	-039.7	1
-07.10855	 108.27968	-040.5	1
-07.10855	 108.29130	-041.7	1
-07.10855	 108.30293	-042.2	1
-07.10855	 108.31453	-046.4	1
-07.10855	 108.32616	-042.5	1
-07.10855	 108.33777	-042.3	1
-07.10855	 108.34940	-041.7	1
-07.10855	 108.36101	-042.2	1
-07.10855	 108.37263	-043.3	1
-07.10855	 108.38425	-043.9	1
-07.10855	 108.39587	-049.6	1
-07.10855	 108.40749	-050.5	1
-07.10855	 108.41911	-050.9	1
-07.10855	 108.43073	-052.9	1
-07.10855	 108.44234	-052.8	1
-07.10855	 108.45397	-054.3	1
-07.10855	 108.46558	-055.5	1
-07.10855	 108.47721	-056.3	1
-07.10855	 108.48884	-056.4	1
-07.10855	 108.50045	-057.1	1
-07.10855	 108.51206	-056.8	1
-07.10855	 108.52368	-055.1	1
-07.12009	 106.24626	-028.9	1
-07.12009	 106.25789	-028.2	1
-07.12009	 106.26949	-027.5	1
-07.12009	 106.28113	-026.9	1
-07.12009	 106.29273	-026.2	1
-07.12009	 106.30436	-025.7	1
-07.12009	 106.31598	-025.5	1
-07.12009	 106.32760	-025.4	1
-07.12009	 106.33922	-025.0	1
-07.12009	 106.35085	-024.5	1
-07.12009	 106.36246	-024.3	1
-07.12009	 106.37407	-023.6	1
-07.12009	 106.38570	-022.9	1
-07.12009	 106.39732	-023.1	1
-07.12009	 106.40894	-022.7	1
-07.12009	 106.42056	-021.8	1
-07.12009	 106.43217	-020.8	1
-07.12009	 106.44380	-020.0	1
-07.12009	 106.45541	-018.6	1
-07.12009	 106.46703	-017.0	1
-07.12009	 106.47865	-008.3	1
-07.12009	 106.49027	 017.4	1
-07.12009	 106.50189	 017.5	1
-07.12009	 106.51352	 017.5	1
-07.12009	 106.52513	 017.7	1
-07.12009	 106.53674	 018.3	1
-07.12009	 106.54836	 017.2	1
-07.12009	 106.56000	 018.7	1
-07.12009	 106.57160	 018.7	1
-07.12009	 106.58323	 021.9	1
-07.12009	 106.59485	 016.4	1
-07.12009	 106.60646	 018.9	1
-07.12009	 106.61809	 024.0	1
-07.12009	 106.62971	 016.9	1
-07.12009	 106.64133	 014.6	1
-07.12009	 106.65295	 019.9	1
-07.12009	 106.66457	 018.3	1
-07.12009	 106.67619	 024.0	1
-07.12009	 106.68781	 018.7	1
-07.12009	 106.69942	 020.1	1
-07.12009	 106.71104	 018.7	1
-07.12009	 106.72267	 018.8	1
-07.12009	 106.73428	 020.2	1
-07.12009	 106.74590	 019.7	1
-07.12009	 106.75752	 019.3	1
-07.12009	 106.76913	 020.8	1
-07.12009	 106.78075	 009.5	1
-07.12009	 106.79238	 024.0	1
-07.12009	 106.80400	 012.8	1
-07.12009	 106.81561	 023.6	1
-07.12009	 106.82723	 020.9	1
-07.12009	 106.83886	 020.7	1
-07.12009	 106.85048	 020.0	1
-07.12009	 106.86209	 021.8	1
-07.12009	 106.87371	 017.3	1
-07.12009	 106.88533	 025.8	1
-07.12009	 106.89696	 025.8	1
-07.12009	 106.90857	 019.9	1
-07.12009	 106.92020	 021.3	1
-07.12009	 106.93181	 019.7	1
-07.12009	 106.94344	 024.3	1
-07.12009	 106.95506	 020.3	1
-07.12009	 106.96667	 023.0	1
-07.12009	 106.97829	 022.0	1
-07.12009	 106.98991	 023.4	1
-07.12009	 107.00153	 021.7	1
-07.12009	 107.01315	 022.8	1
-07.12009	 107.02477	 020.1	1
-07.12009	 107.03639	 018.4	1
-07.12009	 107.04800	 021.8	1
-07.12009	 107.05962	 023.5	1
-07.12009	 107.07125	 018.8	1
-07.12009	 107.08287	 017.2	1
-07.12009	 107.09448	 029.8	1
-07.12009	 107.10610	 021.0	1
-07.12009	 107.11773	 029.3	1
-07.12009	 107.12935	 012.3	1
-07.12009	 107.14096	 030.1	1
-07.12009	 107.15258	 030.4	1
-07.12009	 107.16421	 028.5	1
-07.12009	 107.17583	 031.4	1
-07.12009	 107.18744	 025.0	1
-07.12009	 107.19906	 031.7	1
-07.12009	 107.21068	 027.8	1
-07.12009	 107.22231	 031.9	1
-07.12009	 107.23392	 032.1	1
-07.12009	 107.24554	 027.4	1
-07.12009	 107.25716	 032.3	1
-07.12009	 107.26878	 032.4	1
-07.12009	 107.28040	 019.6	1
-07.12009	 107.29202	 023.6	1
-07.12009	 107.30363	 014.5	1
-07.12009	 107.31526	 032.5	1
-07.12009	 107.32687	 009.4	1
-07.12009	 107.33849	 029.7	1
-07.12009	 107.35011	 027.7	1
-07.12009	 107.36174	 019.8	1
-07.12009	 107.37335	 028.4	1
-07.12009	 107.38497	 026.0	1
-07.12009	 107.39659	 019.7	1
-07.12009	 107.40821	-011.3	1
-07.12009	 107.41983	-017.4	1
-07.12009	 107.43145	-021.8	1
-07.12009	 107.44308	-024.5	1
-07.12009	 107.45469	-026.9	1
-07.12009	 107.46632	-029.7	1
-07.12009	 107.47794	-032.6	1
-07.12009	 107.48956	-033.7	1
-07.12009	 107.50117	-035.0	1
-07.12009	 107.51279	-032.4	1
-07.12009	 107.52441	-035.0	1
-07.12009	 107.53603	-035.6	1
-07.12009	 107.54765	-035.3	1
-07.12009	 107.55927	-034.1	1
-07.12009	 107.57089	-032.4	1
-07.12009	 107.58250	-034.2	1
-07.12009	 107.59412	-032.7	1
-07.12009	 107.60574	-030.0	1
-07.12009	 107.61736	-029.1	1
-07.12009	 107.62898	-030.9	1
-07.12009	 107.64061	-032.0	1
-07.12009	 107.65222	-035.2	1
-07.12009	 107.66384	-038.5	1
-07.12009	 107.67546	-039.1	1
-07.12009	 107.68708	-037.8	1
-07.12009	 107.69870	-036.2	1
-07.12009	 107.71033	-033.6	1
-07.12009	 107.72194	-031.9	1
-07.12009	 107.73356	-032.1	1
-07.12009	 107.74519	-034.3	1
-07.12009	 107.75680	-031.9	1
-07.12009	 107.76842	-030.0	1
-07.12009	 107.78004	-030.2	1
-07.12009	 107.79166	-031.8	1
-07.12009	 107.80328	-033.1	1
-07.12009	 107.81490	-033.9	1
-07.12009	 107.82652	-036.5	1
-07.12009	 107.83813	-037.6	1
-07.12009	 107.84975	-036.3	1
-07.12009	 107.86137	-037.6	1
-07.12009	 107.87300	-038.9	1
-07.12009	 107.88462	-038.8	1
-07.12009	 107.89624	-038.6	1
-07.12009	 107.90785	-035.4	1
-07.12009	 107.91947	-034.6	1
-07.12009	 107.93110	-033.2	1
-07.12009	 107.94271	-033.0	1
-07.12009	 107.95433	-034.3	1
-07.12009	 107.96596	-034.5	1
-07.12009	 107.97757	-033.9	1
-07.12009	 107.98918	-033.6	1
-07.12009	 108.00081	-033.3	1
-07.12009	 108.01244	-031.8	1
-07.12009	 108.02405	-030.3	1
-07.12009	 108.03568	-031.5	1
-07.12009	 108.04729	-031.1	1
-07.12009	 108.05891	-030.6	1
-07.12009	 108.07053	-032.4	1
-07.12009	 108.08215	-031.1	1
-07.12009	 108.09377	-032.5	1
-07.12009	 108.10538	-034.6	1
-07.12009	 108.11700	-034.9	1
-07.12009	 108.12863	-034.7	1
-07.12009	 108.14024	-034.3	1
-07.12009	 108.15186	-034.4	1
-07.12009	 108.16348	-035.4	1
-07.12009	 108.17511	-035.9	1
-07.12009	 108.18671	-036.3	1
-07.12009	 108.19835	-036.0	1
-07.12009	 108.20996	-036.5	1
-07.12009	 108.22158	-037.1	1
-07.12009	 108.23320	-037.8	1
-07.12009	 108.24482	-037.9	1
-07.12009	 108.25644	-037.6	1
-07.12009	 108.26806	-038.7	1
-07.12009	 108.27968	-039.7	1
-07.12009	 108.29129	-040.6	1
-07.12009	 108.30292	-042.3	1
-07.12009	 108.31453	-042.8	1
-07.12009	 108.32616	-043.0	1
-07.12009	 108.33778	-046.7	1
-07.12009	 108.34939	-047.3	1
-07.12009	 108.36102	-047.2	1
-07.12009	 108.37264	-046.7	1
-07.12009	 108.38425	-047.8	1
-07.12009	 108.39587	-049.2	1
-07.12009	 108.40749	-049.9	1
-07.12009	 108.41911	-051.7	1
-07.12009	 108.43073	-052.8	1
-07.12009	 108.44235	-053.2	1
-07.12009	 108.45396	-053.5	1
-07.12009	 108.46559	-054.5	1
-07.12009	 108.47720	-054.9	1
-07.12009	 108.48884	-055.2	1
-07.12009	 108.50045	-056.1	1
-07.12009	 108.51207	-056.4	1
-07.12009	 108.52368	-056.5	1
-07.13163	 106.25788	-026.8	1
-07.13163	 106.26950	-026.3	1
-07.13163	 106.28113	-026.2	1
-07.13163	 106.29274	-025.9	1
-07.13163	 106.30436	-025.5	1
-07.13163	 106.31598	-025.1	1
-07.13163	 106.32759	-024.8	1
-07.13163	 106.33922	-024.1	1
-07.13163	 106.35085	-024.0	1
-07.13163	 106.36246	-023.7	1
-07.13163	 106.37408	-023.7	1
-07.13163	 106.38570	-023.2	1
-07.13163	 106.39732	-022.5	1
-07.13163	 106.40894	-021.5	1
-07.13163	 106.42056	-020.4	1
-07.13163	 106.43217	-019.0	1
-07.13163	 106.44380	-017.6	1
-07.13163	 106.45541	-015.3	1
-07.13163	 106.46703	-005.1	1
-07.13163	 106.47865	 016.7	1
-07.13163	 106.49027	 018.0	1
-07.13163	 106.50189	 018.2	1
-07.13163	 106.51351	 018.3	1
-07.13163	 106.52513	 017.2	1
-07.13163	 106.53674	 017.3	1
-07.13163	 106.54837	 017.1	1
-07.13163	 106.56000	 019.7	1
-07.13163	 106.57161	 018.7	1
-07.13163	 106.58323	 017.1	1
-07.13163	 106.59484	 023.3	1
-07.13163	 106.60646	 023.5	1
-07.13163	 106.61809	 014.8	1
-07.13163	 106.62971	 022.7	1
-07.13163	 106.64133	 019.0	1
-07.13163	 106.65294	 013.3	1
-07.13163	 106.66457	 017.9	1
-07.13163	 106.67619	 018.0	1
-07.13163	 106.68781	 018.4	1
-07.13163	 106.69942	 018.6	1
-07.13163	 106.71104	 018.7	1
-07.13163	 106.72266	 018.6	1
-07.13163	 106.73428	 020.4	1
-07.13163	 106.74590	 020.0	1
-07.13163	 106.75752	 019.0	1
-07.13163	 106.76913	 020.1	1
-07.13163	 106.78075	 015.7	1
-07.13163	 106.79238	 017.0	1
-07.13163	 106.80400	 019.4	1
-07.13163	 106.81561	 021.0	1
-07.13163	 106.82723	 020.7	1
-07.13163	 106.83886	 020.0	1
-07.13163	 106.85048	 020.5	1
-07.13163	 106.86209	 025.8	1
-07.13163	 106.87371	 025.3	1
-07.13163	 106.88533	 017.9	1
-07.13163	 106.89696	 018.3	1
-07.13163	 106.90857	 021.5	1
-07.13163	 106.92020	 027.0	1
-07.13163	 106.93181	 023.1	1
-07.13163	 106.94344	 023.8	1
-07.13163	 106.95506	 021.5	1
-07.13163	 106.96667	 022.9	1
-07.13163	 106.97829	 016.3	1
-07.13163	 106.98991	-004.8	1
-07.13163	 107.00153	-005.9	1
-07.13163	 107.01315	 001.8	1
-07.13163	 107.02477	-007.3	1
-07.13163	 107.03639	-002.4	1
-07.13163	 107.04800	-003.1	1
-07.13163	 107.05962	-002.1	1
-07.13163	 107.07124	 015.9	1
-07.13163	 107.08287	 018.5	1
-07.13163	 107.09449	 029.0	1
-07.13163	 107.10611	 029.8	1
-07.13163	 107.11772	 004.0	1
-07.13163	 107.12935	 029.6	1
-07.13163	 107.14096	 022.6	1
-07.13163	 107.15257	 025.7	1
-07.13163	 107.16421	 030.4	1
-07.13163	 107.17583	 031.2	1
-07.13163	 107.18744	 031.0	1
-07.13163	 107.19905	 029.4	1
-07.13163	 107.21069	 029.7	1
-07.13163	 107.22231	 031.6	1
-07.13163	 107.23392	 031.3	1
-07.13163	 107.24554	 019.1	1
-07.13163	 107.25716	 029.4	1
-07.13163	 107.26878	 029.8	1
-07.13163	 107.28040	 031.2	1
-07.13163	 107.29201	 031.7	1
-07.13163	 107.30363	 029.2	1
-07.13163	 107.31525	 028.2	1
-07.13163	 107.32687	 032.6	1
-07.13163	 107.33849	 022.6	1
-07.13163	 107.35012	 025.2	1
-07.13163	 107.36174	 030.9	1
-07.13163	 107.37335	 032.6	1
-07.13163	 107.38498	 024.0	1
-07.13163	 107.39659	 016.2	1
-07.13163	 107.40822	-009.7	1
-07.13163	 107.41984	-016.8	1
-07.13163	 107.43145	-021.8	1
-07.13163	 107.44307	-023.5	1
-07.13163	 107.45468	-025.1	1
-07.13163	 107.46631	-028.3	1
-07.13163	 107.47794	-031.5	1
-07.13163	 107.48955	-032.4	1
-07.13163	 107.50117	-034.4	1
-07.13163	 107.51279	-034.1	1
-07.13163	 107.52441	-032.3	1
-07.13163	 107.53603	-035.3	1
-07.13163	 107.54765	-034.6	1
-07.13163	 107.55927	-033.5	1
-07.13163	 107.57089	-033.7	1
-07.13163	 107.58251	-033.7	1
-07.13163	 107.59412	-034.5	1
-07.13163	 107.60574	-031.3	1
-07.13163	 107.61736	-032.0	1
-07.13163	 107.62898	-031.0	1
-07.13163	 107.64061	-033.0	1
-07.13163	 107.65222	-037.6	1
-07.13163	 107.66384	-039.4	1
-07.13163	 107.67546	-040.7	1
-07.13163	 107.68709	-040.3	1
-07.13163	 107.69870	-038.8	1
-07.13163	 107.71033	-034.6	1
-07.13163	 107.72195	-032.6	1
-07.13163	 107.73356	-035.5	1
-07.13163	 107.74518	-033.1	1
-07.13163	 107.75681	-034.9	1
-07.13163	 107.76842	-033.4	1
-07.13163	 107.78004	-033.5	1
-07.13163	 107.79166	-033.9	1
-07.13163	 107.80328	-035.6	1
-07.13163	 107.81490	-037.4	1
-07.13163	 107.82652	-038.8	1
-07.13163	 107.83813	-039.2	1
-07.13163	 107.84975	-037.8	1
-07.13163	 107.86137	-039.1	1
-07.13163	 107.87299	-039.5	1
-07.13163	 107.88462	-039.6	1
-07.13163	 107.89623	-040.2	1
-07.13163	 107.90785	-039.2	1
-07.13163	 107.91948	-038.5	1
-07.13163	 107.93110	-035.7	1
-07.13163	 107.94272	-033.7	1
-07.13163	 107.95433	-033.4	1
-07.13163	 107.96595	-032.7	1
-07.13163	 107.97757	-034.0	1
-07.13163	 107.98918	-034.7	1
-07.13163	 108.00081	-034.0	1
-07.13163	 108.01244	-032.4	1
-07.13163	 108.02405	-034.1	1
-07.13163	 108.03567	-035.0	1
-07.13163	 108.04729	-035.9	1
-07.13163	 108.05890	-036.0	1
-07.13163	 108.07053	-035.4	1
-07.13163	 108.08215	-035.0	1
-07.13163	 108.09377	-035.3	1
-07.13163	 108.10538	-035.9	1
-07.13163	 108.11700	-035.8	1
-07.13163	 108.12863	-035.9	1
-07.13163	 108.14024	-037.8	1
-07.13163	 108.15186	-037.9	1
-07.13163	 108.16349	-037.7	1
-07.13163	 108.17510	-036.7	1
-07.13163	 108.18672	-037.0	1
-07.13163	 108.19835	-037.0	1
-07.13163	 108.20996	-037.4	1
-07.13163	 108.22158	-037.3	1
-07.13163	 108.23320	-037.5	1
-07.13163	 108.24482	-036.7	1
-07.13163	 108.25644	-036.7	1
-07.13163	 108.26806	-037.3	1
-07.13163	 108.27967	-037.4	1
-07.13163	 108.29130	-037.9	1
-07.13163	 108.30292	-040.0	1
-07.13163	 108.31453	-041.4	1
-07.13163	 108.32616	-042.3	1
-07.13163	 108.33778	-043.0	1
-07.13163	 108.34940	-047.2	1
-07.13163	 108.36101	-047.1	1
-07.13163	 108.37264	-046.7	1
-07.13163	 108.38425	-047.7	1
-07.13163	 108.39587	-048.4	1
-07.13163	 108.40749	-049.1	1
-07.13163	 108.41911	-050.2	1
-07.13163	 108.43073	-051.3	1
-07.13163	 108.44235	-052.3	1
-07.13163	 108.45397	-051.9	1
-07.13163	 108.46558	-050.6	1
-07.13163	 108.47721	-053.0	1
-07.13163	 108.48883	-053.9	1
-07.13163	 108.50044	-055.1	1
-07.13163	 108.51207	-055.6	1
-07.13163	 108.52368	-055.1	1
-07.14316	 106.25788	-026.5	1
-07.14316	 106.26950	-026.2	1
-07.14316	 106.28113	-025.7	1
-07.14316	 106.29273	-025.1	1
-07.14316	 106.30436	-025.0	1
-07.14316	 106.31598	-024.8	1
-07.14316	 106.32760	-024.5	1
-07.14316	 106.33922	-024.4	1
-07.14316	 106.35085	-024.0	1
-07.14316	 106.36246	-023.9	1
-07.14316	 106.37408	-023.1	1
-07.14316	 106.38570	-022.0	1
-07.14316	 106.39732	-020.8	1
-07.14316	 106.40894	-019.2	1
-07.14316	 106.42056	-017.6	1
-07.14316	 106.43217	-015.9	1
-07.14316	 106.44380	-013.6	1
-07.14316	 106.45541	 000.5	1
-07.14316	 106.46703	 016.7	1
-07.14316	 106.47865	 016.7	1
-07.14316	 106.49027	 016.4	1
-07.14316	 106.50189	 018.2	1
-07.14316	 106.51351	 016.8	1
-07.14316	 106.52513	 017.8	1
-07.14316	 106.53675	 018.5	1
-07.14316	 106.54837	 017.8	1
-07.14316	 106.56000	 018.6	1
-07.14316	 106.57160	 016.7	1
-07.14316	 106.58322	 016.7	1
-07.14316	 106.59485	 014.5	1
-07.14316	 106.60646	 022.1	1
-07.14316	 106.61809	 024.2	1
-07.14316	 106.62971	 017.6	1
-07.14316	 106.64133	 017.7	1
-07.14316	 106.65294	 019.5	1
-07.14316	 106.66457	 019.4	1
-07.14316	 106.67619	 018.4	1
-07.14316	 106.68781	 019.4	1
-07.14316	 106.69942	 019.0	1
-07.14316	 106.71104	 019.4	1
-07.14316	 106.72266	 019.0	1
-07.14316	 106.73428	 019.8	1
-07.14316	 106.74590	 019.4	1
-07.14316	 106.75753	 019.3	1
-07.14316	 106.76913	 020.6	1
-07.14316	 106.78075	 019.4	1
-07.14316	 106.79239	 020.5	1
-07.14316	 106.80400	 019.9	1
-07.14316	 106.81561	 021.1	1
-07.14316	 106.82723	 020.7	1
-07.14316	 106.83885	 019.8	1
-07.14316	 106.85048	 017.7	1
-07.14316	 106.86209	 024.1	1
-07.14316	 106.87372	 019.3	1
-07.14316	 106.88533	 016.6	1
-07.14316	 106.89696	 019.5	1
-07.14316	 106.90857	 027.0	1
-07.14316	 106.92020	 027.4	1
-07.14316	 106.93181	 021.2	1
-07.14316	 106.94344	 019.0	1
-07.14316	 106.95506	 020.8	1
-07.14316	 106.96667	-013.4	1
-07.14316	 106.97829	-012.7	1
-07.14316	 106.98991	-011.7	1
-07.14316	 107.00153	-008.7	1
-07.14316	 107.01315	-012.5	1
-07.14316	 107.02477	-010.8	1
-07.14316	 107.03639	-015.4	1
-07.14316	 107.04800	-010.3	1
-07.14316	 107.05962	-007.3	1
-07.14316	 107.07124	 005.1	1
-07.14316	 107.08287	 029.8	1
-07.14316	 107.09448	 019.7	1
-07.14316	 107.10610	 023.6	1
-07.14316	 107.11772	 029.9	1
-07.14316	 107.12935	 026.7	1
-07.14316	 107.14096	 027.9	1
-07.14316	 107.15258	 030.7	1
-07.14316	 107.16420	 030.9	1
-07.14316	 107.17583	 015.3	1
-07.14316	 107.18744	 021.3	1
-07.14316	 107.19907	 031.0	1
-07.14316	 107.21068	 019.1	1
-07.14316	 107.22231	 023.7	1
-07.14316	 107.23392	 019.8	1
-07.14316	 107.24553	 031.2	1
-07.14316	 107.25716	 028.9	1
-07.14316	 107.26878	 031.9	1
-07.14316	 107.28040	 027.4	1
-07.14316	 107.29202	 031.9	1
-07.14316	 107.30363	 030.1	1
-07.14316	 107.31526	 029.4	1
-07.14316	 107.32687	 029.8	1
-07.14316	 107.33849	 032.0	1
-07.14316	 107.35011	-003.6	1
-07.14316	 107.36174	 032.0	1
-07.14316	 107.37335	 031.8	1
-07.14316	 107.38498	 032.3	1
-07.14316	 107.39659	 017.5	1
-07.14316	 107.40821	-004.9	1
-07.14316	 107.41983	-016.8	1
-07.14316	 107.43145	-021.1	1
-07.14316	 107.44307	-021.8	1
-07.14316	 107.45470	-024.7	1
-07.14316	 107.46632	-027.0	1
-07.14316	 107.47794	-030.7	1
-07.14316	 107.48955	-032.3	1
-07.14316	 107.50117	-033.6	1
-07.14316	 107.51279	-034.5	1
-07.14316	 107.52441	-030.3	1
-07.14316	 107.53603	-033.1	1
-07.14316	 107.54765	-034.1	1
-07.14316	 107.55927	-034.4	1
-07.14316	 107.57088	-033.1	1
-07.14316	 107.58251	-033.8	1
-07.14316	 107.59412	-034.5	1
-07.14316	 107.60574	-034.7	1
-07.14316	 107.61736	-033.2	1
-07.14316	 107.62898	-032.3	1
-07.14316	 107.64061	-036.2	1
-07.14316	 107.65223	-038.3	1
-07.14316	 107.66385	-039.0	1
-07.14316	 107.67546	-040.8	1
-07.14316	 107.68709	-041.6	1
-07.14316	 107.69870	-040.9	1
-07.14316	 107.71033	-037.0	1
-07.14316	 107.72194	-034.9	1
-07.14316	 107.73356	-036.3	1
-07.14316	 107.74518	-038.5	1
-07.14316	 107.75681	-034.9	1
-07.14316	 107.76842	-037.3	1
-07.14316	 107.78003	-038.4	1
-07.14316	 107.79166	-038.5	1
-07.14316	 107.80328	-038.4	1
-07.14316	 107.81490	-040.0	1
-07.14316	 107.82652	-039.8	1
-07.14316	 107.83813	-040.7	1
-07.14316	 107.84975	-042.3	1
-07.14316	 107.86137	-043.3	1
-07.14316	 107.87300	-043.2	1
-07.14316	 107.88461	-044.5	1
-07.14316	 107.89624	-043.6	1
-07.14316	 107.90785	-041.8	1
-07.14316	 107.91948	-041.1	1
-07.14316	 107.93110	-040.0	1
-07.14316	 107.94271	-037.7	1
-07.14316	 107.95433	-034.8	1
-07.14316	 107.96596	-034.1	1
-07.14316	 107.97757	-034.0	1
-07.14316	 107.98919	-034.4	1
-07.14316	 108.00082	-034.3	1
-07.14316	 108.01242	-033.7	1
-07.14316	 108.02405	-033.4	1
-07.14316	 108.03567	-033.2	1
-07.14316	 108.04729	-034.2	1
-07.14316	 108.05891	-036.9	1
-07.14316	 108.07053	-036.9	1
-07.14316	 108.08215	-037.3	1
-07.14316	 108.09377	-037.7	1
-07.14316	 108.10538	-037.3	1
-07.14316	 108.11700	-037.9	1
-07.14316	 108.12863	-039.5	1
-07.14316	 108.14024	-038.6	1
-07.14316	 108.15186	-037.8	1
-07.14316	 108.16348	-039.4	1
-07.14316	 108.17510	-039.5	1
-07.14316	 108.18672	-039.2	1
-07.14316	 108.19835	-038.5	1
-07.14316	 108.20996	-038.0	1
-07.14316	 108.22158	-037.3	1
-07.14316	 108.23319	-036.6	1
-07.14316	 108.24481	-036.9	1
-07.14316	 108.25644	-036.3	1
-07.14316	 108.26806	-036.6	1
-07.14316	 108.27967	-036.8	1
-07.14316	 108.29130	-037.8	1
-07.14316	 108.30292	-038.8	1
-07.14316	 108.31453	-039.0	1
-07.14316	 108.32616	-040.4	1
-07.14316	 108.33778	-041.6	1
-07.14316	 108.34940	-042.4	1
-07.14316	 108.36102	-047.0	1
-07.14316	 108.37264	-047.6	1
-07.14316	 108.38425	-047.5	1
-07.14316	 108.39587	-048.1	1
-07.14316	 108.40750	-048.6	1
-07.14316	 108.41911	-049.4	1
-07.14316	 108.43074	-049.9	1
-07.14316	 108.44235	-050.4	1
-07.14316	 108.45397	-050.9	1
-07.14316	 108.46558	-051.7	1
-07.14316	 108.47721	-050.9	1
-07.14316	 108.48883	-052.5	1
-07.14316	 108.50044	-053.8	1
-07.14316	 108.51207	-055.7	1
-07.15470	 106.25788	-026.0	1
-07.15470	 106.26950	-025.7	1
-07.15470	 106.28113	-025.5	1
-07.15470	 106.29273	-025.3	1
-07.15470	 106.30437	-024.8	1
-07.15470	 106.31598	-024.8	1
-07.15470	 106.32759	-024.8	1
-07.15470	 106.33922	-024.1	1
-07.15470	 106.35084	-023.4	1
-07.15470	 106.36246	-022.7	1
-07.15470	 106.37408	-021.2	1
-07.15470	 106.38570	-019.5	1
-07.15470	 106.39732	-017.8	1
-07.15470	 106.40894	-015.7	1
-07.15470	 106.42055	-013.4	1
-07.15470	 106.43217	-009.4	1
-07.15470	 106.44380	-006.8	1
-07.15470	 106.45541	 006.4	1
-07.15470	 106.46703	 017.7	1
-07.15470	 106.47865	 016.2	1
-07.15470	 106.49027	 016.4	1
-07.15470	 106.50189	 016.0	1
-07.15470	 106.51352	 017.7	1
-07.15470	 106.52513	 016.7	1
-07.15470	 106.53675	 018.9	1
-07.15470	 106.54837	 019.3	1
-07.15470	 106.56000	 009.3	1
-07.15470	 106.57160	 017.4	1
-07.15470	 106.58322	 022.1	1
-07.15470	 106.59485	 018.5	1
-07.15470	 106.60646	 017.5	1
-07.15470	 106.61809	 018.1	1
-07.15470	 106.62971	 019.2	1
-07.15470	 106.64133	 017.6	1
-07.15470	 106.65294	 017.9	1
-07.15470	 106.66457	 018.9	1
-07.15470	 106.67619	 019.2	1
-07.15470	 106.68781	 019.4	1
-07.15470	 106.69942	 018.2	1
-07.15470	 106.71104	 019.9	1
-07.15470	 106.72266	 020.9	1
-07.15470	 106.73428	 022.5	1
-07.15470	 106.74590	 020.2	1
-07.15470	 106.75753	 019.0	1
-07.15470	 106.76913	 019.4	1
-07.15470	 106.78075	 019.1	1
-07.15470	 106.79238	 020.6	1
-07.15470	 106.80399	 020.0	1
-07.15470	 106.81561	 021.2	1
-07.15470	 106.82722	 020.1	1
-07.15470	 106.83886	 024.3	1
-07.15470	 106.85048	-023.0	1
-07.15470	 106.86210	 010.3	1
-07.15470	 106.87372	-003.3	1
-07.15470	 106.88533	 024.0	1
-07.15470	 106.89696	 023.3	1
-07.15470	 106.90857	 019.1	1
-07.15470	 106.92020	 019.9	1
-07.15470	 106.93181	 017.6	1
-07.15470	 106.94344	-010.9	1
-07.15470	 106.95506	-017.1	1
-07.15470	 106.96667	-018.0	1
-07.15470	 106.97829	-016.4	1
-07.15470	 106.98991	-013.2	1
-07.15470	 107.00153	-015.9	1
-07.15470	 107.01315	-015.6	1
-07.15470	 107.02477	-017.5	1
-07.15470	 107.03639	-013.8	1
-07.15470	 107.04800	-008.3	1
-07.15470	 107.05962	-002.8	1
-07.15470	 107.07124	 021.2	1
-07.15470	 107.08287	 022.8	1
-07.15470	 107.09448	 023.6	1
-07.15470	 107.10610	 029.5	1
-07.15470	 107.11772	 029.3	1
-07.15470	 107.12935	 017.6	1
-07.15470	 107.14096	 028.3	1
-07.15470	 107.15258	-017.3	1
-07.15470	 107.16421	 023.0	1
-07.15470	 107.17583	 012.8	1
-07.15470	 107.18744	 027.6	1
-07.15470	 107.19906	 020.5	1
-07.15470	 107.21068	 028.9	1
-07.15470	 107.22231	 030.6	1
-07.15470	 107.23392	 031.4	1
-07.15470	 107.24554	 028.1	1
-07.15470	 107.25716	 027.8	1
-07.15470	 107.26878	 031.7	1
-07.15470	 107.28040	 031.0	1
-07.15470	 107.29201	 027.4	1
-07.15470	 107.30364	 012.5	1
-07.15470	 107.31526	 032.0	1
-07.15470	 107.32688	 029.6	1
-07.15470	 107.33849	 031.7	1
-07.15470	 107.35011	 029.6	1
-07.15470	 107.36174	 027.8	1
-07.15470	 107.37335	 024.9	1
-07.15470	 107.38497	 031.8	1
-07.15470	 107.39659	 030.0	1
-07.15470	 107.40822	 000.3	1
-07.15470	 107.41983	-014.0	1
-07.15470	 107.43145	-020.7	1
-07.15470	 107.44307	-022.2	1
-07.15470	 107.45469	-023.8	1
-07.15470	 107.46631	-026.8	1
-07.15470	 107.47793	-028.2	1
-07.15470	 107.48956	-031.1	1
-07.15470	 107.50117	-032.9	1
-07.15470	 107.51279	-032.5	1
-07.15470	 107.52441	-030.6	1
-07.15470	 107.53603	-035.4	1
-07.15470	 107.54765	-036.3	1
-07.15470	 107.55927	-034.4	1
-07.15470	 107.57088	-034.2	1
-07.15470	 107.58251	-034.7	1
-07.15470	 107.59412	-036.4	1
-07.15470	 107.60575	-037.2	1
-07.15470	 107.61736	-036.9	1
-07.15470	 107.62899	-036.6	1
-07.15470	 107.64061	-035.8	1
-07.15470	 107.65222	-038.0	1
-07.15470	 107.66384	-040.0	1
-07.15470	 107.67546	-041.0	1
-07.15470	 107.68709	-041.7	1
-07.15470	 107.69870	-042.4	1
-07.15470	 107.71032	-040.6	1
-07.15470	 107.72194	-039.7	1
-07.15470	 107.73356	-040.3	1
-07.15470	 107.74518	-041.2	1
-07.15470	 107.75680	-039.5	1
-07.15470	 107.76842	-040.9	1
-07.15470	 107.78004	-041.3	1
-07.15470	 107.79166	-041.9	1
-07.15470	 107.80328	-042.2	1
-07.15470	 107.81489	-042.5	1
-07.15470	 107.82652	-042.4	1
-07.15470	 107.83814	-044.3	1
-07.15470	 107.84975	-045.7	1
-07.15470	 107.86137	-047.6	1
-07.15470	 107.87300	-048.1	1
-07.15470	 107.88461	-048.5	1
-07.15470	 107.89623	-047.5	1
-07.15470	 107.90785	-045.6	1
-07.15470	 107.91947	-043.9	1
-07.15470	 107.93110	-042.1	1
-07.15470	 107.94271	-040.5	1
-07.15470	 107.95433	-039.0	1
-07.15470	 107.96596	-037.0	1
-07.15470	 107.97757	-036.3	1
-07.15470	 107.98918	-034.6	1
-07.15470	 108.00081	-034.0	1
-07.15470	 108.01244	-033.1	1
-07.15470	 108.02405	-033.1	1
-07.15470	 108.03567	-033.8	1
-07.15470	 108.04729	-033.2	1
-07.15470	 108.05891	-033.6	1
-07.15470	 108.07053	-035.4	1
-07.15470	 108.08215	-036.2	1
-07.15470	 108.09377	-038.3	1
-07.15470	 108.10538	-041.2	1
-07.15470	 108.11700	-042.2	1
-07.15470	 108.12862	-042.1	1
-07.15470	 108.14024	-041.2	1
-07.15470	 108.15186	-041.4	1
-07.15470	 108.16349	-040.3	1
-07.15470	 108.17510	-039.6	1
-07.15470	 108.18672	-038.6	1
-07.15470	 108.19835	-040.6	1
-07.15470	 108.20996	-039.3	1
-07.15470	 108.22158	-038.4	1
-07.15470	 108.23320	-036.1	1
-07.15470	 108.24482	-036.4	1
-07.15470	 108.25644	-035.4	1
-07.15470	 108.26806	-036.2	1
-07.15470	 108.27967	-036.5	1
-07.15470	 108.29131	-037.1	1
-07.15470	 108.30292	-037.9	1
-07.15470	 108.31453	-038.7	1
-07.15470	 108.32616	-039.4	1
-07.15470	 108.33778	-040.0	1
-07.15470	 108.34940	-040.6	1
-07.15470	 108.36101	-041.0	1
-07.15470	 108.37264	-042.1	1
-07.15470	 108.38425	-043.0	1
-07.15470	 108.39587	-047.7	1
-07.15470	 108.40750	-048.7	1
-07.15470	 108.41911	-049.0	1
-07.15470	 108.43073	-049.6	1
-07.15470	 108.44234	-049.8	1
-07.15470	 108.45398	-050.0	1
-07.15470	 108.46558	-050.4	1
-07.15470	 108.47720	-050.9	1
-07.15470	 108.48883	-052.0	1
-07.15470	 108.50044	-054.1	1
-07.15470	 108.51206	-055.5	1
-07.16624	 106.25787	-026.2	1
-07.16624	 106.26950	-025.4	1
-07.16624	 106.28113	-025.6	1
-07.16624	 106.29274	-025.5	1
-07.16624	 106.30436	-024.9	1
-07.16624	 106.31598	-024.1	1
-07.16624	 106.32759	-023.4	1
-07.16624	 106.33922	-022.8	1
-07.16624	 106.35084	-021.3	1
-07.16624	 106.36246	-019.7	1
-07.16624	 106.37408	-017.9	1
-07.16624	 106.38570	-015.9	1
-07.16624	 106.39732	-014.0	1
-07.16624	 106.40894	-012.4	1
-07.16624	 106.42056	-011.8	1
-07.16624	 106.43217	-009.8	1
-07.16624	 106.44380	-006.5	1
-07.16624	 106.45541	-000.5	1
-07.16624	 106.46704	 014.2	1
-07.16624	 106.47865	 018.0	1
-07.16624	 106.49027	 016.4	1
-07.16624	 106.50189	 016.0	1
-07.16624	 106.51352	 018.7	1
-07.16624	 106.52513	 019.5	1
-07.16624	 106.53675	 018.3	1
-07.16624	 106.54837	 023.5	1
-07.16624	 106.56000	 017.4	1
-07.16624	 106.57161	 018.7	1
-07.16624	 106.58322	 018.8	1
-07.16624	 106.59485	 018.2	1
-07.16624	 106.60646	 018.5	1
-07.16624	 106.61809	 018.9	1
-07.16624	 106.62971	 019.2	1
-07.16624	 106.64133	 018.8	1
-07.16624	 106.65294	 019.3	1
-07.16624	 106.66457	 019.4	1
-07.16624	 106.67619	 018.8	1
-07.16624	 106.68781	 019.1	1
-07.16624	 106.69942	 018.4	1
-07.16624	 106.71104	 018.3	1
-07.16624	 106.72267	 019.6	1
-07.16624	 106.73428	 019.0	1
-07.16624	 106.74590	 019.7	1
-07.16624	 106.75752	 018.9	1
-07.16624	 106.76913	 020.6	1
-07.16624	 106.78075	 018.3	1
-07.16624	 106.79238	-023.2	1
-07.16624	 106.80400	-034.5	1
-07.16624	 106.81561	-034.2	1
-07.16624	 106.82722	-032.3	1
-07.16624	 106.83886	-007.2	1
-07.16624	 106.85048	-010.1	1
-07.16624	 106.86209	-000.2	1
-07.16624	 106.87372	 000.3	1
-07.16624	 106.88533	 015.3	1
-07.16624	 106.89696	-005.4	1
-07.16624	 106.90857	-004.4	1
-07.16624	 106.92020	 001.5	1
-07.16624	 106.93181	-016.7	1
-07.16624	 106.94344	-019.3	1
-07.16624	 106.95506	-021.8	1
-07.16624	 106.96667	-021.2	1
-07.16624	 106.97829	-018.5	1
-07.16624	 106.98991	-018.4	1
-07.16624	 107.00154	-017.8	1
-07.16624	 107.01315	-020.7	1
-07.16624	 107.02477	-018.5	1
-07.16624	 107.03639	-012.0	1
-07.16624	 107.04800	-009.1	1
-07.16624	 107.05963	 015.0	1
-07.16624	 107.07124	 026.2	1
-07.16624	 107.08287	 019.0	1
-07.16624	 107.09448	 023.0	1
-07.16624	 107.10610	 018.6	1
-07.16624	 107.11773	 013.0	1
-07.16624	 107.12935	 023.0	1
-07.16624	 107.14096	-020.8	1
-07.16624	 107.15258	-001.1	1
-07.16624	 107.16420	-007.1	1
-07.16624	 107.17583	-009.9	1
-07.16624	 107.18744	 030.5	1
-07.16624	 107.19906	 029.0	1
-07.16624	 107.21069	 030.9	1
-07.16624	 107.22231	 030.4	1
-07.16624	 107.23392	 030.6	1
-07.16624	 107.24554	 029.6	1
-07.16624	 107.25716	 030.6	1
-07.16624	 107.26878	 030.7	1
-07.16624	 107.28040	 030.9	1
-07.16624	 107.29202	 018.5	1
-07.16624	 107.30363	 031.6	1
-07.16624	 107.31526	 026.8	1
-07.16624	 107.32687	 029.2	1
-07.16624	 107.33849	 030.1	1
-07.16624	 107.35011	 031.8	1
-07.16624	 107.36174	 030.3	1
-07.16624	 107.37335	 030.7	1
-07.16624	 107.38496	 029.0	1
-07.16624	 107.39659	 028.9	1
-07.16624	 107.40822	-004.8	1
-07.16624	 107.41983	-015.8	1
-07.16624	 107.43146	-020.3	1
-07.16624	 107.44307	-022.1	1
-07.16624	 107.45468	-023.7	1
-07.16624	 107.46632	-027.3	1
-07.16624	 107.47794	-027.8	1
-07.16624	 107.48955	-030.7	1
-07.16624	 107.50117	-033.2	1
-07.16624	 107.51279	-034.2	1
-07.16624	 107.52441	-035.6	1
-07.16624	 107.53603	-037.5	1
-07.16624	 107.54765	-035.8	1
-07.16624	 107.55927	-034.5	1
-07.16624	 107.57088	-034.2	1
-07.16624	 107.58250	-036.6	1
-07.16624	 107.59412	-037.7	1
-07.16624	 107.60574	-039.0	1
-07.16624	 107.61736	-039.9	1
-07.16624	 107.62898	-040.6	1
-07.16624	 107.64060	-038.9	1
-07.16624	 107.65222	-039.8	1
-07.16624	 107.66383	-040.7	1
-07.16624	 107.67546	-042.2	1
-07.16624	 107.68709	-042.0	1
-07.16624	 107.69870	-042.6	1
-07.16624	 107.71032	-041.8	1
-07.16624	 107.72194	-037.8	1
-07.16624	 107.73356	-038.2	1
-07.16624	 107.74518	-041.5	1
-07.16624	 107.75681	-042.9	1
-07.16624	 107.76842	-042.4	1
-07.16624	 107.78003	-043.5	1
-07.16624	 107.79166	-044.3	1
-07.16624	 107.80328	-043.7	1
-07.16624	 107.81490	-043.3	1
-07.16624	 107.82652	-044.9	1
-07.16624	 107.83814	-046.3	1
-07.16624	 107.84975	-047.3	1
-07.16624	 107.86137	-049.5	1
-07.16624	 107.87300	-050.8	1
-07.16624	 107.88461	-050.1	1
-07.16624	 107.89623	-046.9	1
-07.16624	 107.90784	-046.9	1
-07.16624	 107.91948	-047.3	1
-07.16624	 107.93109	-045.9	1
-07.16624	 107.94271	-044.5	1
-07.16624	 107.95432	-041.7	1
-07.16624	 107.96596	-039.8	1
-07.16624	 107.97757	-040.4	1
-07.16624	 107.98919	-037.2	1
-07.16624	 108.00081	-035.1	1
-07.16624	 108.01244	-033.4	1
-07.16624	 108.02406	-032.9	1
-07.16624	 108.03568	-033.1	1
-07.16624	 108.04729	-033.3	1
-07.16624	 108.05890	-034.5	1
-07.16624	 108.07053	-034.7	1
-07.16624	 108.08215	-035.1	1
-07.16624	 108.09377	-038.1	1
-07.16624	 108.10538	-040.4	1
-07.16624	 108.11700	-041.7	1
-07.16624	 108.12863	-043.4	1
-07.16624	 108.14024	-043.9	1
-07.16624	 108.15186	-043.5	1
-07.16624	 108.16349	-042.9	1
-07.16624	 108.17510	-042.3	1
-07.16624	 108.18672	-042.0	1
-07.16624	 108.19834	-040.4	1
-07.16624	 108.20996	-038.0	1
-07.16624	 108.22158	-037.2	1
-07.16624	 108.23320	-036.9	1
-07.16624	 108.24482	-037.5	1
-07.16624	 108.25644	-036.5	1
-07.16624	 108.26805	-036.1	1
-07.16624	 108.27968	-036.7	1
-07.16624	 108.29131	-037.2	1
-07.16624	 108.30292	-037.8	1
-07.16624	 108.31453	-038.7	1
-07.16624	 108.32616	-039.1	1
-07.16624	 108.33778	-039.9	1
-07.16624	 108.34940	-040.3	1
-07.16624	 108.36102	-040.8	1
-07.16624	 108.37264	-040.8	1
-07.16624	 108.38425	-040.5	1
-07.16624	 108.39587	-041.7	1
-07.16624	 108.40750	-047.2	1
-07.16624	 108.41911	-048.1	1
-07.16624	 108.43073	-048.8	1
-07.16624	 108.44235	-049.1	1
-07.16624	 108.45397	-049.7	1
-07.16624	 108.46559	-049.9	1
-07.16624	 108.47720	-050.4	1
-07.16624	 108.48883	-051.0	1
-07.16624	 108.50045	-053.0	1
-07.16624	 108.51206	-053.1	1
-07.17777	 106.26950	-025.3	1
-07.17777	 106.28113	-024.7	1
-07.17777	 106.29273	-024.1	1
-07.17777	 106.30436	-023.5	1
-07.17777	 106.31598	-022.7	1
-07.17777	 106.32760	-021.4	1
-07.17777	 106.33922	-020.2	1
-07.17777	 106.35085	-018.2	1
-07.17777	 106.36246	-016.3	1
-07.17777	 106.37408	-015.3	1
-07.17777	 106.38570	-014.6	1
-07.17777	 106.39732	-014.2	1
-07.17777	 106.40894	-010.7	1
-07.17777	 106.42055	-008.1	1
-07.17777	 106.43217	-000.6	1
-07.17777	 106.44379	-004.1	1
-07.17777	 106.45541	-003.8	1
-07.17777	 106.46703	 010.1	1
-07.17777	 106.47865	 011.4	1
-07.17777	 106.49026	 018.3	1
-07.17777	 106.50188	 018.3	1
-07.17777	 106.51351	 016.9	1
-07.17777	 106.52513	 018.2	1
-07.17777	 106.53675	 017.2	1
-07.17777	 106.54837	 017.9	1
-07.17777	 106.56000	 017.5	1
-07.17777	 106.57160	 017.1	1
-07.17777	 106.58322	 017.9	1
-07.17777	 106.59485	 018.5	1
-07.17777	 106.60646	 018.3	1
-07.17777	 106.61809	 018.3	1
-07.17777	 106.62971	 018.6	1
-07.17777	 106.64133	 017.6	1
-07.17777	 106.65294	 019.3	1
-07.17777	 106.66457	 018.0	1
-07.17777	 106.67619	 018.3	1
-07.17777	 106.68781	 019.6	1
-07.17777	 106.69942	 018.1	1
-07.17777	 106.71104	 018.8	1
-07.17777	 106.72266	 020.0	1
-07.17777	 106.73428	 018.7	1
-07.17777	 106.74590	 018.6	1
-07.17777	 106.75752	 018.9	1
-07.17777	 106.76913	-028.3	1
-07.17777	 106.78075	-030.4	1
-07.17777	 106.79237	-031.2	1
-07.17777	 106.80400	-031.7	1
-07.17777	 106.81561	 000.9	1
-07.17777	 106.82722	-011.9	1
-07.17777	 106.83886	-016.0	1
-07.17777	 106.85048	-002.9	1
-07.17777	 106.86209	-014.9	1
-07.17777	 106.87372	-015.3	1
-07.17777	 106.88533	-015.7	1
-07.17777	 106.89696	-010.9	1
-07.17777	 106.90857	-014.7	1
-07.17777	 106.92019	-022.7	1
-07.17777	 106.93181	-021.4	1
-07.17777	 106.94344	-022.7	1
-07.17777	 106.95506	-023.0	1
-07.17777	 106.96667	-021.6	1
-07.17777	 106.97829	-021.3	1
-07.17777	 106.98991	-020.1	1
-07.17777	 107.00153	-023.3	1
-07.17777	 107.01315	-020.9	1
-07.17777	 107.02477	-016.2	1
-07.17777	 107.03639	-012.0	1
-07.17777	 107.04800	 009.4	1
-07.17777	 107.05962	 021.6	1
-07.17777	 107.07124	 008.9	1
-07.17777	 107.08287	 016.3	1
-07.17777	 107.09448	 026.3	1
-07.17777	 107.10611	 029.1	1
-07.17777	 107.11773	-016.4	1
-07.17777	 107.12935	-019.9	1
-07.17777	 107.14096	-003.3	1
-07.17777	 107.15258	-009.6	1
-07.17777	 107.16420	-016.8	1
-07.17777	 107.17583	-007.9	1
-07.17777	 107.18744	-015.7	1
-07.17777	 107.19906	 012.9	1
-07.17777	 107.21068	 023.2	1
-07.17777	 107.22231	 023.6	1
-07.17777	 107.23392	 021.5	1
-07.17777	 107.24554	 012.3	1
-07.17777	 107.25716	 029.7	1
-07.17777	 107.26878	 025.4	1
-07.17777	 107.28040	 020.5	1
-07.17777	 107.29202	 020.8	1
-07.17777	 107.30363	 020.7	1
-07.17777	 107.31526	 031.4	1
-07.17777	 107.32688	 028.0	1
-07.17777	 107.33850	 022.2	1
-07.17777	 107.35011	 015.6	1
-07.17777	 107.36174	 020.1	1
-07.17777	 107.37335	 022.6	1
-07.17777	 107.38496	 027.0	1
-07.17777	 107.39659	 018.6	1
-07.17777	 107.40822	-007.7	1
-07.17777	 107.41984	-015.5	1
-07.17777	 107.43146	-017.5	1
-07.17777	 107.44307	-023.4	1
-07.17777	 107.45470	-025.4	1
-07.17777	 107.46631	-028.2	1
-07.17777	 107.47794	-029.2	1
-07.17777	 107.48955	-031.4	1
-07.17777	 107.50117	-034.6	1
-07.17777	 107.51279	-035.2	1
-07.17777	 107.52441	-037.0	1
-07.17777	 107.53603	-038.0	1
-07.17777	 107.54765	-037.0	1
-07.17777	 107.55927	-036.8	1
-07.17777	 107.57088	-033.7	1
-07.17777	 107.58250	-035.7	1
-07.17777	 107.59413	-038.3	1
-07.17777	 107.60574	-040.5	1
-07.17777	 107.61736	-042.5	1
-07.17777	 107.62898	-042.3	1
-07.17777	 107.64061	-042.2	1
-07.17777	 107.65222	-040.3	1
-07.17777	 107.66383	-042.2	1
-07.17777	 107.67546	-043.3	1
-07.17777	 107.68708	-042.9	1
-07.17777	 107.69870	-042.7	1
-07.17777	 107.71032	-041.9	1
-07.17777	 107.72194	-040.7	1
-07.17777	 107.73355	-040.8	1
-07.17777	 107.74518	-042.3	1
-07.17777	 107.75681	-043.6	1
-07.17777	 107.76842	-045.0	1
-07.17777	 107.78004	-044.7	1
-07.17777	 107.79166	-044.5	1
-07.17777	 107.80327	-045.3	1
-07.17777	 107.81490	-046.1	1
-07.17777	 107.82652	-046.1	1
-07.17777	 107.83813	-046.7	1
-07.17777	 107.84975	-047.9	1
-07.17777	 107.86137	-049.7	1
-07.17777	 107.87299	-050.6	1
-07.17777	 107.88461	-052.0	1
-07.17777	 107.89623	-052.4	1
-07.17777	 107.90785	-049.1	1
-07.17777	 107.91948	-051.4	1
-07.17777	 107.93109	-049.0	1
-07.17777	 107.94270	-047.5	1
-07.17777	 107.95432	-045.9	1
-07.17777	 107.96595	-044.1	1
-07.17777	 107.97757	-041.9	1
-07.17777	 107.98919	-040.1	1
-07.17777	 108.00082	-038.9	1
-07.17777	 108.01244	-035.8	1
-07.17777	 108.02404	-034.4	1
-07.17777	 108.03568	-033.6	1
-07.17777	 108.04729	-034.3	1
-07.17777	 108.05891	-034.1	1
-07.17777	 108.07053	-036.5	1
-07.17777	 108.08215	-037.9	1
-07.17777	 108.09377	-039.5	1
-07.17777	 108.10538	-039.4	1
-07.17777	 108.11700	-040.1	1
-07.17777	 108.12862	-046.4	1
-07.17777	 108.14025	-047.7	1
-07.17777	 108.15186	-044.6	1
-07.17777	 108.16348	-048.3	1
-07.17777	 108.17509	-044.8	1
-07.17777	 108.18671	-043.5	1
-07.17777	 108.19835	-042.8	1
-07.17777	 108.20997	-041.2	1
-07.17777	 108.22158	-037.8	1
-07.17777	 108.23320	-036.1	1
-07.17777	 108.24481	-035.7	1
-07.17777	 108.25644	-037.6	1
-07.17777	 108.26806	-037.4	1
-07.17777	 108.27968	-037.6	1
-07.17777	 108.29130	-038.2	1
-07.17777	 108.30292	-039.0	1
-07.17777	 108.31453	-039.7	1
-07.17777	 108.32615	-039.9	1
-07.17777	 108.33778	-040.3	1
-07.17777	 108.34940	-040.5	1
-07.17777	 108.36101	-040.8	1
-07.17777	 108.37264	-040.7	1
-07.17777	 108.38425	-040.9	1
-07.17777	 108.39587	-041.2	1
-07.17777	 108.40749	-040.9	1
-07.17777	 108.41911	-041.5	1
-07.17777	 108.43073	-042.4	1
-07.17777	 108.44234	-047.7	1
-07.17777	 108.45397	-048.6	1
-07.17777	 108.46559	-049.3	1
-07.17777	 108.47721	-049.8	1
-07.17777	 108.48882	-050.2	1
-07.17777	 108.50045	-050.6	1
-07.18931	 106.26949	-024.1	1
-07.18931	 106.28113	-023.6	1
-07.18931	 106.29274	-022.5	1
-07.18931	 106.30436	-021.2	1
-07.18931	 106.31598	-019.9	1
-07.18931	 106.32759	-018.8	1
-07.18931	 106.33922	-018.5	1
-07.18931	 106.35084	-016.8	1
-07.18931	 106.36246	-016.6	1
-07.18931	 106.37408	-015.1	1
-07.18931	 106.38569	-014.4	1
-07.18931	 106.39732	-009.6	1
-07.18931	 106.40894	 010.5	1
-07.18931	 106.42056	-010.9	1
-07.18931	 106.43217	 003.0	1
-07.18931	 106.44380	 005.1	1
-07.18931	 106.45541	-001.4	1
-07.18931	 106.46703	 011.0	1
-07.18931	 106.47865	 003.6	1
-07.18931	 106.49026	-000.6	1
-07.18931	 106.50189	 016.8	1
-07.18931	 106.51351	 014.6	1
-07.18931	 106.52513	 005.5	1
-07.18931	 106.53674	 011.3	1
-07.18931	 106.54837	-005.4	1
-07.18931	 106.56000	-000.6	1
-07.18931	 106.57161	 014.3	1
-07.18931	 106.58322	-007.0	1
-07.18931	 106.59485	 018.0	1
-07.18931	 106.60646	 018.8	1
-07.18931	 106.61809	 018.0	1
-07.18931	 106.62971	 015.3	1
-07.18931	 106.64133	 018.5	1
-07.18931	 106.65294	 018.5	1
-07.18931	 106.66457	 019.4	1
-07.18931	 106.67619	 019.5	1
-07.18931	 106.68781	 019.7	1
-07.18931	 106.69942	 017.4	1
-07.18931	 106.71104	 019.1	1
-07.18931	 106.72267	 019.2	1
-07.18931	 106.73428	-022.5	1
-07.18931	 106.74590	-029.2	1
-07.18931	 106.75752	-028.8	1
-07.18931	 106.76914	-030.1	1
-07.18931	 106.78075	-029.0	1
-07.18931	 106.79238	-029.2	1
-07.18931	 106.80400	-012.7	1
-07.18931	 106.81561	-016.5	1
-07.18931	 106.82722	-014.3	1
-07.18931	 106.83886	-014.9	1
-07.18931	 106.85048	-017.7	1
-07.18931	 106.86209	-019.4	1
-07.18931	 106.87372	-019.2	1
-07.18931	 106.88533	-017.3	1
-07.18931	 106.89696	-020.3	1
-07.18931	 106.90857	-025.0	1
-07.18931	 106.92020	-026.3	1
-07.18931	 106.93181	-025.0	1
-07.18931	 106.94344	-023.5	1
-07.18931	 106.95505	-023.9	1
-07.18931	 106.96667	-024.1	1
-07.18931	 106.97829	-022.9	1
-07.18931	 106.98991	-024.4	1
-07.18931	 107.00153	-023.4	1
-07.18931	 107.01315	-019.8	1
-07.18931	 107.02477	-015.1	1
-07.18931	 107.03639	-009.0	1
-07.18931	 107.04800	 016.1	1
-07.18931	 107.05962	 028.9	1
-07.18931	 107.07124	-017.0	1
-07.18931	 107.08287	-017.5	1
-07.18931	 107.09448	-017.7	1
-07.18931	 107.10609	 002.5	1
-07.18931	 107.11772	-004.0	1
-07.18931	 107.12935	-005.8	1
-07.18931	 107.14096	-011.7	1
-07.18931	 107.15259	-019.8	1
-07.18931	 107.16420	-015.8	1
-07.18931	 107.17583	-021.1	1
-07.18931	 107.18745	-002.5	1
-07.18931	 107.19907	-000.6	1
-07.18931	 107.21068	 000.5	1
-07.18931	 107.22231	-008.6	1
-07.18931	 107.23392	-004.5	1
-07.18931	 107.24554	 013.0	1
-07.18931	 107.25716	 021.6	1
-07.18931	 107.26878	 027.2	1
-07.18931	 107.28040	 029.2	1
-07.18931	 107.29202	 017.2	1
-07.18931	 107.30363	 017.0	1
-07.18931	 107.31526	 031.1	1
-07.18931	 107.32687	 020.6	1
-07.18931	 107.33849	 012.1	1
-07.18931	 107.35012	 002.2	1
-07.18931	 107.36174	 000.1	1
-07.18931	 107.37335	 009.8	1
-07.18931	 107.38497	 016.6	1
-07.18931	 107.39659	 000.2	1
-07.18931	 107.40822	-013.9	1
-07.18931	 107.41983	-019.1	1
-07.18931	 107.43146	-022.2	1
-07.18931	 107.44308	-025.2	1
-07.18931	 107.45469	-029.5	1
-07.18931	 107.46631	-031.6	1
-07.18931	 107.47794	-031.3	1
-07.18931	 107.48955	-032.8	1
-07.18931	 107.50117	-036.2	1
-07.18931	 107.51279	-036.4	1
-07.18931	 107.52441	-037.3	1
-07.18931	 107.53602	-037.2	1
-07.18931	 107.54765	-037.8	1
-07.18931	 107.55927	-036.5	1
-07.18931	 107.57088	-035.3	1
-07.18931	 107.58250	-035.0	1
-07.18931	 107.59412	-037.8	1
-07.18931	 107.60574	-039.9	1
-07.18931	 107.61736	-042.4	1
-07.18931	 107.62898	-043.1	1
-07.18931	 107.64061	-043.1	1
-07.18931	 107.65223	-043.4	1
-07.18931	 107.66384	-044.0	1
-07.18931	 107.67546	-044.1	1
-07.18931	 107.68709	-044.1	1
-07.18931	 107.69870	-042.8	1
-07.18931	 107.71033	-041.9	1
-07.18931	 107.72194	-040.8	1
-07.18931	 107.73355	-042.4	1
-07.18931	 107.74517	-043.4	1
-07.18931	 107.75680	-043.7	1
-07.18931	 107.76842	-045.0	1
-07.18931	 107.78004	-046.5	1
-07.18931	 107.79166	-046.6	1
-07.18931	 107.80328	-045.5	1
-07.18931	 107.81490	-046.4	1
-07.18931	 107.82652	-047.1	1
-07.18931	 107.83814	-047.6	1
-07.18931	 107.84975	-049.2	1
-07.18931	 107.86138	-050.2	1
-07.18931	 107.87299	-050.0	1
-07.18931	 107.88461	-050.5	1
-07.18931	 107.89622	-052.2	1
-07.18931	 107.90785	-054.3	1
-07.18931	 107.91947	-051.6	1
-07.18931	 107.93109	-051.7	1
-07.18931	 107.94271	-050.3	1
-07.18931	 107.95432	-048.7	1
-07.18931	 107.96595	-048.1	1
-07.18931	 107.97757	-046.4	1
-07.18931	 107.98918	-044.0	1
-07.18931	 108.00081	-041.7	1
-07.18931	 108.01243	-039.3	1
-07.18931	 108.02405	-037.4	1
-07.18931	 108.03568	-036.2	1
-07.18931	 108.04729	-035.8	1
-07.18931	 108.05891	-036.2	1
-07.18931	 108.07053	-036.8	1
-07.18931	 108.08215	-039.3	1
-07.18931	 108.09377	-041.3	1
-07.18931	 108.10538	-042.3	1
-07.18931	 108.11700	-042.8	1
-07.18931	 108.12862	-040.8	1
-07.18931	 108.14024	-045.8	1
-07.18931	 108.15186	-048.4	1
-07.18931	 108.16349	-049.5	1
-07.18931	 108.17510	-049.6	1
-07.18931	 108.18672	-049.6	1
-07.18931	 108.19835	-048.4	1
-07.18931	 108.20996	-043.9	1
-07.18931	 108.22158	-041.6	1
-07.18931	 108.23320	-039.3	1
-07.18931	 108.24483	-037.9	1
-07.18931	 108.25644	-037.1	1
-07.18931	 108.26805	-037.6	1
-07.18931	 108.27967	-038.5	1
-07.18931	 108.29130	-039.8	1
-07.18931	 108.30292	-040.5	1
-07.18931	 108.31453	-041.1	1
-07.18931	 108.32616	-041.5	1
-07.18931	 108.33778	-041.4	1
-07.18931	 108.34939	-041.8	1
-07.18931	 108.36102	-041.9	1
-07.18931	 108.37263	-041.7	1
-07.18931	 108.38425	-041.8	1
-07.18931	 108.39587	-041.3	1
-07.18931	 108.40750	-041.0	1
-07.18931	 108.41911	-040.9	1
-07.18931	 108.43073	-041.3	1
-07.18931	 108.44235	-040.8	1
-07.18931	 108.45398	-041.8	1
-07.18931	 108.46559	-042.6	1
-07.18931	 108.47720	-048.7	1
-07.18931	 108.48884	-050.3	1
-07.18931	 108.50045	-051.1	1
-07.20085	 106.26950	-022.2	1
-07.20085	 106.28113	-021.0	1
-07.20085	 106.29273	-020.0	1
-07.20085	 106.30436	-019.5	1
-07.20085	 106.31598	-019.0	1
-07.20085	 106.32760	-019.1	1
-07.20085	 106.33922	-018.2	1
-07.20085	 106.35084	-017.0	1
-07.20085	 106.36246	-015.3	1
-07.20085	 106.37407	-010.7	1
-07.20085	 106.38570	-013.9	1
-07.20085	 106.39732	-011.0	1
-07.20085	 106.40894	 011.7	1
-07.20085	 106.42056	 002.3	1
-07.20085	 106.43217	 011.8	1
-07.20085	 106.44379	 000.0	1
-07.20085	 106.45541	-006.2	1
-07.20085	 106.46703	-013.8	1
-07.20085	 106.47865	-017.5	1
-07.20085	 106.49026	-018.7	1
-07.20085	 106.50189	-018.7	1
-07.20085	 106.51352	-015.6	1
-07.20085	 106.52513	-014.9	1
-07.20085	 106.53675	-010.5	1
-07.20085	 106.54836	-014.5	1
-07.20085	 106.56000	-015.4	1
-07.20085	 106.57160	-003.4	1
-07.20085	 106.58322	-008.5	1
-07.20085	 106.59485	-009.9	1
-07.20085	 106.60646	-011.3	1
-07.20085	 106.61809	-014.6	1
-07.20085	 106.62971	-006.5	1
-07.20085	 106.64133	-010.0	1
-07.20085	 106.65295	 013.2	1
-07.20085	 106.66457	 017.6	1
-07.20085	 106.67619	-008.2	1
-07.20085	 106.68781	 015.2	1
-07.20085	 106.69942	 016.3	1
-07.20085	 106.71104	-031.6	1
-07.20085	 106.72267	-030.8	1
-07.20085	 106.73428	-029.9	1
-07.20085	 106.74590	-030.1	1
-07.20085	 106.75752	-030.9	1
-07.20085	 106.76913	-030.1	1
-07.20085	 106.78075	 001.0	1
-07.20085	 106.79238	-004.0	1
-07.20085	 106.80399	-016.8	1
-07.20085	 106.81561	-015.9	1
-07.20085	 106.82723	-020.2	1
-07.20085	 106.83886	-021.3	1
-07.20085	 106.85048	-023.8	1
-07.20085	 106.86210	-020.5	1
-07.20085	 106.87372	-020.4	1
-07.20085	 106.88533	-025.4	1
-07.20085	 106.89696	-026.8	1
-07.20085	 106.90858	-028.3	1
-07.20085	 106.92020	-028.6	1
-07.20085	 106.93181	-025.5	1
-07.20085	 106.94344	-026.5	1
-07.20085	 106.95506	-024.4	1
-07.20085	 106.96667	-026.2	1
-07.20085	 106.97829	-026.9	1
-07.20085	 106.98991	-026.6	1
-07.20085	 107.00153	-022.2	1
-07.20085	 107.01315	-018.8	1
-07.20085	 107.02477	-014.7	1
-07.20085	 107.03639	-009.2	1
-07.20085	 107.04800	-018.5	1
-07.20085	 107.05962	-019.4	1
-07.20085	 107.07125	-019.9	1
-07.20085	 107.08287	-020.3	1
-07.20085	 107.09449	-001.0	1
-07.20085	 107.10610	-007.5	1
-07.20085	 107.11772	-011.9	1
-07.20085	 107.12935	-014.7	1
-07.20085	 107.14096	-020.5	1
-07.20085	 107.15258	-021.7	1
-07.20085	 107.16421	-012.0	1
-07.20085	 107.17583	-003.6	1
-07.20085	 107.18744	-006.3	1
-07.20085	 107.19906	-002.9	1
-07.20085	 107.21068	-011.1	1
-07.20085	 107.22231	-017.3	1
-07.20085	 107.23392	-012.8	1
-07.20085	 107.24553	-007.8	1
-07.20085	 107.25716	-005.1	1
-07.20085	 107.26878	 022.0	1
-07.20085	 107.28040	 017.6	1
-07.20085	 107.29202	 012.4	1
-07.20085	 107.30363	 020.6	1
-07.20085	 107.31526	 023.5	1
-07.20085	 107.32688	 026.3	1
-07.20085	 107.33849	 014.6	1
-07.20085	 107.35011	-000.4	1
-07.20085	 107.36174	-002.5	1
-07.20085	 107.37335	 000.4	1
-07.20085	 107.38498	 000.4	1
-07.20085	 107.39659	-009.9	1
-07.20085	 107.40821	-017.8	1
-07.20085	 107.41983	-021.4	1
-07.20085	 107.43146	-025.6	1
-07.20085	 107.44307	-026.0	1
-07.20085	 107.45470	-029.7	1
-07.20085	 107.46631	-033.6	1
-07.20085	 107.47793	-035.0	1
-07.20085	 107.48955	-035.8	1
-07.20085	 107.50117	-035.0	1
-07.20085	 107.51279	-036.2	1
-07.20085	 107.52441	-037.0	1
-07.20085	 107.53603	-037.3	1
-07.20085	 107.54765	-039.2	1
-07.20085	 107.55927	-036.0	1
-07.20085	 107.57088	-036.5	1
-07.20085	 107.58250	-034.6	1
-07.20085	 107.59412	-036.2	1
-07.20085	 107.60574	-038.4	1
-07.20085	 107.61736	-040.5	1
-07.20085	 107.62899	-042.9	1
-07.20085	 107.64061	-043.8	1
-07.20085	 107.65222	-045.2	1
-07.20085	 107.66383	-045.2	1
-07.20085	 107.67546	-044.7	1
-07.20085	 107.68709	-044.3	1
-07.20085	 107.69870	-043.3	1
-07.20085	 107.71033	-041.6	1
-07.20085	 107.72194	-040.8	1
-07.20085	 107.73356	-042.5	1
-07.20085	 107.74518	-043.2	1
-07.20085	 107.75681	-044.8	1
-07.20085	 107.76842	-044.9	1
-07.20085	 107.78004	-045.7	1
-07.20085	 107.79166	-048.2	1
-07.20085	 107.80328	-047.6	1
-07.20085	 107.81490	-045.7	1
-07.20085	 107.82652	-047.3	1
-07.20085	 107.83814	-047.9	1
-07.20085	 107.84975	-048.0	1
-07.20085	 107.86137	-049.9	1
-07.20085	 107.87300	-049.9	1
-07.20085	 107.88461	-050.7	1
-07.20085	 107.89623	-050.9	1
-07.20085	 107.90785	-052.5	1
-07.20085	 107.91948	-053.7	1
-07.20085	 107.93109	-054.1	1
-07.20085	 107.94271	-051.8	1
-07.20085	 107.95433	-052.9	1
-07.20085	 107.96596	-049.5	1
-07.20085	 107.97757	-048.5	1
-07.20085	 107.98918	-047.4	1
-07.20085	 108.00081	-045.3	1
-07.20085	 108.01243	-042.4	1
-07.20085	 108.02405	-039.8	1
-07.20085	 108.03568	-039.4	1
-07.20085	 108.04729	-037.9	1
-07.20085	 108.05891	-037.6	1
-07.20085	 108.07053	-039.5	1
-07.20085	 108.08215	-040.2	1
-07.20085	 108.09377	-042.5	1
-07.20085	 108.10538	-042.9	1
-07.20085	 108.11700	-043.7	1
-07.20085	 108.12862	-043.4	1
-07.20085	 108.14024	-043.9	1
-07.20085	 108.15186	-046.9	1
-07.20085	 108.16348	-047.7	1
-07.20085	 108.17509	-050.0	1
-07.20085	 108.18672	-050.6	1
-07.20085	 108.19835	-050.2	1
-07.20085	 108.20996	-048.9	1
-07.20085	 108.22157	-044.5	1
-07.20085	 108.23319	-042.5	1
-07.20085	 108.24482	-039.4	1
-07.20085	 108.25644	-041.0	1
-07.20085	 108.26807	-040.6	1
-07.20085	 108.27967	-040.3	1
-07.20085	 108.29131	-041.1	1
-07.20085	 108.30292	-040.8	1
-07.20085	 108.31454	-042.4	1
-07.20085	 108.32616	-043.8	1
-07.20085	 108.33778	-043.6	1
-07.20085	 108.34939	-044.1	1
-07.20085	 108.36102	-043.3	1
-07.20085	 108.37263	-043.4	1
-07.20085	 108.38425	-043.1	1
-07.20085	 108.39587	-042.6	1
-07.20085	 108.40749	-042.2	1
-07.20085	 108.41911	-041.8	1
-07.20085	 108.43073	-041.4	1
-07.20085	 108.44234	-041.3	1
-07.20085	 108.45396	-040.9	1
-07.20085	 108.46559	-041.7	1
-07.20085	 108.47721	-042.1	1
-07.20085	 108.48883	-048.7	1
-07.20085	 108.50046	-049.1	1
-07.21238	 106.28113	-020.8	1
-07.21238	 106.29273	-020.2	1
-07.21238	 106.30437	-019.6	1
-07.21238	 106.31598	-018.6	1
-07.21239	 106.32759	-018.1	1
-07.21238	 106.33922	-016.0	1
-07.21238	 106.35085	-015.6	1
-07.21238	 106.36246	-015.8	1
-07.21238	 106.37407	-012.8	1
-07.21238	 106.38569	-010.6	1
-07.21238	 106.39732	-010.5	1
-07.21238	 106.40894	-003.1	1
-07.21238	 106.42056	-004.2	1
-07.21238	 106.43217	-010.6	1
-07.21239	 106.44380	-017.2	1
-07.21238	 106.45541	-020.4	1
-07.21238	 106.46703	-021.4	1
-07.21238	 106.47865	-023.3	1
-07.21239	 106.49026	-024.0	1
-07.21238	 106.50188	-023.6	1
-07.21238	 106.51351	-022.4	1
-07.21238	 106.52513	-018.3	1
-07.21238	 106.53674	-017.9	1
-07.21238	 106.54837	-017.0	1
-07.21239	 106.56000	-016.7	1
-07.21238	 106.57160	-017.4	1
-07.21238	 106.58322	-018.5	1
-07.21238	 106.59485	-018.8	1
-07.21238	 106.60646	-018.2	1
-07.21239	 106.61809	-017.8	1
-07.21238	 106.62971	-019.9	1
-07.21238	 106.64133	-016.8	1
-07.21238	 106.65294	-019.4	1
-07.21238	 106.66457	-017.4	1
-07.21238	 106.67619	-017.5	1
-07.21238	 106.68781	-012.2	1
-07.21238	 106.69942	-008.9	1
-07.21238	 106.71104	-000.6	1
-07.21238	 106.72266	-000.8	1
-07.21238	 106.73428	-032.2	1
-07.21238	 106.74590	-029.6	1
-07.21238	 106.75752	-007.1	1
-07.21239	 106.76913	-011.4	1
-07.21238	 106.78075	-016.0	1
-07.21238	 106.79238	-002.3	1
-07.21238	 106.80400	-014.0	1
-07.21238	 106.81561	-020.7	1
-07.21238	 106.82722	-021.9	1
-07.21238	 106.83886	-023.8	1
-07.21238	 106.85048	-021.8	1
-07.21238	 106.86209	-022.5	1
-07.21238	 106.87372	-027.9	1
-07.21238	 106.88533	-028.0	1
-07.21239	 106.89696	-029.3	1
-07.21238	 106.90857	-029.7	1
-07.21238	 106.92020	-027.5	1
-07.21239	 106.93182	-028.5	1
-07.21238	 106.94344	-027.1	1
-07.21238	 106.95506	-028.4	1
-07.21238	 106.96667	-028.0	1
-07.21238	 106.97829	-028.8	1
-07.21238	 106.98991	-025.9	1
-07.21239	 107.00153	-022.1	1
-07.21238	 107.01315	-018.3	1
-07.21238	 107.02477	-013.5	1
-07.21238	 107.03639	-001.2	1
-07.21238	 107.04800	-022.7	1
-07.21238	 107.05962	-022.0	1
-07.21238	 107.07124	 005.9	1
-07.21239	 107.08287	-003.3	1
-07.21238	 107.09449	-008.4	1
-07.21238	 107.10611	-016.0	1
-07.21238	 107.11772	-017.7	1
-07.21239	 107.12935	-021.3	1
-07.21238	 107.14096	-026.0	1
-07.21238	 107.15258	-021.4	1
-07.21239	 107.16420	-010.6	1
-07.21239	 107.17583	-011.6	1
-07.21238	 107.18744	-012.6	1
-07.21238	 107.19905	-013.9	1
-07.21239	 107.21068	-021.9	1
-07.21239	 107.22231	-017.6	1
-07.21238	 107.23392	-010.0	1
-07.21238	 107.24554	-003.7	1
-07.21238	 107.25716	 019.9	1
-07.21238	 107.26878	 030.1	1
-07.21238	 107.28040	 017.3	1
-07.21238	 107.29202	-001.6	1
-07.21238	 107.30363	-004.2	1
-07.21238	 107.31526	 005.2	1
-07.21238	 107.32687	 005.4	1
-07.21238	 107.33849	 001.7	1
-07.21239	 107.35011	 013.5	1
-07.21238	 107.36174	-006.7	1
-07.21238	 107.37335	-011.6	1
-07.21238	 107.38497	-006.7	1
-07.21238	 107.39659	-016.3	1
-07.21238	 107.40822	-022.3	1
-07.21238	 107.41983	-024.9	1
-07.21238	 107.43146	-027.5	1
-07.21238	 107.44307	-027.2	1
-07.21238	 107.45470	-031.4	1
-07.21238	 107.46631	-036.0	1
-07.21238	 107.47794	-036.8	1
-07.21238	 107.48955	-037.5	1
-07.21238	 107.50117	-037.2	1
-07.21238	 107.51279	-038.2	1
-07.21238	 107.52441	-038.2	1
-07.21238	 107.53603	-039.0	1
-07.21238	 107.54765	-037.8	1
-07.21239	 107.55927	-039.5	1
-07.21238	 107.57089	-036.4	1
-07.21238	 107.58250	-034.7	1
-07.21238	 107.59413	-036.0	1
-07.21238	 107.60574	-037.8	1
-07.21238	 107.61737	-039.7	1
-07.21238	 107.62898	-041.2	1
-07.21238	 107.64061	-044.4	1
-07.21238	 107.65222	-044.9	1
-07.21238	 107.66384	-045.7	1
-07.21238	 107.67546	-045.1	1
-07.21238	 107.68709	-043.8	1
-07.21239	 107.69870	-042.8	1
-07.21238	 107.71033	-040.9	1
-07.21238	 107.72194	-041.4	1
-07.21238	 107.73356	-042.3	1
-07.21239	 107.74519	-043.6	1
-07.21238	 107.75681	-044.3	1
-07.21238	 107.76842	-046.1	1
-07.21238	 107.78004	-046.3	1
-07.21238	 107.79166	-047.0	1
-07.21238	 107.80328	-048.8	1
-07.21238	 107.81490	-048.8	1
-07.21238	 107.82651	-046.6	1
-07.21238	 107.83813	-047.7	1
-07.21238	 107.84975	-048.2	1
-07.21239	 107.86138	-048.5	1
-07.21239	 107.87300	-050.5	1
-07.21238	 107.88462	-051.4	1
-07.21238	 107.89623	-051.5	1
-07.21238	 107.90785	-050.8	1
-07.21238	 107.91948	-051.2	1
-07.21238	 107.93109	-053.3	1
-07.21238	 107.94271	-055.1	1
-07.21238	 107.95433	-052.3	1
-07.21238	 107.96595	-051.6	1
-07.21238	 107.97757	-050.3	1
-07.21239	 107.98918	-049.3	1
-07.21239	 108.00082	-047.8	1
-07.21238	 108.01243	-045.9	1
-07.21238	 108.02405	-043.3	1
-07.21238	 108.03568	-040.9	1
-07.21238	 108.04729	-039.5	1
-07.21238	 108.05891	-040.2	1
-07.21238	 108.07053	-041.3	1
-07.21238	 108.08215	-042.5	1
-07.21238	 108.09377	-044.5	1
-07.21238	 108.10538	-045.3	1
-07.21238	 108.11700	-045.2	1
-07.21238	 108.12862	-044.1	1
-07.21238	 108.14024	-044.9	1
-07.21238	 108.15186	-045.2	1
-07.21239	 108.16349	-049.9	1
-07.21238	 108.17510	-048.9	1
-07.21238	 108.18672	-049.1	1
-07.21238	 108.19834	-050.7	1
-07.21238	 108.20997	-049.6	1
-07.21238	 108.22157	-044.5	1
-07.21238	 108.23320	-043.8	1
-07.21238	 108.24482	-045.0	1
-07.21238	 108.25645	-043.6	1
-07.21238	 108.26806	-040.6	1
-07.21238	 108.27968	-041.2	1
-07.21238	 108.29131	-043.4	1
-07.21238	 108.30293	-042.5	1
-07.21238	 108.31453	-042.4	1
-07.21239	 108.32616	-043.5	1
-07.21239	 108.33778	-045.1	1
-07.21238	 108.34939	-045.5	1
-07.21238	 108.36101	-045.8	1
-07.21239	 108.37263	-045.9	1
-07.21238	 108.38425	-045.3	1
-07.21238	 108.39587	-043.6	1
-07.21238	 108.40749	-043.3	1
-07.21238	 108.41911	-043.5	1
-07.21238	 108.43073	-043.2	1
-07.21239	 108.44234	-042.8	1
-07.21238	 108.45396	-042.4	1
-07.21238	 108.46559	-042.0	1
-07.21238	 108.47720	-042.1	1
-07.21239	 108.48883	-042.2	1
-07.22392	 106.28113	-020.2	1
-07.22392	 106.29272	-019.4	1
-07.22392	 106.30436	-017.8	1
-07.22392	 106.31598	-016.7	1
-07.22392	 106.32760	-018.0	1
-07.22392	 106.33922	-015.7	1
-07.22392	 106.35084	-015.3	1
-07.22392	 106.36246	-015.9	1
-07.22392	 106.37407	-013.6	1
-07.22392	 106.38570	-016.1	1
-07.22392	 106.39732	-009.8	1
-07.22392	 106.40894	-010.7	1
-07.22392	 106.42056	-018.4	1
-07.22392	 106.43217	-021.2	1
-07.22392	 106.44380	-023.7	1
-07.22392	 106.45541	-024.6	1
-07.22392	 106.46704	-024.8	1
-07.22392	 106.47865	-023.7	1
-07.22392	 106.49026	-024.6	1
-07.22392	 106.50189	-025.9	1
-07.22392	 106.51351	-023.0	1
-07.22392	 106.52513	-020.2	1
-07.22392	 106.53675	-019.2	1
-07.22392	 106.54837	-019.8	1
-07.22392	 106.56000	-020.5	1
-07.22392	 106.57160	-020.9	1
-07.22392	 106.58322	-019.2	1
-07.22392	 106.59484	-021.3	1
-07.22392	 106.60646	-022.7	1
-07.22392	 106.61809	-020.8	1
-07.22392	 106.62971	-022.9	1
-07.22392	 106.64133	-021.8	1
-07.22392	 106.65294	-022.4	1
-07.22392	 106.66457	-022.4	1
-07.22392	 106.67619	-022.5	1
-07.22392	 106.68781	-018.0	1
-07.22392	 106.69942	 006.1	1
-07.22392	 106.71104	-030.6	1
-07.22392	 106.72266	-016.5	1
-07.22392	 106.73428	-016.7	1
-07.22392	 106.74590	-015.8	1
-07.22392	 106.75753	-016.1	1
-07.22392	 106.76913	-017.5	1
-07.22392	 106.78075	-020.6	1
-07.22392	 106.79238	-022.5	1
-07.22392	 106.80400	-021.5	1
-07.22392	 106.81561	-026.8	1
-07.22392	 106.82723	-024.6	1
-07.22392	 106.83886	-023.5	1
-07.22392	 106.85048	-025.4	1
-07.22392	 106.86209	-028.2	1
-07.22392	 106.87371	-029.1	1
-07.22392	 106.88533	-029.1	1
-07.22392	 106.89696	-029.2	1
-07.22392	 106.90857	-028.2	1
-07.22392	 106.92020	-029.8	1
-07.22392	 106.93181	-029.5	1
-07.22392	 106.94344	-031.0	1
-07.22392	 106.95506	-030.1	1
-07.22392	 106.96667	-029.5	1
-07.22392	 106.97829	-028.5	1
-07.22392	 106.98991	-024.9	1
-07.22392	 107.00153	-021.5	1
-07.22392	 107.01315	-017.7	1
-07.22392	 107.02477	-010.8	1
-07.22392	 107.03640	-012.5	1
-07.22392	 107.04800	 003.9	1
-07.22392	 107.05962	-024.7	1
-07.22392	 107.07124	-011.4	1
-07.22392	 107.08287	-011.9	1
-07.22392	 107.09448	-012.6	1
-07.22392	 107.10610	-017.5	1
-07.22392	 107.11772	-017.9	1
-07.22392	 107.12935	-024.0	1
-07.22392	 107.14096	-025.2	1
-07.22392	 107.15257	-020.6	1
-07.22392	 107.16420	-016.5	1
-07.22392	 107.17583	-017.8	1
-07.22392	 107.18744	-015.4	1
-07.22392	 107.19906	-023.6	1
-07.22392	 107.21068	-022.0	1
-07.22392	 107.22231	-013.6	1
-07.22392	 107.23392	-010.8	1
-07.22392	 107.24554	-010.1	1
-07.22392	 107.25716	 006.5	1
-07.22392	 107.26878	 017.9	1
-07.22392	 107.28040	 000.4	1
-07.22392	 107.29201	-010.1	1
-07.22392	 107.30363	-002.3	1
-07.22392	 107.31526	-000.1	1
-07.22392	 107.32687	 005.1	1
-07.22392	 107.33849	-002.0	1
-07.22392	 107.35012	-004.2	1
-07.22392	 107.36174	-011.1	1
-07.22392	 107.37335	-018.7	1
-07.22392	 107.38496	-014.9	1
-07.22392	 107.39659	-020.8	1
-07.22392	 107.40820	-024.2	1
-07.22392	 107.41983	-026.3	1
-07.22392	 107.43146	-027.2	1
-07.22392	 107.44307	-028.7	1
-07.22392	 107.45469	-033.9	1
-07.22392	 107.46631	-037.2	1
-07.22392	 107.47794	-036.8	1
-07.22392	 107.48955	-038.8	1
-07.22392	 107.50117	-038.4	1
-07.22392	 107.51279	-039.4	1
-07.22392	 107.52441	-038.9	1
-07.22392	 107.53603	-039.0	1
-07.22392	 107.54765	-038.5	1
-07.22392	 107.55927	-038.7	1
-07.22392	 107.57088	-036.6	1
-07.22392	 107.58250	-037.0	1
-07.22392	 107.59412	-034.7	1
-07.22392	 107.60575	-038.2	1
-07.22392	 107.61737	-039.6	1
-07.22392	 107.62898	-040.0	1
-07.22392	 107.64060	-044.4	1
-07.22392	 107.65222	-047.0	1
-07.22392	 107.66385	-045.8	1
-07.22392	 107.67546	-045.4	1
-07.22392	 107.68709	-043.7	1
-07.22392	 107.69870	-041.7	1
-07.22392	 107.71033	-041.5	1
-07.22392	 107.72195	-041.9	1
-07.22392	 107.73356	-042.7	1
-07.22392	 107.74518	-043.6	1
-07.22392	 107.75680	-045.3	1
-07.22392	 107.76842	-045.7	1
-07.22392	 107.78003	-047.4	1
-07.22392	 107.79166	-046.9	1
-07.22392	 107.80328	-047.9	1
-07.22392	 107.81490	-049.7	1
-07.22392	 107.82652	-049.8	1
-07.22392	 107.83813	-047.9	1
-07.22392	 107.84975	-047.7	1
-07.22392	 107.86137	-048.8	1
-07.22392	 107.87300	-049.3	1
-07.22392	 107.88461	-050.8	1
-07.22392	 107.89623	-052.1	1
-07.22392	 107.90785	-051.7	1
-07.22392	 107.91947	-052.8	1
-07.22392	 107.93109	-052.9	1
-07.22392	 107.94272	-052.7	1
-07.22392	 107.95433	-053.0	1
-07.22392	 107.96596	-053.0	1
-07.22392	 107.97758	-051.2	1
-07.22392	 107.98918	-050.6	1
-07.22392	 108.00081	-050.0	1
-07.22392	 108.01243	-048.3	1
-07.22392	 108.02405	-046.8	1
-07.22392	 108.03567	-044.5	1
-07.22392	 108.04729	-041.0	1
-07.22392	 108.05891	-040.0	1
-07.22392	 108.07053	-042.0	1
-07.22392	 108.08215	-045.1	1
-07.22392	 108.09377	-046.4	1
-07.22392	 108.10538	-046.7	1
-07.22392	 108.11700	-046.9	1
-07.22392	 108.12862	-046.8	1
-07.22392	 108.14024	-046.1	1
-07.22392	 108.15186	-046.0	1
-07.22392	 108.16349	-046.5	1
-07.22392	 108.17510	-051.0	1
-07.22392	 108.18671	-051.3	1
-07.22392	 108.19835	-049.9	1
-07.22392	 108.20996	-048.1	1
-07.22392	 108.22159	-047.3	1
-07.22392	 108.23320	-048.6	1
-07.22392	 108.24483	-043.6	1
-07.22392	 108.25645	-044.3	1
-07.22392	 108.26806	-044.4	1
-07.22392	 108.27967	-044.7	1
-07.22392	 108.29131	-044.3	1
-07.22392	 108.30292	-044.5	1
-07.22392	 108.31454	-048.7	1
-07.22392	 108.32616	-050.2	1
-07.22392	 108.33777	-050.1	1
-07.22392	 108.34940	-045.0	1
-07.22392	 108.36101	-046.0	1
-07.22392	 108.37263	-047.0	1
-07.22392	 108.38425	-047.1	1
-07.22392	 108.39587	-046.7	1
-07.22392	 108.40749	-046.2	1
-07.22392	 108.41912	-045.4	1
-07.22392	 108.43073	-044.9	1
-07.22392	 108.44235	-044.3	1
-07.22392	 108.45397	-044.3	1
-07.22392	 108.46558	-044.0	1
-07.22392	 108.47721	-043.1	1
-07.22392	 108.48883	-043.1	1
-07.23546	 106.28113	-018.3	1
-07.23546	 106.29273	-019.3	1
-07.23546	 106.30436	-017.9	1
-07.23546	 106.31598	-017.0	1
-07.23546	 106.32760	-017.2	1
-07.23546	 106.33921	-016.4	1
-07.23546	 106.35084	-017.4	1
-07.23546	 106.36246	-018.3	1
-07.23546	 106.37407	-018.4	1
-07.23546	 106.38569	-020.3	1
-07.23546	 106.39732	-021.5	1
-07.23546	 106.40894	-022.4	1
-07.23546	 106.42056	-024.2	1
-07.23546	 106.43217	-025.1	1
-07.23546	 106.44379	-026.4	1
-07.23546	 106.45541	-026.1	1
-07.23546	 106.46703	-026.2	1
-07.23546	 106.47865	-025.7	1
-07.23546	 106.49027	-025.6	1
-07.23546	 106.50189	-025.6	1
-07.23546	 106.51351	-020.7	1
-07.23546	 106.52513	-021.8	1
-07.23546	 106.53675	-023.4	1
-07.23546	 106.54837	-023.6	1
-07.23546	 106.56000	-021.9	1
-07.23546	 106.57161	-023.4	1
-07.23546	 106.58322	-025.0	1
-07.23546	 106.59485	-023.9	1
-07.23546	 106.60646	-025.3	1
-07.23546	 106.61809	-024.7	1
-07.23546	 106.62971	-024.7	1
-07.23546	 106.64133	-024.6	1
-07.23546	 106.65294	-025.3	1
-07.23546	 106.66457	-023.6	1
-07.23546	 106.67619	-021.2	1
-07.23546	 106.68781	-019.8	1
-07.23546	 106.69942	-017.3	1
-07.23546	 106.71104	-012.1	1
-07.23546	 106.72266	-017.7	1
-07.23546	 106.73428	-021.5	1
-07.23546	 106.74590	-019.8	1
-07.23546	 106.75752	-017.5	1
-07.23546	 106.76913	-018.6	1
-07.23546	 106.78075	-023.0	1
-07.23546	 106.79239	-027.6	1
-07.23546	 106.80400	-026.4	1
-07.23546	 106.81561	-024.9	1
-07.23546	 106.82723	-023.7	1
-07.23546	 106.83887	-028.1	1
-07.23546	 106.85048	-028.2	1
-07.23546	 106.86209	-028.9	1
-07.23546	 106.87372	-028.7	1
-07.23546	 106.88533	-028.1	1
-07.23546	 106.89696	-027.5	1
-07.23546	 106.90857	-028.8	1
-07.23546	 106.92020	-028.7	1
-07.23546	 106.93182	-031.3	1
-07.23546	 106.94344	-030.8	1
-07.23546	 106.95506	-031.2	1
-07.23546	 106.96667	-029.8	1
-07.23546	 106.97829	-027.4	1
-07.23546	 106.98991	-022.4	1
-07.23546	 107.00153	-019.8	1
-07.23546	 107.01315	-016.7	1
-07.23546	 107.02477	-016.4	1
-07.23546	 107.03640	-013.8	1
-07.23546	 107.04800	-012.7	1
-07.23546	 107.05962	-013.4	1
-07.23546	 107.07124	-017.2	1
-07.23546	 107.08287	-016.0	1
-07.23546	 107.09448	-017.9	1
-07.23546	 107.10610	-015.6	1
-07.23546	 107.11772	-024.3	1
-07.23546	 107.12935	-027.9	1
-07.23546	 107.14097	-023.7	1
-07.23546	 107.15258	-019.0	1
-07.23546	 107.16421	-025.3	1
-07.23546	 107.17583	-026.7	1
-07.23546	 107.18744	-025.2	1
-07.23546	 107.19906	-024.7	1
-07.23546	 107.21068	-021.1	1
-07.23546	 107.22231	-015.9	1
-07.23546	 107.23392	-016.6	1
-07.23546	 107.24554	-019.0	1
-07.23546	 107.25716	-008.3	1
-07.23546	 107.26878	-002.5	1
-07.23546	 107.28040	-013.9	1
-07.23546	 107.29202	-010.5	1
-07.23546	 107.30363	-006.4	1
-07.23546	 107.31526	-004.4	1
-07.23546	 107.32687	-005.8	1
-07.23546	 107.33849	-009.6	1
-07.23546	 107.35011	-010.6	1
-07.23546	 107.36174	-019.3	1
-07.23546	 107.37335	-019.7	1
-07.23546	 107.38497	-021.0	1
-07.23546	 107.39659	-023.8	1
-07.23546	 107.40822	-023.5	1
-07.23546	 107.41983	-026.3	1
-07.23546	 107.43146	-029.7	1
-07.23546	 107.44307	-031.5	1
-07.23546	 107.45469	-035.0	1
-07.23546	 107.46631	-038.5	1
-07.23546	 107.47794	-038.6	1
-07.23546	 107.48956	-040.2	1
-07.23546	 107.50117	-040.3	1
-07.23546	 107.51279	-041.4	1
-07.23546	 107.52441	-039.9	1
-07.23546	 107.53603	-038.6	1
-07.23546	 107.54765	-040.7	1
-07.23546	 107.55927	-038.5	1
-07.23546	 107.57088	-041.0	1
-07.23546	 107.58250	-037.5	1
-07.23546	 107.59412	-036.4	1
-07.23546	 107.60575	-037.2	1
-07.23546	 107.61736	-039.1	1
-07.23546	 107.62899	-042.1	1
-07.23546	 107.64060	-043.6	1
-07.23546	 107.65222	-046.4	1
-07.23546	 107.66384	-046.9	1
-07.23546	 107.67546	-045.6	1
-07.23546	 107.68709	-044.2	1
-07.23546	 107.69870	-041.8	1
-07.23546	 107.71033	-041.9	1
-07.23546	 107.72194	-043.0	1
-07.23546	 107.73356	-043.1	1
-07.23546	 107.74518	-044.3	1
-07.23546	 107.75681	-045.6	1
-07.23546	 107.76842	-046.7	1
-07.23546	 107.78004	-046.9	1
-07.23546	 107.79165	-048.3	1
-07.23546	 107.80328	-047.9	1
-07.23546	 107.81489	-048.6	1
-07.23546	 107.82652	-050.0	1
-07.23546	 107.83813	-050.4	1
-07.23546	 107.84976	-049.1	1
-07.23546	 107.86137	-048.2	1
-07.23546	 107.87300	-049.6	1
-07.23546	 107.88462	-050.1	1
-07.23546	 107.89624	-051.1	1
-07.23546	 107.90785	-053.5	1
-07.23546	 107.91948	-053.2	1
-07.23546	 107.93109	-052.7	1
-07.23546	 107.94270	-052.2	1
-07.23546	 107.95433	-052.6	1
-07.23546	 107.96595	-053.1	1
-07.23546	 107.97758	-051.5	1
-07.23546	 107.98918	-050.7	1
-07.23546	 108.00081	-050.5	1
-07.23546	 108.01243	-051.5	1
-07.23546	 108.02405	-049.4	1
-07.23546	 108.03568	-047.3	1
-07.23546	 108.04729	-045.1	1
-07.23546	 108.05891	-042.8	1
-07.23546	 108.07053	-043.6	1
-07.23546	 108.08215	-046.4	1
-07.23546	 108.09377	-048.1	1
-07.23546	 108.10538	-048.4	1
-07.23546	 108.11700	-048.3	1
-07.23546	 108.12862	-048.3	1
-07.23546	 108.14024	-048.2	1
-07.23546	 108.15186	-048.3	1
-07.23546	 108.16348	-047.8	1
-07.23546	 108.17510	-047.1	1
-07.23546	 108.18671	-047.1	1
-07.23546	 108.19835	-051.4	1
-07.23546	 108.20996	-050.4	1
-07.23546	 108.22157	-049.1	1
-07.23546	 108.23320	-046.1	1
-07.23546	 108.24483	-047.2	1
-07.23546	 108.25645	-047.4	1
-07.23546	 108.26805	-048.3	1
-07.23546	 108.27967	-045.4	1
-07.23546	 108.29131	-050.3	1
-07.23546	 108.30292	-051.2	1
-07.23546	 108.31454	-050.4	1
-07.23546	 108.32616	-052.2	1
-07.23546	 108.33778	-052.9	1
-07.23546	 108.34940	-053.2	1
-07.23546	 108.36102	-053.3	1
-07.23546	 108.37263	-049.1	1
-07.23546	 108.38425	-048.7	1
-07.23546	 108.39587	-052.1	1
-07.23546	 108.40750	-050.0	1
-07.23546	 108.41911	-047.4	1
-07.23546	 108.43073	-047.1	1
-07.23546	 108.44235	-046.3	1
-07.23546	 108.45397	-046.0	1
-07.23546	 108.46558	-045.5	1
-07.23546	 108.47720	-045.2	1
-07.23546	 108.48884	-045.2	1
-07.24700	 106.29274	-017.4	1
-07.24700	 106.30436	-018.3	1
-07.24700	 106.31598	-018.7	1
-07.24700	 106.32759	-019.3	1
-07.24700	 106.33921	-019.8	1
-07.24700	 106.35085	-021.2	1
-07.24700	 106.36246	-023.6	1
-07.24700	 106.37408	-025.0	1
-07.24700	 106.38570	-025.3	1
-07.24700	 106.39732	-026.5	1
-07.24700	 106.40894	-027.5	1
-07.24700	 106.42056	-027.1	1
-07.24700	 106.43217	-026.2	1
-07.24700	 106.44380	-026.4	1
-07.24700	 106.45541	-027.5	1
-07.24700	 106.46703	-027.1	1
-07.24700	 106.47865	-027.5	1
-07.24700	 106.49027	-026.2	1
-07.24699	 106.50188	-024.0	1
-07.24700	 106.51352	-024.7	1
-07.24699	 106.52513	-025.5	1
-07.24700	 106.53674	-023.8	1
-07.24700	 106.54837	-024.6	1
-07.24700	 106.55999	-025.3	1
-07.24700	 106.57160	-024.5	1
-07.24700	 106.58323	-027.0	1
-07.24700	 106.59484	-026.2	1
-07.24700	 106.60646	-025.8	1
-07.24700	 106.61809	-026.3	1
-07.24700	 106.62971	-026.8	1
-07.24700	 106.64133	-026.1	1
-07.24700	 106.65294	-024.2	1
-07.24700	 106.66457	-024.1	1
-07.24700	 106.67619	-022.9	1
-07.24700	 106.68781	-022.7	1
-07.24700	 106.69942	-022.8	1
-07.24700	 106.71105	-021.1	1
-07.24700	 106.72267	-022.0	1
-07.24700	 106.73428	-022.3	1
-07.24700	 106.74590	-022.0	1
-07.24700	 106.75752	-026.0	1
-07.24700	 106.76913	-026.8	1
-07.24700	 106.78075	-027.9	1
-07.24700	 106.79239	-026.8	1
-07.24700	 106.80399	-024.5	1
-07.24699	 106.81562	-025.7	1
-07.24700	 106.82723	-030.3	1
-07.24700	 106.83886	-030.1	1
-07.24700	 106.85048	-029.0	1
-07.24700	 106.86209	-028.7	1
-07.24699	 106.87372	-026.1	1
-07.24700	 106.88533	-028.4	1
-07.24700	 106.89696	-026.0	1
-07.24700	 106.90857	-028.1	1
-07.24700	 106.92020	-030.9	1
-07.24700	 106.93181	-030.8	1
-07.24700	 106.94344	-030.7	1
-07.24700	 106.95506	-031.1	1
-07.24699	 106.96667	-028.3	1
-07.24700	 106.97829	-024.9	1
-07.24700	 106.98991	-021.4	1
-07.24700	 107.00153	-018.5	1
-07.24700	 107.01315	-020.0	1
-07.24700	 107.02477	-017.3	1
-07.24700	 107.03639	-017.5	1
-07.24700	 107.04800	-016.8	1
-07.24700	 107.05962	-019.6	1
-07.24700	 107.07124	-021.1	1
-07.24700	 107.08287	-024.4	1
-07.24699	 107.09448	-019.8	1
-07.24699	 107.10610	-022.4	1
-07.24700	 107.11772	-029.2	1
-07.24700	 107.12935	-028.2	1
-07.24700	 107.14097	-024.7	1
-07.24699	 107.15257	-026.0	1
-07.24700	 107.16420	-025.3	1
-07.24700	 107.17583	-022.8	1
-07.24700	 107.18744	-022.1	1
-07.24700	 107.19906	-022.2	1
-07.24700	 107.21068	-022.8	1
-07.24700	 107.22231	-025.1	1
-07.24700	 107.23392	-026.3	1
-07.24699	 107.24554	-030.3	1
-07.24700	 107.25716	-024.2	1
-07.24700	 107.26878	-010.7	1
-07.24700	 107.28040	-013.5	1
-07.24700	 107.29202	-013.2	1
-07.24700	 107.30363	-010.1	1
-07.24700	 107.31526	-008.3	1
-07.24699	 107.32688	-012.6	1
-07.24699	 107.33849	-013.0	1
-07.24700	 107.35011	-018.9	1
-07.24700	 107.36174	-026.7	1
-07.24700	 107.37335	-024.9	1
-07.24699	 107.38497	-023.3	1
-07.24699	 107.39659	-025.1	1
-07.24700	 107.40822	-024.8	1
-07.24700	 107.41983	-029.9	1
-07.24700	 107.43144	-030.5	1
-07.24699	 107.44307	-031.5	1
-07.24700	 107.45470	-037.8	1
-07.24700	 107.46632	-039.1	1
-07.24700	 107.47794	-041.0	1
-07.24700	 107.48955	-040.1	1
-07.24700	 107.50117	-041.2	1
-07.24700	 107.51279	-043.7	1
-07.24700	 107.52441	-042.5	1
-07.24700	 107.53603	-041.4	1
-07.24700	 107.54765	-041.7	1
-07.24700	 107.55927	-039.7	1
-07.24700	 107.57088	-040.8	1
-07.24700	 107.58250	-038.4	1
-07.24700	 107.59413	-037.4	1
-07.24700	 107.60574	-035.6	1
-07.24700	 107.61736	-037.4	1
-07.24700	 107.62898	-040.6	1
-07.24700	 107.64061	-043.8	1
-07.24700	 107.65223	-045.3	1
-07.24700	 107.66384	-047.5	1
-07.24700	 107.67546	-046.3	1
-07.24700	 107.68708	-045.1	1
-07.24700	 107.69870	-043.6	1
-07.24700	 107.71033	-042.1	1
-07.24700	 107.72194	-043.2	1
-07.24700	 107.73355	-043.7	1
-07.24700	 107.74518	-044.5	1
-07.24700	 107.75681	-045.8	1
-07.24700	 107.76842	-046.4	1
-07.24700	 107.78004	-047.8	1
-07.24700	 107.79166	-047.9	1
-07.24699	 107.80328	-048.9	1
-07.24700	 107.81490	-048.7	1
-07.24700	 107.82652	-049.1	1
-07.24700	 107.83813	-050.4	1
-07.24700	 107.84975	-050.9	1
-07.24700	 107.86137	-050.0	1
-07.24700	 107.87300	-048.1	1
-07.24700	 107.88461	-049.9	1
-07.24700	 107.89623	-051.2	1
-07.24700	 107.90785	-051.4	1
-07.24700	 107.91948	-053.8	1
-07.24700	 107.93110	-053.5	1
-07.24700	 107.94271	-052.1	1
-07.24699	 107.95432	-051.8	1
-07.24700	 107.96596	-051.2	1
-07.24700	 107.97757	-051.6	1
-07.24700	 107.98919	-051.9	1
-07.24700	 108.00082	-051.1	1
-07.24700	 108.01243	-051.3	1
-07.24700	 108.02405	-054.3	1
-07.24700	 108.03568	-050.0	1
-07.24700	 108.04729	-047.1	1
-07.24700	 108.05891	-045.7	1
-07.24700	 108.07053	-047.8	1
-07.24700	 108.08215	-047.6	1
-07.24700	 108.09377	-049.3	1
-07.24700	 108.10539	-049.5	1
-07.24700	 108.11700	-049.9	1
-07.24699	 108.12863	-049.6	1
-07.24700	 108.14024	-049.7	1
-07.24700	 108.15186	-049.5	1
-07.24700	 108.16349	-049.4	1
-07.24700	 108.17510	-048.8	1
-07.24700	 108.18672	-049.7	1
-07.24700	 108.19835	-047.3	1
-07.24700	 108.20996	-047.1	1
-07.24700	 108.22157	-050.8	1
-07.24700	 108.23320	-050.2	1
-07.24700	 108.24482	-046.3	1
-07.24700	 108.25644	-047.3	1
-07.24700	 108.26806	-049.0	1
-07.24700	 108.27967	-050.2	1
-07.24700	 108.29131	-051.2	1
-07.24700	 108.30291	-052.7	1
-07.24700	 108.31453	-053.0	1
-07.24700	 108.32616	-053.0	1
-07.24700	 108.33778	-053.2	1
-07.24700	 108.34940	-054.6	1
-07.24700	 108.36102	-054.8	1
-07.24700	 108.37263	-055.1	1
-07.24700	 108.38425	-050.8	1
-07.24700	 108.39587	-052.3	1
-07.24700	 108.40749	-050.9	1
-07.24699	 108.41911	-051.7	1
-07.24700	 108.43073	-053.2	1
-07.24700	 108.44235	-051.8	1
-07.24700	 108.45396	-047.6	1
-07.24700	 108.46558	-047.6	1
-07.24700	 108.47721	-047.4	1
-07.25853	 106.29273	-020.0	1
-07.25853	 106.30436	-020.8	1
-07.25853	 106.31598	-021.3	1
-07.25853	 106.32759	-023.7	1
-07.25853	 106.33921	-025.8	1
-07.25853	 106.35084	-026.4	1
-07.25853	 106.36246	-027.9	1
-07.25853	 106.37407	-028.8	1
-07.25853	 106.38569	-029.4	1
-07.25853	 106.39732	-028.8	1
-07.25853	 106.40894	-028.3	1
-07.25853	 106.42056	-028.5	1
-07.25853	 106.43217	-027.9	1
-07.25853	 106.44379	-027.4	1
-07.25853	 106.45541	-028.0	1
-07.25853	 106.46703	-026.9	1
-07.25853	 106.47865	-025.3	1
-07.25853	 106.49027	-026.0	1
-07.25853	 106.50189	-026.6	1
-07.25853	 106.51351	-025.2	1
-07.25853	 106.52513	-025.7	1
-07.25853	 106.53675	-026.3	1
-07.25853	 106.54837	-025.8	1
-07.25853	 106.56000	-028.0	1
-07.25853	 106.57161	-028.2	1
-07.25853	 106.58323	-027.3	1
-07.25853	 106.59485	-028.0	1
-07.25853	 106.60646	-028.4	1
-07.25853	 106.61809	-027.6	1
-07.25853	 106.62971	-026.7	1
-07.25853	 106.64133	-025.5	1
-07.25853	 106.65294	-024.3	1
-07.25853	 106.66457	-025.0	1
-07.25853	 106.67619	-025.1	1
-07.25853	 106.68781	-025.5	1
-07.25853	 106.69942	-025.3	1
-07.25853	 106.71104	-024.1	1
-07.25853	 106.72266	-023.2	1
-07.25853	 106.73428	-022.0	1
-07.25853	 106.74590	-027.9	1
-07.25853	 106.75752	-029.2	1
-07.25853	 106.76913	-031.3	1
-07.25853	 106.78076	-029.1	1
-07.25853	 106.79238	-027.7	1
-07.25853	 106.80400	-027.6	1
-07.25853	 106.81561	-029.9	1
-07.25853	 106.82723	-031.8	1
-07.25853	 106.83886	-031.7	1
-07.25853	 106.85048	-032.4	1
-07.25853	 106.86209	-028.1	1
-07.25853	 106.87372	-029.3	1
-07.25853	 106.88533	-028.6	1
-07.25853	 106.89696	-028.3	1
-07.25853	 106.90857	-029.8	1
-07.25853	 106.92020	-030.5	1
-07.25853	 106.93182	-030.5	1
-07.25853	 106.94344	-030.0	1
-07.25853	 106.95506	-029.0	1
-07.25853	 106.96667	-026.0	1
-07.25853	 106.97829	-023.9	1
-07.25853	 106.98991	-021.2	1
-07.25853	 107.00153	-021.7	1
-07.25853	 107.01315	-019.8	1
-07.25853	 107.02477	-019.2	1
-07.25853	 107.03639	-018.5	1
-07.25853	 107.04800	-020.9	1
-07.25853	 107.05962	-022.7	1
-07.25853	 107.07124	-023.0	1
-07.25853	 107.08287	-024.5	1
-07.25853	 107.09448	-024.7	1
-07.25853	 107.10610	-029.7	1
-07.25853	 107.11772	-031.0	1
-07.25853	 107.12935	-028.3	1
-07.25853	 107.14096	-027.2	1
-07.25853	 107.15258	-028.1	1
-07.25853	 107.16420	-025.7	1
-07.25853	 107.17583	-026.4	1
-07.25853	 107.18744	-025.7	1
-07.25853	 107.19905	-025.3	1
-07.25853	 107.21068	-028.2	1
-07.25853	 107.22231	-029.3	1
-07.25853	 107.23392	-028.5	1
-07.25853	 107.24554	-032.1	1
-07.25853	 107.25716	-022.4	1
-07.25853	 107.26878	-017.1	1
-07.25853	 107.28040	-016.9	1
-07.25853	 107.29201	-014.4	1
-07.25853	 107.30363	-012.3	1
-07.25853	 107.31526	-014.1	1
-07.25853	 107.32687	-014.9	1
-07.25853	 107.33850	-016.4	1
-07.25853	 107.35011	-022.2	1
-07.25853	 107.36174	-030.7	1
-07.25853	 107.37335	-030.7	1
-07.25853	 107.38498	-024.4	1
-07.25853	 107.39659	-022.9	1
-07.25853	 107.40821	-025.5	1
-07.25853	 107.41983	-031.7	1
-07.25853	 107.43145	-032.1	1
-07.25853	 107.44308	-034.5	1
-07.25853	 107.45469	-036.6	1
-07.25853	 107.46631	-038.4	1
-07.25853	 107.47794	-042.0	1
-07.25853	 107.48956	-038.9	1
-07.25853	 107.50117	-042.4	1
-07.25853	 107.51279	-044.6	1
-07.25853	 107.52441	-045.0	1
-07.25853	 107.53603	-043.4	1
-07.25853	 107.54765	-043.5	1
-07.25853	 107.55927	-040.9	1
-07.25853	 107.57089	-039.3	1
-07.25853	 107.58251	-040.8	1
-07.25853	 107.59412	-037.3	1
-07.25853	 107.60575	-036.4	1
-07.25853	 107.61736	-037.5	1
-07.25853	 107.62899	-039.0	1
-07.25853	 107.64061	-042.0	1
-07.25853	 107.65222	-044.4	1
-07.25853	 107.66385	-046.3	1
-07.25853	 107.67546	-047.5	1
-07.25853	 107.68709	-046.4	1
-07.25853	 107.69870	-045.4	1
-07.25853	 107.71033	-044.1	1
-07.25853	 107.72194	-044.4	1
-07.25853	 107.73355	-044.0	1
-07.25853	 107.74518	-045.7	1
-07.25853	 107.75681	-046.7	1
-07.25853	 107.76842	-047.5	1
-07.25853	 107.78004	-048.0	1
-07.25853	 107.79166	-048.8	1
-07.25853	 107.80328	-048.8	1
-07.25853	 107.81490	-049.4	1
-07.25853	 107.82651	-049.1	1
-07.25853	 107.83813	-049.3	1
-07.25853	 107.84975	-050.1	1
-07.25853	 107.86137	-051.4	1
-07.25853	 107.87300	-050.2	1
-07.25853	 107.88461	-048.8	1
-07.25853	 107.89623	-050.5	1
-07.25853	 107.90785	-051.6	1
-07.25853	 107.91947	-052.7	1
-07.25853	 107.93109	-053.5	1
-07.25853	 107.94271	-053.1	1
-07.25853	 107.95433	-050.7	1
-07.25853	 107.96596	-050.6	1
-07.25853	 107.97757	-050.4	1
-07.25853	 107.98919	-052.3	1
-07.25853	 108.00081	-053.6	1
-07.25853	 108.01243	-056.5	1
-07.25853	 108.02405	-055.9	1
-07.25853	 108.03567	-053.9	1
-07.25853	 108.04729	-050.0	1
-07.25853	 108.05891	-048.8	1
-07.25853	 108.07053	-049.6	1
-07.25853	 108.08215	-050.2	1
-07.25853	 108.09377	-050.2	1
-07.25853	 108.10538	-051.1	1
-07.25853	 108.11700	-053.9	1
-07.25853	 108.12862	-052.9	1
-07.25853	 108.14024	-051.6	1
-07.25853	 108.15187	-055.6	1
-07.25853	 108.16349	-050.2	1
-07.25853	 108.17511	-050.1	1
-07.25853	 108.18672	-051.2	1
-07.25853	 108.19835	-050.7	1
-07.25853	 108.20996	-050.2	1
-07.25853	 108.22157	-047.6	1
-07.25853	 108.23320	-047.4	1
-07.25853	 108.24482	-050.5	1
-07.25853	 108.25644	-051.4	1
-07.25853	 108.26805	-049.7	1
-07.25853	 108.27968	-049.9	1
-07.25853	 108.29130	-052.0	1
-07.25853	 108.30292	-053.0	1
-07.25853	 108.31453	-053.8	1
-07.25853	 108.32616	-054.3	1
-07.25853	 108.33777	-054.8	1
-07.25853	 108.34940	-055.5	1
-07.25853	 108.36101	-055.1	1
-07.25853	 108.37263	-055.5	1
-07.25853	 108.38425	-056.2	1
-07.25853	 108.39587	-056.8	1
-07.25853	 108.40750	-053.3	1
-07.25853	 108.41911	-053.4	1
-07.25853	 108.43073	-053.2	1
-07.25853	 108.44235	-052.7	1
-07.25853	 108.45397	-055.6	1
-07.25853	 108.46559	-053.8	1
-07.25853	 108.47720	-052.8	1
-07.27007	 106.30435	-025.5	1
-07.27007	 106.31598	-027.1	1
-07.27007	 106.32759	-028.1	1
-07.27007	 106.33921	-029.4	1
-07.27007	 106.35084	-029.9	1
-07.27007	 106.36246	-030.2	1
-07.27007	 106.37408	-029.8	1
-07.27007	 106.38570	-029.1	1
-07.27007	 106.39732	-029.4	1
-07.27007	 106.40894	-029.2	1
-07.27007	 106.42056	-028.9	1
-07.27007	 106.43217	-028.4	1
-07.27007	 106.44380	-027.4	1
-07.27007	 106.45541	-027.4	1
-07.27007	 106.46703	-027.2	1
-07.27007	 106.47865	-028.3	1
-07.27007	 106.49027	-026.5	1
-07.27007	 106.50189	-027.1	1
-07.27007	 106.51351	-028.1	1
-07.27007	 106.52513	-026.8	1
-07.27007	 106.53674	-028.3	1
-07.27007	 106.54836	-029.1	1
-07.27007	 106.56000	-028.6	1
-07.27007	 106.57161	-029.9	1
-07.27007	 106.58323	-029.8	1
-07.27007	 106.59485	-030.1	1
-07.27007	 106.60646	-028.4	1
-07.27007	 106.61809	-027.1	1
-07.27007	 106.62971	-026.9	1
-07.27007	 106.64133	-026.8	1
-07.27007	 106.65294	-025.9	1
-07.27007	 106.66457	-027.5	1
-07.27007	 106.67619	-027.7	1
-07.27007	 106.68781	-026.6	1
-07.27007	 106.69942	-025.1	1
-07.27007	 106.71104	-024.9	1
-07.27007	 106.72267	-027.0	1
-07.27007	 106.73428	-027.9	1
-07.27007	 106.74590	-031.6	1
-07.27007	 106.75752	-031.3	1
-07.27007	 106.76913	-029.7	1
-07.27007	 106.78075	-027.8	1
-07.27007	 106.79238	-030.3	1
-07.27007	 106.80400	-031.2	1
-07.27007	 106.81561	-031.7	1
-07.27007	 106.82724	-032.5	1
-07.27007	 106.83886	-032.7	1
-07.27007	 106.85048	-029.8	1
-07.27007	 106.86209	-030.6	1
-07.27007	 106.87372	-029.3	1
-07.27007	 106.88533	-030.3	1
-07.27007	 106.89696	-030.8	1
-07.27007	 106.90857	-030.6	1
-07.27007	 106.92020	-029.4	1
-07.27007	 106.93181	-029.9	1
-07.27007	 106.94344	-028.5	1
-07.27007	 106.95506	-026.7	1
-07.27007	 106.96667	-024.6	1
-07.27007	 106.97829	-022.5	1
-07.27007	 106.98991	-022.6	1
-07.27007	 107.00154	-021.0	1
-07.27007	 107.01315	-019.8	1
-07.27007	 107.02477	-018.2	1
-07.27007	 107.03639	-020.2	1
-07.27007	 107.04800	-022.5	1
-07.27007	 107.05962	-022.6	1
-07.27007	 107.07124	-022.8	1
-07.27007	 107.08287	-024.4	1
-07.27007	 107.09449	-028.4	1
-07.27007	 107.10609	-032.0	1
-07.27007	 107.11772	-029.2	1
-07.27007	 107.12935	-026.3	1
-07.27007	 107.14097	-030.1	1
-07.27007	 107.15258	-030.2	1
-07.27007	 107.16420	-024.2	1
-07.27007	 107.17583	-026.8	1
-07.27007	 107.18745	-028.8	1
-07.27007	 107.19906	-030.3	1
-07.27007	 107.21068	-032.0	1
-07.27007	 107.22231	-034.9	1
-07.27007	 107.23392	-029.4	1
-07.27007	 107.24554	-024.9	1
-07.27007	 107.25716	-020.2	1
-07.27007	 107.26878	-024.2	1
-07.27007	 107.28040	-024.2	1
-07.27007	 107.29202	-020.3	1
-07.27007	 107.30363	-015.3	1
-07.27007	 107.31526	-015.8	1
-07.27007	 107.32688	-018.6	1
-07.27007	 107.33849	-019.4	1
-07.27007	 107.35011	-024.2	1
-07.27007	 107.36174	-035.7	1
-07.27007	 107.37335	-027.9	1
-07.27007	 107.38497	-023.8	1
-07.27007	 107.39659	-026.4	1
-07.27007	 107.40822	-029.4	1
-07.27007	 107.41983	-033.2	1
-07.27007	 107.43145	-033.7	1
-07.27007	 107.44308	-037.3	1
-07.27007	 107.45469	-039.8	1
-07.27007	 107.46632	-041.5	1
-07.27007	 107.47794	-042.4	1
-07.27007	 107.48956	-039.6	1
-07.27007	 107.50117	-043.4	1
-07.27007	 107.51279	-046.2	1
-07.27007	 107.52441	-046.2	1
-07.27007	 107.53603	-045.0	1
-07.27007	 107.54765	-046.2	1
-07.27007	 107.55927	-043.8	1
-07.27007	 107.57088	-039.8	1
-07.27007	 107.58250	-040.6	1
-07.27007	 107.59413	-038.1	1
-07.27007	 107.60574	-036.8	1
-07.27007	 107.61737	-035.5	1
-07.27007	 107.62898	-037.5	1
-07.27007	 107.64061	-040.3	1
-07.27007	 107.65222	-043.4	1
-07.27007	 107.66384	-045.2	1
-07.27007	 107.67546	-047.2	1
-07.27007	 107.68709	-048.0	1
-07.27007	 107.69870	-046.8	1
-07.27007	 107.71032	-046.5	1
-07.27007	 107.72195	-045.8	1
-07.27007	 107.73355	-045.0	1
-07.27007	 107.74518	-046.1	1
-07.27007	 107.75681	-048.5	1
-07.27007	 107.76842	-049.3	1
-07.27007	 107.78004	-048.5	1
-07.27007	 107.79166	-048.9	1
-07.27007	 107.80328	-049.2	1
-07.27007	 107.81490	-049.6	1
-07.27007	 107.82652	-049.3	1
-07.27007	 107.83813	-048.5	1
-07.27007	 107.84975	-049.2	1
-07.27007	 107.86137	-050.1	1
-07.27007	 107.87300	-051.6	1
-07.27007	 107.88461	-051.1	1
-07.27007	 107.89623	-049.5	1
-07.27007	 107.90785	-050.9	1
-07.27007	 107.91948	-052.1	1
-07.27007	 107.93110	-051.6	1
-07.27007	 107.94271	-052.2	1
-07.27007	 107.95433	-051.7	1
-07.27007	 107.96596	-050.6	1
-07.27007	 107.97757	-051.4	1
-07.27007	 107.98918	-051.4	1
-07.27007	 108.00081	-052.6	1
-07.27007	 108.01243	-057.0	1
-07.27007	 108.02405	-059.5	1
-07.27007	 108.03567	-057.6	1
-07.27007	 108.04729	-055.5	1
-07.27007	 108.05891	-055.2	1
-07.27007	 108.07053	-053.7	1
-07.27007	 108.08215	-051.2	1
-07.27007	 108.09377	-056.7	1
-07.27007	 108.10538	-052.0	1
-07.27007	 108.11700	-054.3	1
-07.27007	 108.12863	-056.7	1
-07.27007	 108.14024	-057.5	1
-07.27007	 108.15186	-054.8	1
-07.27007	 108.16349	-053.5	1
-07.27007	 108.17510	-052.0	1
-07.27007	 108.18673	-051.9	1
-07.27007	 108.19835	-051.6	1
-07.27007	 108.20996	-051.6	1
-07.27007	 108.22159	-052.4	1
-07.27007	 108.23319	-052.0	1
-07.27007	 108.24481	-049.2	1
-07.27007	 108.25643	-049.0	1
-07.27007	 108.26806	-052.9	1
-07.27007	 108.27968	-053.2	1
-07.27007	 108.29130	-052.7	1
-07.27007	 108.30292	-053.1	1
-07.27007	 108.31453	-053.8	1
-07.27007	 108.32616	-055.0	1
-07.27007	 108.33778	-055.6	1
-07.27007	 108.34940	-055.9	1
-07.27007	 108.36102	-056.3	1
-07.27007	 108.37263	-056.8	1
-07.27007	 108.38425	-056.6	1
-07.27007	 108.39587	-056.6	1
-07.27007	 108.40750	-056.9	1
-07.27007	 108.41912	-056.8	1
-07.27007	 108.43073	-054.3	1
-07.27007	 108.44235	-054.3	1
-07.27007	 108.45397	-054.1	1
-07.27007	 108.46559	-054.2	1
-07.27007	 108.47720	-055.1	1
-07.28161	 106.30436	-029.4	1
-07.28161	 106.31598	-030.1	1
-07.28161	 106.32760	-031.1	1
-07.28161	 106.33922	-030.8	1
-07.28161	 106.35085	-030.3	1
-07.28161	 106.36246	-030.5	1
-07.28161	 106.37408	-030.5	1
-07.28161	 106.38569	-029.8	1
-07.28161	 106.39732	-030.4	1
-07.28161	 106.40894	-029.6	1
-07.28161	 106.42056	-029.1	1
-07.28161	 106.43217	-028.9	1
-07.28161	 106.44380	-029.0	1
-07.28161	 106.45541	-029.4	1
-07.28161	 106.46703	-028.2	1
-07.28161	 106.47865	-028.9	1
-07.28161	 106.49027	-029.5	1
-07.28161	 106.50188	-028.6	1
-07.28161	 106.51352	-029.6	1
-07.28161	 106.52513	-029.5	1
-07.28161	 106.53675	-029.4	1
-07.28161	 106.54836	-030.7	1
-07.28161	 106.56000	-031.4	1
-07.28161	 106.57160	-031.5	1
-07.28161	 106.58323	-030.2	1
-07.28161	 106.59485	-029.2	1
-07.28161	 106.60646	-028.9	1
-07.28161	 106.61809	-028.0	1
-07.28161	 106.62971	-027.8	1
-07.28161	 106.64133	-028.3	1
-07.28161	 106.65295	-028.8	1
-07.28161	 106.66457	-029.7	1
-07.28161	 106.67619	-027.6	1
-07.28161	 106.68781	-025.6	1
-07.28161	 106.69942	-025.0	1
-07.28161	 106.71104	-029.7	1
-07.28161	 106.72266	-029.4	1
-07.28161	 106.73428	-033.7	1
-07.28161	 106.74590	-032.2	1
-07.28161	 106.75752	-030.4	1
-07.28161	 106.76913	-028.6	1
-07.28161	 106.78076	-032.0	1
-07.28161	 106.79238	-032.2	1
-07.28161	 106.80400	-032.7	1
-07.28161	 106.81562	-033.0	1
-07.28161	 106.82724	-032.9	1
-07.28161	 106.83886	-031.9	1
-07.28161	 106.85048	-031.7	1
-07.28161	 106.86210	-030.7	1
-07.28161	 106.87372	-030.8	1
-07.28161	 106.88533	-032.3	1
-07.28161	 106.89696	-030.9	1
-07.28161	 106.90858	-030.0	1
-07.28161	 106.92020	-029.6	1
-07.28161	 106.93182	-028.6	1
-07.28161	 106.94344	-026.1	1
-07.28161	 106.95506	-024.7	1
-07.28161	 106.96667	-022.8	1
-07.28161	 106.97829	-023.6	1
-07.28161	 106.98991	-021.2	1
-07.28161	 107.00153	-019.7	1
-07.28161	 107.01315	-018.0	1
-07.28161	 107.02477	-019.6	1
-07.28161	 107.03639	-021.3	1
-07.28161	 107.04800	-020.5	1
-07.28161	 107.05962	-020.7	1
-07.28161	 107.07125	-021.5	1
-07.28161	 107.08287	-024.5	1
-07.28161	 107.09449	-029.5	1
-07.28161	 107.10610	-028.6	1
-07.28161	 107.11772	-027.1	1
-07.28161	 107.12935	-029.6	1
-07.28161	 107.14097	-032.0	1
-07.28161	 107.15259	-025.4	1
-07.28161	 107.16420	-027.1	1
-07.28161	 107.17583	-030.1	1
-07.28161	 107.18745	-033.9	1
-07.28161	 107.19906	-036.8	1
-07.28161	 107.21068	-036.4	1
-07.28161	 107.22231	-035.2	1
-07.28161	 107.23392	-032.8	1
-07.28161	 107.24554	-026.7	1
-07.28161	 107.25716	-027.6	1
-07.28161	 107.26878	-026.8	1
-07.28161	 107.28040	-023.8	1
-07.28161	 107.29202	-018.3	1
-07.28161	 107.30363	-019.3	1
-07.28161	 107.31526	-018.6	1
-07.28161	 107.32687	-021.4	1
-07.28161	 107.33849	-026.5	1
-07.28161	 107.35011	-034.4	1
-07.28161	 107.36174	-038.2	1
-07.28161	 107.37335	-026.6	1
-07.28161	 107.38497	-027.7	1
-07.28161	 107.39659	-029.7	1
-07.28161	 107.40822	-028.6	1
-07.28161	 107.41984	-033.6	1
-07.28161	 107.43145	-035.7	1
-07.28161	 107.44307	-036.1	1
-07.28161	 107.45470	-039.2	1
-07.28161	 107.46631	-040.1	1
-07.28161	 107.47793	-043.6	1
-07.28161	 107.48955	-042.3	1
-07.28161	 107.50117	-044.5	1
-07.28161	 107.51279	-045.5	1
-07.28161	 107.52441	-048.2	1
-07.28161	 107.53603	-048.1	1
-07.28161	 107.54765	-047.8	1
-07.28161	 107.55927	-044.9	1
-07.28161	 107.57088	-041.6	1
-07.28161	 107.58250	-038.5	1
-07.28161	 107.59412	-039.3	1
-07.28161	 107.60574	-036.6	1
-07.28161	 107.61737	-036.1	1
-07.28161	 107.62898	-037.6	1
-07.28161	 107.64060	-038.5	1
-07.28161	 107.65222	-041.7	1
-07.28161	 107.66385	-044.6	1
-07.28161	 107.67546	-046.6	1
-07.28161	 107.68709	-048.7	1
-07.28161	 107.69870	-047.9	1
-07.28161	 107.71032	-046.5	1
-07.28161	 107.72194	-046.0	1
-07.28161	 107.73355	-046.4	1
-07.28161	 107.74518	-047.8	1
-07.28161	 107.75681	-049.0	1
-07.28161	 107.76842	-051.8	1
-07.28161	 107.78004	-050.7	1
-07.28161	 107.79166	-049.8	1
-07.28161	 107.80328	-049.9	1
-07.28161	 107.81490	-049.4	1
-07.28161	 107.82651	-049.4	1
-07.28161	 107.83813	-048.4	1
-07.28161	 107.84975	-047.7	1
-07.28161	 107.86137	-048.2	1
-07.28161	 107.87300	-048.7	1
-07.28161	 107.88461	-050.7	1
-07.28161	 107.89622	-051.2	1
-07.28161	 107.90785	-049.4	1
-07.28161	 107.91948	-050.2	1
-07.28161	 107.93109	-051.8	1
-07.28161	 107.94272	-051.4	1
-07.28161	 107.95433	-051.2	1
-07.28161	 107.96595	-051.4	1
-07.28161	 107.97757	-052.5	1
-07.28161	 107.98918	-052.6	1
-07.28161	 108.00082	-053.9	1
-07.28161	 108.01243	-056.9	1
-07.28161	 108.02405	-060.1	1
-07.28161	 108.03567	-060.4	1
-07.28161	 108.04729	-059.8	1
-07.28161	 108.05890	-058.1	1
-07.28161	 108.07053	-058.5	1
-07.28161	 108.08215	-059.5	1
-07.28161	 108.09377	-059.6	1
-07.28161	 108.10538	-059.6	1
-07.28161	 108.11700	-056.5	1
-07.28161	 108.12862	-056.7	1
-07.28161	 108.14024	-057.0	1
-07.28161	 108.15186	-057.8	1
-07.28161	 108.16349	-057.0	1
-07.28161	 108.17511	-055.6	1
-07.28161	 108.18672	-054.9	1
-07.28161	 108.19834	-053.8	1
-07.28161	 108.20996	-053.1	1
-07.28161	 108.22157	-053.9	1
-07.28161	 108.23320	-053.8	1
-07.28161	 108.24483	-054.9	1
-07.28161	 108.25644	-055.4	1
-07.28161	 108.26806	-052.7	1
-07.28161	 108.27968	-054.3	1
-07.28161	 108.29130	-054.5	1
-07.28161	 108.30292	-055.5	1
-07.28161	 108.31453	-054.5	1
-07.28161	 108.32616	-054.1	1
-07.28161	 108.33778	-055.0	1
-07.28161	 108.34940	-056.3	1
-07.28161	 108.36102	-057.3	1
-07.28161	 108.37263	-057.7	1
-07.28161	 108.38425	-057.1	1
-07.28161	 108.39587	-057.6	1
-07.28161	 108.40749	-057.4	1
-07.28161	 108.41911	-057.2	1
-07.28161	 108.43073	-057.5	1
-07.28161	 108.44235	-057.3	1
-07.28161	 108.45397	-055.3	1
-07.28161	 108.46559	-055.9	1
-07.29314	 106.30436	-031.5	1
-07.29314	 106.31598	-031.0	1
-07.29314	 106.32759	-031.0	1
-07.29314	 106.33921	-031.1	1
-07.29314	 106.35084	-031.2	1
-07.29314	 106.36246	-030.8	1
-07.29314	 106.37408	-031.5	1
-07.29314	 106.38570	-030.9	1
-07.29314	 106.39732	-030.6	1
-07.29314	 106.40894	-030.6	1
-07.29314	 106.42056	-030.6	1
-07.29314	 106.43217	-030.9	1
-07.29314	 106.44379	-029.5	1
-07.29314	 106.45541	-030.4	1
-07.29314	 106.46704	-030.8	1
-07.29314	 106.47865	-030.0	1
-07.29314	 106.49027	-031.0	1
-07.29314	 106.50189	-031.4	1
-07.29314	 106.51351	-031.0	1
-07.29314	 106.52513	-031.1	1
-07.29314	 106.53674	-032.2	1
-07.29314	 106.54836	-032.4	1
-07.29314	 106.55999	-031.7	1
-07.29314	 106.57161	-030.6	1
-07.29314	 106.58323	-029.9	1
-07.29314	 106.59485	-029.3	1
-07.29314	 106.60646	-029.5	1
-07.29314	 106.61809	-029.2	1
-07.29314	 106.62971	-029.7	1
-07.29314	 106.64133	-029.9	1
-07.29314	 106.65295	-030.7	1
-07.29314	 106.66457	-029.2	1
-07.29314	 106.67619	-028.8	1
-07.29314	 106.68781	-029.8	1
-07.29314	 106.69942	-029.5	1
-07.29314	 106.71104	-031.6	1
-07.29314	 106.72266	-032.3	1
-07.29314	 106.73428	-030.9	1
-07.29314	 106.74590	-029.3	1
-07.29314	 106.75752	-030.7	1
-07.29314	 106.76914	-032.6	1
-07.29314	 106.78075	-033.7	1
-07.29314	 106.79238	-033.5	1
-07.29314	 106.80400	-033.3	1
-07.29314	 106.81561	-032.8	1
-07.29314	 106.82724	-032.3	1
-07.29314	 106.83887	-032.8	1
-07.29314	 106.85048	-031.6	1
-07.29314	 106.86209	-032.1	1
-07.29314	 106.87372	-033.5	1
-07.29314	 106.88533	-031.9	1
-07.29314	 106.89696	-029.9	1
-07.29314	 106.90857	-030.3	1
-07.29314	 106.92020	-028.1	1
-07.29314	 106.93181	-027.2	1
-07.29314	 106.94344	-025.3	1
-07.29314	 106.95505	-024.1	1
-07.29314	 106.96667	-023.5	1
-07.29314	 106.97829	-022.4	1
-07.29314	 106.98991	-019.9	1
-07.29314	 107.00153	-018.8	1
-07.29314	 107.01315	-017.5	1
-07.29314	 107.02477	-019.6	1
-07.29314	 107.03639	-021.1	1
-07.29314	 107.04800	-025.2	1
-07.29314	 107.05962	-023.8	1
-07.29314	 107.07125	-022.9	1
-07.29314	 107.08287	-027.7	1
-07.29314	 107.09448	-029.1	1
-07.29314	 107.10610	-027.6	1
-07.29314	 107.11773	-024.0	1
-07.29314	 107.12935	-027.7	1
-07.29314	 107.14096	-030.2	1
-07.29314	 107.15258	-029.9	1
-07.29314	 107.16420	-031.6	1
-07.29314	 107.17583	-033.4	1
-07.29314	 107.18744	-036.4	1
-07.29314	 107.19906	-038.8	1
-07.29314	 107.21068	-037.3	1
-07.29314	 107.22231	-035.7	1
-07.29314	 107.23392	-038.8	1
-07.29314	 107.24554	-029.4	1
-07.29314	 107.25716	-028.2	1
-07.29314	 107.26878	-031.0	1
-07.29314	 107.28040	-028.7	1
-07.29314	 107.29202	-022.6	1
-07.29314	 107.30363	-019.9	1
-07.29314	 107.31526	-024.2	1
-07.29314	 107.32687	-024.2	1
-07.29314	 107.33849	-032.1	1
-07.29314	 107.35011	-037.0	1
-07.29314	 107.36174	-035.1	1
-07.29314	 107.37335	-030.2	1
-07.29314	 107.38497	-028.0	1
-07.29314	 107.39659	-034.9	1
-07.29314	 107.40821	-033.9	1
-07.29314	 107.41983	-034.0	1
-07.29314	 107.43145	-037.7	1
-07.29314	 107.44307	-036.6	1
-07.29314	 107.45468	-043.7	1
-07.29314	 107.46632	-040.7	1
-07.29314	 107.47794	-042.2	1
-07.29314	 107.48955	-042.8	1
-07.29314	 107.50117	-047.3	1
-07.29314	 107.51279	-045.7	1
-07.29314	 107.52441	-048.0	1
-07.29314	 107.53603	-050.3	1
-07.29314	 107.54765	-048.4	1
-07.29314	 107.55927	-045.8	1
-07.29314	 107.57088	-043.6	1
-07.29314	 107.58250	-040.5	1
-07.29314	 107.59412	-040.9	1
-07.29314	 107.60575	-037.6	1
-07.29314	 107.61737	-036.7	1
-07.29314	 107.62898	-035.2	1
-07.29314	 107.64061	-037.6	1
-07.29314	 107.65222	-039.5	1
-07.29314	 107.66384	-043.9	1
-07.29314	 107.67546	-045.8	1
-07.29314	 107.68709	-047.1	1
-07.29314	 107.69870	-048.4	1
-07.29314	 107.71033	-047.2	1
-07.29314	 107.72194	-046.2	1
-07.29314	 107.73355	-045.9	1
-07.29314	 107.74518	-048.8	1
-07.29314	 107.75681	-050.3	1
-07.29314	 107.76842	-051.5	1
-07.29314	 107.78004	-052.4	1
-07.29314	 107.79166	-051.9	1
-07.29314	 107.80328	-051.0	1
-07.29314	 107.81490	-049.5	1
-07.29314	 107.82651	-048.8	1
-07.29314	 107.83813	-048.4	1
-07.29314	 107.84975	-047.2	1
-07.29314	 107.86137	-046.1	1
-07.29314	 107.87300	-047.6	1
-07.29314	 107.88462	-048.5	1
-07.29314	 107.89623	-049.7	1
-07.29314	 107.90785	-051.5	1
-07.29314	 107.91948	-049.9	1
-07.29314	 107.93109	-049.8	1
-07.29314	 107.94271	-051.2	1
-07.29314	 107.95433	-051.7	1
-07.29314	 107.96596	-051.5	1
-07.29314	 107.97757	-052.5	1
-07.29314	 107.98919	-053.5	1
-07.29314	 108.00082	-054.3	1
-07.29314	 108.01243	-058.1	1
-07.29314	 108.02405	-058.9	1
-07.29314	 108.03567	-061.1	1
-07.29314	 108.04729	-061.1	1
-07.29314	 108.05891	-061.6	1
-07.29314	 108.07053	-060.9	1
-07.29314	 108.08215	-060.8	1
-07.29314	 108.09377	-062.0	1
-07.29314	 108.10538	-062.2	1
-07.29314	 108.11700	-062.1	1
-07.29314	 108.12863	-058.0	1
-07.29314	 108.14024	-057.8	1
-07.29314	 108.15186	-057.3	1
-07.29314	 108.16348	-056.5	1
-07.29314	 108.17510	-059.0	1
-07.29314	 108.18672	-057.5	1
-07.29314	 108.19834	-056.8	1
-07.29314	 108.20996	-055.7	1
-07.29314	 108.22158	-055.4	1
-07.29314	 108.23320	-055.6	1
-07.29314	 108.24482	-056.4	1
-07.29314	 108.25644	-056.9	1
-07.29314	 108.26806	-057.1	1
-07.29314	 108.27968	-056.6	1
-07.29314	 108.29131	-054.9	1
-07.29314	 108.30292	-054.5	1
-07.29314	 108.31453	-055.8	1
-07.29314	 108.32616	-056.0	1
-07.29314	 108.33778	-055.8	1
-07.29314	 108.34940	-055.9	1
-07.29314	 108.36101	-056.9	1
-07.29314	 108.37263	-057.5	1
-07.29314	 108.38425	-057.8	1
-07.29314	 108.39587	-058.3	1
-07.29314	 108.40749	-057.2	1
-07.29314	 108.41911	-057.9	1
-07.29314	 108.43073	-058.2	1
-07.29314	 108.44234	-057.5	1
-07.29314	 108.45397	-058.0	1
-07.29314	 108.46559	-058.0	1
-07.30468	 106.31598	-031.9	1
-07.30468	 106.32760	-031.7	1
-07.30468	 106.33921	-031.3	1
-07.30468	 106.35084	-031.9	1
-07.30468	 106.36246	-031.6	1
-07.30468	 106.37408	-031.5	1
-07.30468	 106.38569	-031.2	1
-07.30468	 106.39732	-031.6	1
-07.30468	 106.40894	-032.0	1
-07.30468	 106.42055	-030.9	1
-07.30468	 106.43217	-031.5	1
-07.30468	 106.44380	-031.8	1
-07.30468	 106.45541	-031.2	1
-07.30468	 106.46703	-032.0	1
-07.30468	 106.47865	-032.6	1
-07.30468	 106.49027	-032.4	1
-07.30468	 106.50189	-032.5	1
-07.30468	 106.51351	-033.1	1
-07.30468	 106.52513	-033.1	1
-07.30468	 106.53675	-033.1	1
-07.30468	 106.54837	-032.0	1
-07.30468	 106.55999	-031.1	1
-07.30468	 106.57160	-030.9	1
-07.30468	 106.58323	-030.7	1
-07.30468	 106.59485	-030.0	1
-07.30468	 106.60646	-031.0	1
-07.30468	 106.61809	-030.9	1
-07.30468	 106.62971	-031.0	1
-07.30468	 106.64132	-030.9	1
-07.30468	 106.65294	-030.1	1
-07.30468	 106.66457	-030.6	1
-07.30468	 106.67619	-031.3	1
-07.30468	 106.68781	-031.3	1
-07.30468	 106.69942	-033.5	1
-07.30468	 106.71105	-032.6	1
-07.30468	 106.72267	-031.1	1
-07.30468	 106.73428	-030.0	1
-07.30468	 106.74590	-032.7	1
-07.30468	 106.75752	-033.8	1
-07.30468	 106.76913	-034.6	1
-07.30468	 106.78075	-034.1	1
-07.30468	 106.79238	-034.3	1
-07.30468	 106.80400	-031.9	1
-07.30468	 106.81561	-032.8	1
-07.30468	 106.82724	-032.6	1
-07.30468	 106.83886	-032.4	1
-07.30468	 106.85048	-033.8	1
-07.30468	 106.86209	-034.4	1
-07.30468	 106.87372	-032.2	1
-07.30468	 106.88533	-031.1	1
-07.30468	 106.89696	-031.1	1
-07.30468	 106.90857	-029.3	1
-07.30468	 106.92020	-026.8	1
-07.30468	 106.93181	-026.1	1
-07.30468	 106.94344	-023.5	1
-07.30468	 106.95506	-024.3	1
-07.30468	 106.96667	-025.4	1
-07.30468	 106.97829	-022.5	1
-07.30468	 106.98991	-020.9	1
-07.30468	 107.00154	-018.0	1
-07.30468	 107.01315	-020.5	1
-07.30468	 107.02477	-022.7	1
-07.30468	 107.03639	-022.6	1
-07.30468	 107.04800	-025.2	1
-07.30468	 107.05962	-025.8	1
-07.30468	 107.07124	-028.6	1
-07.30468	 107.08287	-031.4	1
-07.30468	 107.09449	-029.6	1
-07.30468	 107.10610	-027.9	1
-07.30468	 107.11772	-028.6	1
-07.30468	 107.12935	-031.0	1
-07.30468	 107.14096	-033.1	1
-07.30468	 107.15258	-033.1	1
-07.30468	 107.16420	-034.8	1
-07.30468	 107.17583	-038.8	1
-07.30468	 107.18744	-039.7	1
-07.30468	 107.19907	-039.8	1
-07.30468	 107.21068	-038.1	1
-07.30468	 107.22231	-037.2	1
-07.30468	 107.23392	-036.8	1
-07.30468	 107.24554	-030.0	1
-07.30468	 107.25716	-029.3	1
-07.30468	 107.26878	-030.5	1
-07.30468	 107.28040	-027.0	1
-07.30468	 107.29202	-023.1	1
-07.30468	 107.30363	-026.6	1
-07.30468	 107.31526	-026.5	1
-07.30468	 107.32687	-030.4	1
-07.30468	 107.33849	-033.5	1
-07.30468	 107.35011	-032.5	1
-07.30468	 107.36174	-036.0	1
-07.30468	 107.37335	-031.6	1
-07.30468	 107.38497	-032.1	1
-07.30468	 107.39659	-033.5	1
-07.30468	 107.40822	-038.1	1
-07.30468	 107.41984	-035.4	1
-07.30468	 107.43145	-038.4	1
-07.30468	 107.44307	-037.7	1
-07.30468	 107.45469	-045.4	1
-07.30468	 107.46632	-044.8	1
-07.30468	 107.47794	-045.2	1
-07.30468	 107.48956	-049.0	1
-07.30468	 107.50117	-049.9	1
-07.30468	 107.51279	-049.7	1
-07.30468	 107.52441	-049.7	1
-07.30468	 107.53603	-050.4	1
-07.30468	 107.54765	-047.6	1
-07.30468	 107.55927	-046.8	1
-07.30468	 107.57089	-042.6	1
-07.30468	 107.58250	-041.2	1
-07.30468	 107.59413	-039.6	1
-07.30468	 107.60574	-038.6	1
-07.30468	 107.61737	-035.7	1
-07.30468	 107.62899	-038.6	1
-07.30468	 107.64061	-039.3	1
-07.30468	 107.65222	-038.0	1
-07.30468	 107.66385	-042.3	1
-07.30468	 107.67546	-045.2	1
-07.30468	 107.68708	-046.3	1
-07.30468	 107.69870	-048.1	1
-07.30468	 107.71033	-047.7	1
-07.30468	 107.72194	-046.4	1
-07.30468	 107.73355	-047.8	1
-07.30468	 107.74518	-048.4	1
-07.30468	 107.75681	-050.6	1
-07.30468	 107.76842	-052.4	1
-07.30468	 107.78003	-053.3	1
-07.30468	 107.79166	-053.6	1
-07.30468	 107.80328	-052.7	1
-07.30468	 107.81490	-049.2	1
-07.30468	 107.82651	-048.5	1
-07.30468	 107.83813	-047.0	1
-07.30468	 107.84975	-046.2	1
-07.30468	 107.86137	-045.3	1
-07.30468	 107.87299	-046.3	1
-07.30468	 107.88462	-047.7	1
-07.30468	 107.89623	-049.2	1
-07.30468	 107.90785	-049.7	1
-07.30468	 107.91948	-052.0	1
-07.30468	 107.93110	-050.6	1
-07.30468	 107.94271	-049.7	1
-07.30468	 107.95432	-051.7	1
-07.30468	 107.96596	-052.2	1
-07.30468	 107.97756	-051.7	1
-07.30468	 107.98920	-053.1	1
-07.30468	 108.00081	-053.9	1
-07.30468	 108.01244	-055.0	1
-07.30468	 108.02405	-059.1	1
-07.30468	 108.03568	-060.7	1
-07.30468	 108.04729	-061.3	1
-07.30468	 108.05890	-062.1	1
-07.30468	 108.07053	-062.9	1
-07.30468	 108.08215	-063.0	1
-07.30468	 108.09377	-062.1	1
-07.30468	 108.10538	-063.0	1
-07.30468	 108.11700	-063.3	1
-07.30468	 108.12862	-062.7	1
-07.30468	 108.14024	-061.6	1
-07.30468	 108.15186	-058.4	1
-07.30468	 108.16348	-058.5	1
-07.30468	 108.17510	-058.6	1
-07.30468	 108.18671	-059.3	1
-07.30468	 108.19834	-059.9	1
-07.30468	 108.20996	-059.3	1
-07.30468	 108.22158	-059.3	1
-07.30468	 108.23320	-058.4	1
-07.30468	 108.24483	-057.2	1
-07.30468	 108.25644	-057.5	1
-07.30468	 108.26805	-058.3	1
-07.30468	 108.27968	-058.4	1
-07.30468	 108.29130	-057.7	1
-07.30468	 108.30292	-057.4	1
-07.30468	 108.31453	-056.7	1
-07.30468	 108.32616	-056.2	1
-07.30468	 108.33777	-056.7	1
-07.30468	 108.34940	-057.5	1
-07.30468	 108.36102	-057.2	1
-07.30468	 108.37263	-056.8	1
-07.30468	 108.38425	-057.5	1
-07.30468	 108.39587	-057.9	1
-07.30468	 108.40749	-058.1	1
-07.30468	 108.41911	-058.6	1
-07.30468	 108.43074	-058.3	1
-07.30468	 108.44234	-058.6	1
-07.30468	 108.45398	-058.7	1
-07.31622	 106.31598	-032.1	1
-07.31622	 106.32760	-032.3	1
-07.31622	 106.33921	-032.1	1
-07.31622	 106.35085	-032.2	1
-07.31622	 106.36246	-032.3	1
-07.31622	 106.37407	-032.7	1
-07.31622	 106.38570	-033.0	1
-07.31622	 106.39732	-031.9	1
-07.31622	 106.40894	-032.5	1
-07.31622	 106.42056	-033.3	1
-07.31622	 106.43217	-032.7	1
-07.31622	 106.44379	-033.2	1
-07.31622	 106.45541	-033.7	1
-07.31622	 106.46703	-033.5	1
-07.31622	 106.47865	-033.5	1
-07.31622	 106.49027	-034.0	1
-07.31622	 106.50188	-034.1	1
-07.31622	 106.51352	-034.1	1
-07.31622	 106.52513	-033.1	1
-07.31622	 106.53674	-032.4	1
-07.31622	 106.54837	-032.1	1
-07.31622	 106.56000	-031.3	1
-07.31622	 106.57161	-031.4	1
-07.31622	 106.58323	-031.7	1
-07.31622	 106.59485	-031.9	1
-07.31622	 106.60647	-032.1	1
-07.31622	 106.61809	-032.3	1
-07.31622	 106.62971	-030.8	1
-07.31622	 106.64133	-030.2	1
-07.31622	 106.65294	-032.2	1
-07.31622	 106.66457	-032.4	1
-07.31622	 106.67619	-032.5	1
-07.31622	 106.68781	-033.2	1
-07.31622	 106.69942	-034.1	1
-07.31622	 106.71105	-032.0	1
-07.31622	 106.72266	-032.2	1
-07.31622	 106.73428	-033.8	1
-07.31622	 106.74590	-034.3	1
-07.31622	 106.75752	-035.6	1
-07.31622	 106.76913	-034.7	1
-07.31622	 106.78075	-034.5	1
-07.31622	 106.79238	-032.6	1
-07.31622	 106.80400	-033.8	1
-07.31622	 106.81561	-033.1	1
-07.31622	 106.82724	-032.7	1
-07.31622	 106.83886	-034.1	1
-07.31622	 106.85048	-034.4	1
-07.31622	 106.86209	-033.0	1
-07.31622	 106.87371	-031.7	1
-07.31622	 106.88533	-032.2	1
-07.31622	 106.89696	-029.9	1
-07.31622	 106.90857	-027.7	1
-07.31622	 106.92020	-028.7	1
-07.31622	 106.93181	-024.5	1
-07.31622	 106.94344	-025.4	1
-07.31622	 106.95506	-026.0	1
-07.31622	 106.96667	-023.2	1
-07.31622	 106.97829	-021.4	1
-07.31622	 106.98991	-019.3	1
-07.31622	 107.00154	-021.7	1
-07.31622	 107.01315	-022.7	1
-07.31622	 107.02477	-024.2	1
-07.31622	 107.03639	-024.1	1
-07.31622	 107.04800	-027.8	1
-07.31622	 107.05962	-029.7	1
-07.31622	 107.07124	-031.9	1
-07.31622	 107.08287	-031.7	1
-07.31622	 107.09449	-029.6	1
-07.31622	 107.10610	-028.6	1
-07.31622	 107.11772	-031.6	1
-07.31622	 107.12935	-033.2	1
-07.31622	 107.14096	-034.0	1
-07.31622	 107.15257	-035.9	1
-07.31622	 107.16420	-036.9	1
-07.31622	 107.17583	-039.7	1
-07.31622	 107.18744	-041.0	1
-07.31622	 107.19906	-041.1	1
-07.31622	 107.21068	-039.4	1
-07.31622	 107.22231	-035.0	1
-07.31622	 107.23392	-037.8	1
-07.31622	 107.24553	-032.1	1
-07.31622	 107.25716	-033.4	1
-07.31622	 107.26878	-033.0	1
-07.31622	 107.28040	-031.5	1
-07.31622	 107.29202	-026.9	1
-07.31622	 107.30364	-029.6	1
-07.31622	 107.31526	-028.8	1
-07.31622	 107.32687	-035.2	1
-07.31622	 107.33849	-032.2	1
-07.31622	 107.35011	-035.7	1
-07.31622	 107.36174	-037.1	1
-07.31622	 107.37335	-036.1	1
-07.31622	 107.38498	-034.4	1
-07.31622	 107.39659	-035.6	1
-07.31622	 107.40822	-039.4	1
-07.31622	 107.41983	-039.1	1
-07.31622	 107.43145	-040.2	1
-07.31622	 107.44307	-041.0	1
-07.31622	 107.45470	-047.6	1
-07.31622	 107.46631	-047.4	1
-07.31622	 107.47794	-048.3	1
-07.31622	 107.48956	-050.9	1
-07.31622	 107.50117	-050.0	1
-07.31622	 107.51279	-045.9	1
-07.31622	 107.52441	-046.4	1
-07.31622	 107.53603	-050.3	1
-07.31622	 107.54765	-048.1	1
-07.31622	 107.55927	-047.2	1
-07.31622	 107.57088	-045.3	1
-07.31622	 107.58250	-042.3	1
-07.31622	 107.59412	-040.4	1
-07.31622	 107.60574	-040.7	1
-07.31622	 107.61737	-039.5	1
-07.31622	 107.62898	-039.6	1
-07.31622	 107.64061	-040.3	1
-07.31622	 107.65223	-039.2	1
-07.31622	 107.66383	-040.7	1
-07.31622	 107.67546	-044.9	1
-07.31622	 107.68709	-045.6	1
-07.31622	 107.69870	-046.5	1
-07.31622	 107.71033	-047.3	1
-07.31622	 107.72194	-046.2	1
-07.31622	 107.73356	-047.3	1
-07.31622	 107.74518	-048.5	1
-07.31622	 107.75681	-050.0	1
-07.31622	 107.76842	-053.4	1
-07.31622	 107.78004	-054.1	1
-07.31622	 107.79166	-054.6	1
-07.31622	 107.80328	-054.3	1
-07.31622	 107.81490	-051.4	1
-07.31622	 107.82652	-048.6	1
-07.31622	 107.83813	-047.2	1
-07.31622	 107.84976	-044.7	1
-07.31622	 107.86137	-043.3	1
-07.31622	 107.87300	-046.3	1
-07.31622	 107.88462	-047.5	1
-07.31622	 107.89623	-049.0	1
-07.31622	 107.90785	-049.8	1
-07.31622	 107.91947	-051.8	1
-07.31622	 107.93109	-052.5	1
-07.31622	 107.94271	-052.0	1
-07.31622	 107.95432	-053.1	1
-07.31622	 107.96596	-052.4	1
-07.31622	 107.97757	-052.9	1
-07.31622	 107.98918	-053.2	1
-07.31622	 108.00081	-054.1	1
-07.31622	 108.01242	-054.9	1
-07.31622	 108.02405	-058.9	1
-07.31622	 108.03568	-060.9	1
-07.31622	 108.04729	-061.9	1
-07.31622	 108.05891	-062.1	1
-07.31622	 108.07053	-062.9	1
-07.31622	 108.08215	-063.2	1
-07.31622	 108.09377	-063.9	1
-07.31622	 108.10538	-063.3	1
-07.31622	 108.11700	-062.7	1
-07.31622	 108.12862	-063.4	1
-07.31622	 108.14024	-063.0	1
-07.31622	 108.15186	-062.8	1
-07.31622	 108.16348	-059.1	1
-07.31622	 108.17509	-060.1	1
-07.31622	 108.18672	-060.5	1
-07.31622	 108.19835	-061.1	1
-07.31622	 108.20997	-062.6	1
-07.31622	 108.22158	-062.2	1
-07.31622	 108.23320	-060.9	1
-07.31622	 108.24482	-060.4	1
-07.31622	 108.25644	-059.6	1
-07.31622	 108.26806	-059.5	1
-07.31622	 108.27967	-058.7	1
-07.31622	 108.29130	-059.3	1
-07.31622	 108.30291	-059.1	1
-07.31622	 108.31453	-059.0	1
-07.31622	 108.32616	-058.4	1
-07.31622	 108.33778	-057.6	1
-07.31622	 108.34940	-057.5	1
-07.31622	 108.36101	-057.7	1
-07.31622	 108.37264	-058.2	1
-07.31622	 108.38425	-057.8	1
-07.31622	 108.39587	-057.7	1
-07.31622	 108.40749	-057.9	1
-07.31622	 108.41911	-058.4	1
-07.31622	 108.43073	-058.9	1
-07.31622	 108.44234	-059.5	1
-07.31622	 108.45398	-059.0	1
-07.32775	 106.32759	-032.9	1
-07.32775	 106.33921	-032.9	1
-07.32775	 106.35084	-033.1	1
-07.32775	 106.36246	-033.4	1
-07.32775	 106.37407	-032.8	1
-07.32775	 106.38569	-033.6	1
-07.32775	 106.39732	-034.3	1
-07.32775	 106.40894	-033.8	1
-07.32775	 106.42056	-033.9	1
-07.32775	 106.43217	-034.6	1
-07.32775	 106.44379	-034.5	1
-07.32775	 106.45541	-034.3	1
-07.32775	 106.46703	-034.7	1
-07.32775	 106.47865	-034.8	1
-07.32775	 106.49027	-035.3	1
-07.32775	 106.50188	-034.1	1
-07.32775	 106.51351	-033.2	1
-07.32775	 106.52513	-033.1	1
-07.32775	 106.53675	-032.6	1
-07.32775	 106.54837	-032.4	1
-07.32775	 106.56000	-032.1	1
-07.32775	 106.57161	-033.0	1
-07.32775	 106.58323	-032.6	1
-07.32775	 106.59485	-033.1	1
-07.32775	 106.60646	-032.2	1
-07.32775	 106.61809	-031.7	1
-07.32775	 106.62971	-033.3	1
-07.32775	 106.64133	-033.6	1
-07.32775	 106.65295	-033.1	1
-07.32775	 106.66457	-035.0	1
-07.32775	 106.67619	-034.2	1
-07.32775	 106.68781	-033.7	1
-07.32775	 106.69942	-032.6	1
-07.32775	 106.71104	-034.6	1
-07.32775	 106.72266	-035.2	1
-07.32775	 106.73428	-035.8	1
-07.32775	 106.74590	-036.3	1
-07.32775	 106.75752	-035.3	1
-07.32775	 106.76913	-034.5	1
-07.32775	 106.78075	-033.6	1
-07.32775	 106.79239	-034.6	1
-07.32775	 106.80400	-034.5	1
-07.32775	 106.81562	-033.9	1
-07.32775	 106.82724	-035.0	1
-07.32775	 106.83886	-034.8	1
-07.32775	 106.85048	-034.2	1
-07.32775	 106.86209	-032.7	1
-07.32775	 106.87372	-033.8	1
-07.32775	 106.88533	-032.2	1
-07.32775	 106.89696	-029.2	1
-07.32775	 106.90857	-029.7	1
-07.32775	 106.92020	-025.1	1
-07.32775	 106.93181	-023.5	1
-07.32775	 106.94344	-023.3	1
-07.32775	 106.95506	-021.8	1
-07.32775	 106.96667	-021.5	1
-07.32775	 106.97829	-020.6	1
-07.32775	 106.98991	-023.6	1
-07.32775	 107.00153	-025.1	1
-07.32775	 107.01315	-026.0	1
-07.32775	 107.02477	-027.4	1
-07.32775	 107.03639	-026.2	1
-07.32775	 107.04800	-028.4	1
-07.32775	 107.05962	-031.3	1
-07.32775	 107.07124	-033.1	1
-07.32775	 107.08287	-031.3	1
-07.32775	 107.09448	-028.3	1
-07.32775	 107.10609	-032.4	1
-07.32775	 107.11772	-034.4	1
-07.32775	 107.12935	-035.5	1
-07.32775	 107.14096	-036.2	1
-07.32775	 107.15258	-037.6	1
-07.32775	 107.16420	-038.7	1
-07.32775	 107.17583	-040.5	1
-07.32775	 107.18744	-041.9	1
-07.32775	 107.19906	-042.2	1
-07.32775	 107.21069	-040.3	1
-07.32775	 107.22231	-042.8	1
-07.32775	 107.23392	-032.1	1
-07.32775	 107.24554	-033.6	1
-07.32775	 107.25716	-035.8	1
-07.32775	 107.26878	-036.6	1
-07.32775	 107.28040	-033.9	1
-07.32775	 107.29201	-030.2	1
-07.32775	 107.30363	-030.6	1
-07.32775	 107.31526	-031.8	1
-07.32775	 107.32687	-036.5	1
-07.32775	 107.33849	-032.5	1
-07.32775	 107.35011	-041.6	1
-07.32775	 107.36174	-040.5	1
-07.32775	 107.37335	-042.1	1
-07.32775	 107.38497	-033.4	1
-07.32775	 107.39659	-041.0	1
-07.32775	 107.40822	-041.5	1
-07.32775	 107.41983	-040.6	1
-07.32775	 107.43144	-043.4	1
-07.32775	 107.44307	-041.0	1
-07.32775	 107.45468	-048.2	1
-07.32775	 107.46631	-051.2	1
-07.32775	 107.47793	-049.3	1
-07.32775	 107.48955	-051.2	1
-07.32775	 107.50117	-050.9	1
-07.32775	 107.51279	-051.7	1
-07.32775	 107.52441	-052.9	1
-07.32775	 107.53603	-051.1	1
-07.32775	 107.54765	-050.6	1
-07.32775	 107.55927	-048.8	1
-07.32775	 107.57089	-045.9	1
-07.32775	 107.58250	-043.6	1
-07.32775	 107.59412	-042.6	1
-07.32775	 107.60574	-041.9	1
-07.32775	 107.61736	-042.7	1
-07.32775	 107.62898	-041.6	1
-07.32775	 107.64061	-040.3	1
-07.32775	 107.65222	-041.8	1
-07.32775	 107.66384	-042.6	1
-07.32775	 107.67546	-043.4	1
-07.32775	 107.68709	-044.9	1
-07.32775	 107.69870	-045.1	1
-07.32775	 107.71033	-045.3	1
-07.32775	 107.72194	-046.9	1
-07.32775	 107.73356	-046.8	1
-07.32775	 107.74518	-049.5	1
-07.32775	 107.75681	-051.8	1
-07.32775	 107.76842	-053.7	1
-07.32775	 107.78004	-055.4	1
-07.32775	 107.79166	-055.5	1
-07.32775	 107.80328	-055.4	1
-07.32775	 107.81490	-053.0	1
-07.32775	 107.82651	-050.0	1
-07.32775	 107.83815	-047.5	1
-07.32775	 107.84975	-045.6	1
-07.32775	 107.86137	-045.3	1
-07.32775	 107.87299	-047.2	1
-07.32775	 107.88461	-049.2	1
-07.32775	 107.89622	-049.3	1
-07.32775	 107.90785	-050.0	1
-07.32775	 107.91947	-050.1	1
-07.32775	 107.93110	-053.2	1
-07.32775	 107.94270	-054.5	1
-07.32775	 107.95432	-052.8	1
-07.32775	 107.96596	-054.3	1
-07.32775	 107.97757	-055.1	1
-07.32775	 107.98919	-053.1	1
-07.32775	 108.00082	-054.3	1
-07.32775	 108.01244	-057.7	1
-07.32775	 108.02405	-057.8	1
-07.32775	 108.03568	-059.7	1
-07.32775	 108.04729	-061.2	1
-07.32775	 108.05891	-062.4	1
-07.32775	 108.07053	-062.4	1
-07.32775	 108.08215	-062.9	1
-07.32775	 108.09377	-063.5	1
-07.32775	 108.10538	-063.9	1
-07.32775	 108.11699	-064.1	1
-07.32775	 108.12862	-063.0	1
-07.32775	 108.14024	-062.7	1
-07.32775	 108.15186	-063.5	1
-07.32775	 108.16348	-062.9	1
-07.32775	 108.17510	-058.4	1
-07.32775	 108.18672	-061.6	1
-07.32775	 108.19834	-062.4	1
-07.32775	 108.20996	-062.3	1
-07.32775	 108.22158	-061.9	1
-07.32775	 108.23320	-063.8	1
-07.32775	 108.24482	-062.4	1
-07.32775	 108.25644	-061.5	1
-07.32775	 108.26805	-061.1	1
-07.32775	 108.27967	-060.3	1
-07.32775	 108.29131	-060.1	1
-07.32775	 108.30292	-060.0	1
-07.32775	 108.31453	-060.3	1
-07.32775	 108.32616	-060.1	1
-07.32775	 108.33778	-059.6	1
-07.32775	 108.34940	-059.3	1
-07.32775	 108.36102	-058.7	1
-07.32775	 108.37264	-058.4	1
-07.32775	 108.38425	-058.1	1
-07.32775	 108.39587	-058.6	1
-07.32775	 108.40749	-058.3	1
-07.32775	 108.41911	-058.2	1
-07.32775	 108.43073	-058.5	1
-07.32775	 108.44234	-058.8	1
-07.33929	 106.32760	-033.6	1
-07.33929	 106.33922	-033.8	1
-07.33929	 106.35084	-033.3	1
-07.33929	 106.36246	-034.0	1
-07.33929	 106.37407	-034.9	1
-07.33929	 106.38570	-034.6	1
-07.33929	 106.39732	-034.7	1
-07.33929	 106.40894	-035.7	1
-07.33929	 106.42056	-035.2	1
-07.33929	 106.43217	-034.9	1
-07.33929	 106.44380	-035.6	1
-07.33929	 106.45541	-035.8	1
-07.33929	 106.46703	-036.0	1
-07.33929	 106.47865	-035.6	1
-07.33929	 106.49026	-034.7	1
-07.33929	 106.50189	-034.2	1
-07.33929	 106.51351	-033.5	1
-07.33929	 106.52513	-033.6	1
-07.33929	 106.53674	-033.7	1
-07.33929	 106.54837	-033.9	1
-07.33929	 106.56000	-033.5	1
-07.33929	 106.57160	-033.6	1
-07.33929	 106.58323	-033.7	1
-07.33929	 106.59484	-032.5	1
-07.33929	 106.60646	-030.6	1
-07.33929	 106.61809	-034.4	1
-07.33929	 106.62971	-034.5	1
-07.33929	 106.64133	-034.1	1
-07.33929	 106.65294	-035.4	1
-07.33929	 106.66457	-035.5	1
-07.33929	 106.67618	-034.0	1
-07.33929	 106.68781	-033.8	1
-07.33929	 106.69942	-036.2	1
-07.33929	 106.71104	-036.1	1
-07.33929	 106.72266	-036.8	1
-07.33929	 106.73428	-036.9	1
-07.33929	 106.74590	-035.3	1
-07.33929	 106.75753	-034.5	1
-07.33929	 106.76913	-034.1	1
-07.33929	 106.78075	-034.8	1
-07.33929	 106.79238	-034.7	1
-07.33929	 106.80400	-034.9	1
-07.33929	 106.81561	-036.0	1
-07.33929	 106.82723	-036.2	1
-07.33929	 106.83885	-034.7	1
-07.33929	 106.85048	-034.4	1
-07.33929	 106.86209	-034.0	1
-07.33929	 106.87372	-032.8	1
-07.33929	 106.88533	-030.4	1
-07.33929	 106.89696	-030.3	1
-07.33929	 106.90857	-028.7	1
-07.33929	 106.92020	-024.0	1
-07.33929	 106.93181	-025.6	1
-07.33929	 106.94344	-024.6	1
-07.33929	 106.95506	-024.3	1
-07.33929	 106.96667	-023.7	1
-07.33929	 106.97829	-025.1	1
-07.33929	 106.98991	-026.5	1
-07.33929	 107.00153	-027.6	1
-07.33929	 107.01314	-029.3	1
-07.33929	 107.02477	-027.6	1
-07.33929	 107.03639	-028.6	1
-07.33929	 107.04800	-032.5	1
-07.33929	 107.05962	-034.6	1
-07.33929	 107.07124	-034.1	1
-07.33929	 107.08287	-032.7	1
-07.33929	 107.09448	-032.5	1
-07.33929	 107.10610	-034.1	1
-07.33929	 107.11772	-035.8	1
-07.33929	 107.12935	-036.7	1
-07.33929	 107.14096	-038.2	1
-07.33929	 107.15257	-039.2	1
-07.33929	 107.16421	-039.8	1
-07.33929	 107.17583	-040.0	1
-07.33929	 107.18744	-042.3	1
-07.33929	 107.19906	-042.2	1
-07.33929	 107.21068	-040.6	1
-07.33929	 107.22231	-041.6	1
-07.33929	 107.23392	-034.5	1
-07.33929	 107.24554	-037.0	1
-07.33929	 107.25716	-039.1	1
-07.33929	 107.26878	-036.7	1
-07.33929	 107.28040	-036.7	1
-07.33929	 107.29202	-031.8	1
-07.33929	 107.30363	-036.2	1
-07.33929	 107.31526	-037.1	1
-07.33929	 107.32687	-037.6	1
-07.33929	 107.33849	-034.9	1
-07.33929	 107.35011	-040.9	1
-07.33929	 107.36174	-040.6	1
-07.33929	 107.37335	-038.5	1
-07.33929	 107.38496	-039.2	1
-07.33929	 107.39659	-043.8	1
-07.33929	 107.40822	-043.2	1
-07.33929	 107.41983	-042.4	1
-07.33929	 107.43146	-045.6	1
-07.33929	 107.44307	-042.5	1
-07.33929	 107.45469	-047.8	1
-07.33929	 107.46631	-049.4	1
-07.33929	 107.47794	-051.9	1
-07.33929	 107.48955	-054.0	1
-07.33929	 107.50117	-048.7	1
-07.33929	 107.51279	-048.1	1
-07.33929	 107.52441	-051.1	1
-07.33929	 107.53603	-050.1	1
-07.33929	 107.54765	-050.7	1
-07.33929	 107.55927	-047.7	1
-07.33929	 107.57088	-047.8	1
-07.33929	 107.58250	-045.6	1
-07.33929	 107.59413	-043.0	1
-07.33929	 107.60574	-043.6	1
-07.33929	 107.61736	-043.7	1
-07.33929	 107.62899	-044.3	1
-07.33929	 107.64060	-043.4	1
-07.33929	 107.65222	-042.4	1
-07.33929	 107.66383	-045.2	1
-07.33929	 107.67546	-043.1	1
-07.33929	 107.68708	-044.4	1
-07.33929	 107.69870	-045.1	1
-07.33929	 107.71033	-046.6	1
-07.33929	 107.72194	-049.1	1
-07.33929	 107.73356	-050.8	1
-07.33929	 107.74518	-050.9	1
-07.33929	 107.75681	-053.5	1
-07.33929	 107.76842	-055.7	1
-07.33929	 107.78003	-056.0	1
-07.33929	 107.79166	-056.8	1
-07.33929	 107.80328	-055.9	1
-07.33929	 107.81490	-055.1	1
-07.33929	 107.82652	-052.2	1
-07.33929	 107.83814	-049.2	1
-07.33929	 107.84975	-047.5	1
-07.33929	 107.86137	-048.0	1
-07.33929	 107.87300	-049.6	1
-07.33929	 107.88462	-050.6	1
-07.33929	 107.89622	-051.2	1
-07.33929	 107.90785	-050.7	1
-07.33929	 107.91948	-050.9	1
-07.33929	 107.93109	-050.6	1
-07.33929	 107.94271	-055.0	1
-07.33929	 107.95433	-055.4	1
-07.33929	 107.96595	-055.5	1
-07.33929	 107.97757	-054.4	1
-07.33929	 107.98918	-055.8	1
-07.33929	 108.00082	-056.6	1
-07.33929	 108.01242	-057.6	1
-07.33929	 108.02406	-058.1	1
-07.33929	 108.03568	-058.9	1
-07.33929	 108.04729	-060.5	1
-07.33929	 108.05891	-062.1	1
-07.33929	 108.07053	-062.4	1
-07.33929	 108.08215	-062.9	1
-07.33929	 108.09377	-063.2	1
-07.33929	 108.10538	-063.6	1
-07.33929	 108.11700	-064.2	1
-07.33929	 108.12862	-064.2	1
-07.33929	 108.14024	-063.7	1
-07.33929	 108.15186	-062.9	1
-07.33929	 108.16348	-063.6	1
-07.33929	 108.17509	-063.7	1
-07.33929	 108.18672	-064.1	1
-07.33929	 108.19834	-062.3	1
-07.33929	 108.20996	-063.2	1
-07.33929	 108.22158	-063.1	1
-07.33929	 108.23319	-063.3	1
-07.33929	 108.24483	-063.1	1
-07.33929	 108.25645	-063.7	1
-07.33929	 108.26805	-063.1	1
-07.33929	 108.27968	-062.5	1
-07.33929	 108.29131	-061.6	1
-07.33929	 108.30292	-060.9	1
-07.33929	 108.31454	-060.9	1
-07.33929	 108.32616	-060.8	1
-07.33929	 108.33778	-061.0	1
-07.33929	 108.34940	-060.9	1
-07.33929	 108.36101	-060.9	1
-07.33929	 108.37263	-060.2	1
-07.33929	 108.38425	-059.5	1
-07.33929	 108.39587	-059.2	1
-07.33929	 108.40750	-058.9	1
-07.33929	 108.41911	-058.7	1
-07.33929	 108.43073	-058.5	1
-07.33929	 108.44235	-058.6	1
-07.35083	 106.33922	-034.3	1
-07.35083	 106.35085	-035.2	1
-07.35083	 106.36246	-034.6	1
-07.35083	 106.37407	-035.1	1
-07.35083	 106.38569	-036.1	1
-07.35083	 106.39732	-035.8	1
-07.35083	 106.40894	-035.4	1
-07.35083	 106.42056	-036.1	1
-07.35083	 106.43217	-036.4	1
-07.35083	 106.44379	-036.5	1
-07.35083	 106.45541	-036.0	1
-07.35083	 106.46703	-035.3	1
-07.35083	 106.47865	-034.7	1
-07.35083	 106.49026	-034.7	1
-07.35083	 106.50188	-034.3	1
-07.35083	 106.51352	-034.2	1
-07.35083	 106.52513	-035.0	1
-07.35083	 106.53675	-034.7	1
-07.35083	 106.54836	-034.5	1
-07.35083	 106.55999	-034.8	1
-07.35083	 106.57161	-033.6	1
-07.35083	 106.58323	-033.3	1
-07.35083	 106.59485	-034.7	1
-07.35083	 106.60646	-035.2	1
-07.35083	 106.61809	-035.3	1
-07.35083	 106.62971	-036.3	1
-07.35083	 106.64133	-035.0	1
-07.35083	 106.65294	-035.2	1
-07.35083	 106.66457	-035.0	1
-07.35083	 106.67618	-035.8	1
-07.35083	 106.68781	-037.0	1
-07.35083	 106.69942	-036.9	1
-07.35083	 106.71104	-037.4	1
-07.35083	 106.72266	-037.1	1
-07.35083	 106.73428	-037.1	1
-07.35083	 106.74590	-033.8	1
-07.35083	 106.75752	-035.7	1
-07.35083	 106.76913	-036.0	1
-07.35083	 106.78075	-035.6	1
-07.35083	 106.79239	-036.1	1
-07.35083	 106.80400	-037.1	1
-07.35083	 106.81561	-036.5	1
-07.35083	 106.82722	-035.8	1
-07.35083	 106.83886	-034.9	1
-07.35083	 106.85048	-036.1	1
-07.35083	 106.86210	-033.7	1
-07.35083	 106.87372	-032.2	1
-07.35083	 106.88533	-030.8	1
-07.35083	 106.89696	-028.4	1
-07.35083	 106.90857	-025.1	1
-07.35083	 106.92020	-026.2	1
-07.35083	 106.93181	-026.3	1
-07.35083	 106.94344	-026.5	1
-07.35083	 106.95506	-028.0	1
-07.35083	 106.96667	-025.2	1
-07.35083	 106.97829	-027.8	1
-07.35083	 106.98991	-028.6	1
-07.35083	 107.00153	-028.3	1
-07.35083	 107.01315	-027.7	1
-07.35083	 107.02477	-028.7	1
-07.35083	 107.03640	-032.1	1
-07.35083	 107.04800	-034.5	1
-07.35083	 107.05963	-034.9	1
-07.35083	 107.07124	-036.7	1
-07.35083	 107.08287	-034.4	1
-07.35083	 107.09448	-034.8	1
-07.35083	 107.10610	-036.6	1
-07.35083	 107.11772	-037.3	1
-07.35083	 107.12935	-038.3	1
-07.35083	 107.14096	-040.4	1
-07.35083	 107.15258	-041.3	1
-07.35083	 107.16420	-041.1	1
-07.35083	 107.17583	-040.6	1
-07.35083	 107.18744	-040.3	1
-07.35083	 107.19907	-041.8	1
-07.35083	 107.21068	-045.8	1
-07.35083	 107.22231	-041.2	1
-07.35083	 107.23392	-036.5	1
-07.35083	 107.24554	-040.4	1
-07.35083	 107.25716	-040.1	1
-07.35083	 107.26878	-040.5	1
-07.35083	 107.28040	-034.6	1
-07.35083	 107.29202	-033.3	1
-07.35083	 107.30363	-038.6	1
-07.35083	 107.31526	-039.5	1
-07.35083	 107.32687	-038.1	1
-07.35083	 107.33849	-040.0	1
-07.35083	 107.35011	-043.2	1
-07.35083	 107.36174	-042.4	1
-07.35083	 107.37335	-043.7	1
-07.35083	 107.38497	-042.5	1
-07.35083	 107.39659	-043.9	1
-07.35083	 107.40822	-048.0	1
-07.35083	 107.41983	-043.7	1
-07.35083	 107.43146	-046.0	1
-07.35083	 107.44307	-045.7	1
-07.35083	 107.45470	-047.4	1
-07.35083	 107.46631	-047.8	1
-07.35083	 107.47794	-051.0	1
-07.35083	 107.48955	-052.8	1
-07.35083	 107.50117	-050.3	1
-07.35083	 107.51279	-047.4	1
-07.35083	 107.52441	-048.2	1
-07.35083	 107.53603	-048.3	1
-07.35083	 107.54765	-050.5	1
-07.35083	 107.55927	-049.1	1
-07.35083	 107.57089	-048.5	1
-07.35083	 107.58250	-046.7	1
-07.35083	 107.59412	-044.5	1
-07.35083	 107.60574	-043.5	1
-07.35083	 107.61736	-046.2	1
-07.35083	 107.62898	-047.8	1
-07.35083	 107.64061	-045.6	1
-07.35083	 107.65222	-043.7	1
-07.35083	 107.66384	-046.0	1
-07.35083	 107.67546	-046.8	1
-07.35083	 107.68709	-045.5	1
-07.35083	 107.69870	-045.7	1
-07.35083	 107.71033	-047.4	1
-07.35083	 107.72194	-050.0	1
-07.35083	 107.73356	-052.7	1
-07.35083	 107.74518	-052.8	1
-07.35083	 107.75680	-054.6	1
-07.35083	 107.76842	-056.2	1
-07.35083	 107.78004	-057.0	1
-07.35083	 107.79166	-055.5	1
-07.35083	 107.80328	-056.6	1
-07.35083	 107.81490	-055.7	1
-07.35083	 107.82652	-055.0	1
-07.35083	 107.83813	-052.2	1
-07.35083	 107.84976	-049.6	1
-07.35083	 107.86137	-048.7	1
-07.35083	 107.87299	-050.1	1
-07.35083	 107.88461	-051.3	1
-07.35083	 107.89623	-051.8	1
-07.35083	 107.90785	-052.7	1
-07.35083	 107.91948	-054.6	1
-07.35083	 107.93109	-051.0	1
-07.35083	 107.94271	-053.6	1
-07.35083	 107.95433	-055.9	1
-07.35083	 107.96596	-055.9	1
-07.35083	 107.97757	-056.8	1
-07.35083	 107.98918	-055.1	1
-07.35083	 108.00081	-056.9	1
-07.35083	 108.01244	-057.5	1
-07.35083	 108.02405	-058.9	1
-07.35083	 108.03567	-059.2	1
-07.35083	 108.04729	-059.4	1
-07.35083	 108.05891	-060.7	1
-07.35083	 108.07053	-062.5	1
-07.35083	 108.08215	-063.1	1
-07.35083	 108.09377	-063.3	1
-07.35083	 108.10538	-064.0	1
-07.35083	 108.11700	-064.6	1
-07.35083	 108.12862	-064.7	1
-07.35083	 108.14024	-065.1	1
-07.35083	 108.15186	-064.7	1
-07.35083	 108.16348	-064.2	1
-07.35083	 108.17510	-063.9	1
-07.35083	 108.18671	-064.8	1
-07.35083	 108.19835	-065.1	1
-07.35083	 108.20996	-064.5	1
-07.35083	 108.22158	-063.4	1
-07.35083	 108.23319	-063.9	1
-07.35083	 108.24483	-063.8	1
-07.35083	 108.25644	-063.7	1
-07.35083	 108.26807	-064.3	1
-07.35083	 108.27968	-064.3	1
-07.35083	 108.29130	-063.4	1
-07.35083	 108.30292	-063.1	1
-07.35083	 108.31454	-062.1	1
-07.35083	 108.32616	-061.7	1
-07.35083	 108.33778	-061.8	1
-07.35083	 108.34940	-061.6	1
-07.35083	 108.36102	-062.0	1
-07.35083	 108.37263	-061.5	1
-07.35083	 108.38425	-061.3	1
-07.35083	 108.39587	-061.0	1
-07.35083	 108.40750	-060.5	1
-07.35083	 108.41911	-060.0	1
-07.35083	 108.43073	-059.8	1
-07.36237	 106.33922	-035.5	1
-07.36237	 106.35084	-035.6	1
-07.36237	 106.36246	-036.5	1
-07.36237	 106.37408	-036.2	1
-07.36237	 106.38570	-035.9	1
-07.36237	 106.39732	-036.3	1
-07.36237	 106.40894	-036.7	1
-07.36237	 106.42056	-036.8	1
-07.36237	 106.43217	-037.1	1
-07.36237	 106.44380	-036.1	1
-07.36237	 106.45541	-035.5	1
-07.36237	 106.46703	-035.3	1
-07.36237	 106.47865	-034.7	1
-07.36237	 106.49026	-034.9	1
-07.36237	 106.50189	-035.1	1
-07.36237	 106.51352	-035.9	1
-07.36237	 106.52513	-035.3	1
-07.36237	 106.53675	-035.5	1
-07.36237	 106.54836	-035.2	1
-07.36237	 106.55999	-033.8	1
-07.36237	 106.57160	-032.4	1
-07.36237	 106.58323	-035.7	1
-07.36237	 106.59485	-035.7	1
-07.36237	 106.60647	-035.3	1
-07.36237	 106.61809	-036.7	1
-07.36237	 106.62971	-036.2	1
-07.36237	 106.64133	-034.9	1
-07.36237	 106.65295	-035.2	1
-07.36237	 106.66457	-036.8	1
-07.36237	 106.67618	-037.7	1
-07.36237	 106.68781	-038.1	1
-07.36237	 106.69942	-038.1	1
-07.36237	 106.71105	-037.6	1
-07.36237	 106.72267	-037.3	1
-07.36237	 106.73428	-035.1	1
-07.36237	 106.74590	-036.5	1
-07.36237	 106.75752	-036.2	1
-07.36237	 106.76913	-036.0	1
-07.36237	 106.78075	-037.0	1
-07.36237	 106.79238	-037.3	1
-07.36237	 106.80399	-036.7	1
-07.36237	 106.81561	-035.9	1
-07.36237	 106.82723	-035.9	1
-07.36237	 106.83886	-035.7	1
-07.36237	 106.85048	-034.5	1
-07.36237	 106.86209	-032.0	1
-07.36237	 106.87372	-031.3	1
-07.36237	 106.88533	-028.9	1
-07.36237	 106.89696	-025.8	1
-07.36237	 106.90857	-027.7	1
-07.36237	 106.92019	-027.7	1
-07.36237	 106.93181	-027.7	1
-07.36237	 106.94344	-028.5	1
-07.36237	 106.95506	-026.4	1
-07.36237	 106.96667	-028.0	1
-07.36237	 106.97829	-029.6	1
-07.36237	 106.98991	-029.1	1
-07.36237	 107.00154	-030.6	1
-07.36237	 107.01315	-030.3	1
-07.36237	 107.02477	-029.5	1
-07.36237	 107.03639	-033.6	1
-07.36237	 107.04800	-036.9	1
-07.36237	 107.05962	-036.5	1
-07.36237	 107.07124	-038.3	1
-07.36237	 107.08287	-036.7	1
-07.36237	 107.09448	-036.9	1
-07.36237	 107.10610	-038.3	1
-07.36237	 107.11772	-039.1	1
-07.36237	 107.12935	-040.4	1
-07.36237	 107.14096	-042.9	1
-07.36237	 107.15258	-042.3	1
-07.36237	 107.16420	-042.9	1
-07.36237	 107.17583	-041.9	1
-07.36237	 107.18744	-041.3	1
-07.36237	 107.19906	-043.4	1
-07.36237	 107.21068	-044.2	1
-07.36237	 107.22231	-041.9	1
-07.36237	 107.23392	-038.9	1
-07.36237	 107.24554	-042.0	1
-07.36237	 107.25716	-041.3	1
-07.36237	 107.26878	-039.6	1
-07.36237	 107.28040	-038.3	1
-07.36237	 107.29202	-035.3	1
-07.36237	 107.30364	-038.7	1
-07.36237	 107.31525	-039.7	1
-07.36237	 107.32688	-039.8	1
-07.36237	 107.33849	-042.9	1
-07.36237	 107.35011	-044.2	1
-07.36237	 107.36174	-045.5	1
-07.36237	 107.37335	-044.6	1
-07.36237	 107.38496	-042.7	1
-07.36237	 107.39659	-044.6	1
-07.36237	 107.40822	-051.1	1
-07.36237	 107.41983	-047.4	1
-07.36237	 107.43146	-044.6	1
-07.36237	 107.44308	-048.0	1
-07.36237	 107.45468	-048.5	1
-07.36237	 107.46631	-051.0	1
-07.36237	 107.47794	-054.1	1
-07.36237	 107.48955	-052.8	1
-07.36237	 107.50117	-051.3	1
-07.36237	 107.51279	-048.9	1
-07.36237	 107.52441	-050.5	1
-07.36237	 107.53603	-050.7	1
-07.36237	 107.54765	-051.4	1
-07.36237	 107.55927	-050.8	1
-07.36237	 107.57088	-050.4	1
-07.36237	 107.58250	-049.0	1
-07.36237	 107.59412	-046.9	1
-07.36237	 107.60575	-044.2	1
-07.36237	 107.61736	-048.8	1
-07.36237	 107.62899	-049.3	1
-07.36237	 107.64060	-048.0	1
-07.36237	 107.65223	-046.6	1
-07.36237	 107.66385	-046.0	1
-07.36237	 107.67547	-047.6	1
-07.36237	 107.68709	-047.5	1
-07.36237	 107.69870	-047.1	1
-07.36237	 107.71032	-048.6	1
-07.36237	 107.72195	-050.6	1
-07.36237	 107.73357	-052.9	1
-07.36237	 107.74518	-054.4	1
-07.36237	 107.75681	-055.6	1
-07.36237	 107.76842	-056.8	1
-07.36237	 107.78003	-057.2	1
-07.36237	 107.79166	-056.9	1
-07.36236	 107.80328	-055.8	1
-07.36237	 107.81490	-056.8	1
-07.36237	 107.82652	-056.1	1
-07.36237	 107.83813	-055.3	1
-07.36237	 107.84975	-053.0	1
-07.36237	 107.86137	-052.1	1
-07.36237	 107.87300	-053.3	1
-07.36237	 107.88461	-051.2	1
-07.36237	 107.89623	-050.7	1
-07.36237	 107.90785	-052.1	1
-07.36237	 107.91948	-052.4	1
-07.36237	 107.93109	-055.2	1
-07.36237	 107.94270	-054.8	1
-07.36236	 107.95433	-053.4	1
-07.36237	 107.96596	-056.5	1
-07.36236	 107.97757	-057.0	1
-07.36237	 107.98918	-057.8	1
-07.36237	 108.00082	-056.2	1
-07.36237	 108.01242	-057.2	1
-07.36237	 108.02405	-058.2	1
-07.36237	 108.03568	-059.4	1
-07.36237	 108.04729	-059.3	1
-07.36237	 108.05891	-059.1	1
-07.36237	 108.07053	-061.1	1
-07.36237	 108.08215	-063.0	1
-07.36237	 108.09377	-063.5	1
-07.36237	 108.10539	-064.2	1
-07.36237	 108.11700	-064.9	1
-07.36237	 108.12863	-064.9	1
-07.36237	 108.14024	-065.4	1
-07.36237	 108.15186	-065.2	1
-07.36237	 108.16348	-066.0	1
-07.36237	 108.17511	-065.4	1
-07.36237	 108.18672	-065.2	1
-07.36237	 108.19835	-065.3	1
-07.36237	 108.20996	-065.5	1
-07.36237	 108.22158	-065.1	1
-07.36237	 108.23320	-063.7	1
-07.36237	 108.24483	-064.2	1
-07.36237	 108.25644	-064.4	1
-07.36237	 108.26806	-064.3	1
-07.36237	 108.27968	-064.1	1
-07.36237	 108.29130	-065.5	1
-07.36237	 108.30292	-064.5	1
-07.36237	 108.31454	-064.0	1
-07.36237	 108.32616	-063.7	1
-07.36237	 108.33778	-062.7	1
-07.36237	 108.34940	-062.1	1
-07.36237	 108.36101	-061.8	1
-07.36237	 108.37263	-061.9	1
-07.36237	 108.38425	-062.1	1
-07.36237	 108.39587	-062.2	1
-07.36237	 108.40749	-062.8	1
-07.36237	 108.41911	-062.2	1
-07.36237	 108.43073	-060.9	1
-07.37390	 106.35084	-036.6	1
-07.37390	 106.36246	-036.4	1
-07.37390	 106.37408	-036.7	1
-07.37390	 106.38569	-037.0	1
-07.37390	 106.39732	-037.1	1
-07.37390	 106.40894	-037.2	1
-07.37390	 106.42056	-036.4	1
-07.37390	 106.43217	-036.2	1
-07.37390	 106.44380	-035.9	1
-07.37390	 106.45541	-035.4	1
-07.37390	 106.46703	-035.6	1
-07.37390	 106.47865	-035.3	1
-07.37390	 106.49026	-036.2	1
-07.37390	 106.50189	-036.1	1
-07.37390	 106.51351	-036.1	1
-07.37390	 106.52513	-036.4	1
-07.37390	 106.53674	-035.0	1
-07.37390	 106.54837	-035.0	1
-07.37390	 106.56000	-036.2	1
-07.37390	 106.57161	-036.4	1
-07.37390	 106.58323	-036.2	1
-07.37390	 106.59485	-036.6	1
-07.37390	 106.60646	-035.8	1
-07.37390	 106.61809	-036.6	1
-07.37390	 106.62971	-035.7	1
-07.37390	 106.64133	-036.9	1
-07.37390	 106.65295	-038.6	1
-07.37390	 106.66457	-038.4	1
-07.37390	 106.67618	-038.9	1
-07.37390	 106.68781	-039.0	1
-07.37390	 106.69942	-038.6	1
-07.37390	 106.71105	-037.8	1
-07.37390	 106.72266	-036.3	1
-07.37390	 106.73428	-037.2	1
-07.37390	 106.74590	-036.8	1
-07.37390	 106.75752	-036.1	1
-07.37390	 106.76913	-036.8	1
-07.37390	 106.78075	-037.7	1
-07.37390	 106.79239	-037.7	1
-07.37390	 106.80399	-036.5	1
-07.37390	 106.81562	-036.4	1
-07.37390	 106.82723	-037.0	1
-07.37390	 106.83887	-034.5	1
-07.37390	 106.85048	-032.2	1
-07.37390	 106.86209	-031.0	1
-07.37390	 106.87372	-030.1	1
-07.37390	 106.88533	-028.3	1
-07.37390	 106.89696	-028.5	1
-07.37390	 106.90857	-028.8	1
-07.37390	 106.92020	-028.1	1
-07.37390	 106.93181	-028.1	1
-07.37390	 106.94344	-027.0	1
-07.37390	 106.95506	-028.2	1
-07.37390	 106.96667	-030.3	1
-07.37390	 106.97829	-030.7	1
-07.37390	 106.98991	-033.7	1
-07.37390	 107.00153	-031.8	1
-07.37390	 107.01315	-031.3	1
-07.37390	 107.02477	-034.2	1
-07.37390	 107.03639	-036.3	1
-07.37390	 107.04800	-037.3	1
-07.37390	 107.05962	-038.2	1
-07.37390	 107.07124	-036.2	1
-07.37390	 107.08287	-038.3	1
-07.37390	 107.09448	-040.8	1
-07.37390	 107.10609	-041.0	1
-07.37390	 107.11772	-040.8	1
-07.37390	 107.12935	-043.2	1
-07.37390	 107.14096	-043.3	1
-07.37390	 107.15259	-043.6	1
-07.37390	 107.16420	-042.4	1
-07.37390	 107.17583	-044.6	1
-07.37390	 107.18745	-043.9	1
-07.37390	 107.19906	-047.2	1
-07.37390	 107.21068	-044.5	1
-07.37390	 107.22231	-040.5	1
-07.37390	 107.23392	-040.4	1
-07.37390	 107.24554	-044.2	1
-07.37390	 107.25716	-043.7	1
-07.37390	 107.26878	-041.2	1
-07.37390	 107.28040	-040.0	1
-07.37390	 107.29202	-039.3	1
-07.37390	 107.30363	-039.5	1
-07.37390	 107.31525	-042.5	1
-07.37390	 107.32687	-040.1	1
-07.37390	 107.33850	-042.8	1
-07.37390	 107.35012	-045.9	1
-07.37390	 107.36174	-046.5	1
-07.37390	 107.37335	-046.9	1
-07.37390	 107.38497	-044.2	1
-07.37390	 107.39659	-045.1	1
-07.37390	 107.40822	-052.1	1
-07.37390	 107.41983	-045.9	1
-07.37390	 107.43145	-045.7	1
-07.37390	 107.44308	-049.7	1
-07.37390	 107.45469	-047.4	1
-07.37390	 107.46631	-052.8	1
-07.37390	 107.47793	-054.5	1
-07.37390	 107.48955	-053.1	1
-07.37390	 107.50117	-053.5	1
-07.37390	 107.51279	-050.8	1
-07.37390	 107.52441	-052.3	1
-07.37390	 107.53603	-051.3	1
-07.37390	 107.54765	-049.9	1
-07.37390	 107.55927	-052.6	1
-07.37390	 107.57089	-052.4	1
-07.37390	 107.58250	-051.0	1
-07.37390	 107.59412	-047.4	1
-07.37390	 107.60574	-045.3	1
-07.37390	 107.61736	-047.7	1
-07.37390	 107.62898	-052.4	1
-07.37390	 107.64061	-050.6	1
-07.37390	 107.65223	-048.5	1
-07.37390	 107.66384	-047.0	1
-07.37390	 107.67547	-048.9	1
-07.37390	 107.68708	-050.0	1
-07.37390	 107.69870	-048.9	1
-07.37390	 107.71033	-049.6	1
-07.37390	 107.72194	-050.8	1
-07.37390	 107.73357	-053.2	1
-07.37390	 107.74518	-054.5	1
-07.37390	 107.75681	-056.5	1
-07.37390	 107.76842	-056.0	1
-07.37390	 107.78004	-056.1	1
-07.37390	 107.79166	-057.3	1
-07.37390	 107.80328	-056.2	1
-07.37390	 107.81490	-056.3	1
-07.37390	 107.82652	-057.2	1
-07.37390	 107.83814	-056.7	1
-07.37390	 107.84975	-056.1	1
-07.37390	 107.86137	-055.2	1
-07.37390	 107.87299	-055.9	1
-07.37390	 107.88461	-053.2	1
-07.37390	 107.89622	-052.1	1
-07.37390	 107.90785	-054.2	1
-07.37390	 107.91947	-052.7	1
-07.37390	 107.93109	-053.7	1
-07.37390	 107.94271	-057.2	1
-07.37390	 107.95432	-056.8	1
-07.37390	 107.96596	-055.4	1
-07.37390	 107.97757	-057.4	1
-07.37390	 107.98919	-057.6	1
-07.37390	 108.00081	-059.2	1
-07.37390	 108.01243	-057.5	1
-07.37390	 108.02405	-058.7	1
-07.37390	 108.03568	-058.3	1
-07.37390	 108.04729	-060.3	1
-07.37390	 108.05891	-060.2	1
-07.37390	 108.07053	-060.1	1
-07.37390	 108.08215	-061.9	1
-07.37390	 108.09377	-063.2	1
-07.37390	 108.10538	-063.6	1
-07.37390	 108.11700	-064.9	1
-07.37390	 108.12863	-065.2	1
-07.37390	 108.14024	-065.5	1
-07.37390	 108.15186	-066.0	1
-07.37390	 108.16348	-066.0	1
-07.37390	 108.17510	-066.5	1
-07.37390	 108.18672	-066.3	1
-07.37390	 108.19835	-065.9	1
-07.37390	 108.20996	-065.2	1
-07.37390	 108.22158	-065.5	1
-07.37390	 108.23320	-065.5	1
-07.37390	 108.24482	-065.0	1
-07.37390	 108.25644	-064.6	1
-07.37390	 108.26805	-065.1	1
-07.37390	 108.27968	-065.1	1
-07.37390	 108.29130	-065.1	1
-07.37390	 108.30292	-065.2	1
-07.37390	 108.31454	-065.4	1
-07.37390	 108.32616	-064.9	1
-07.37390	 108.33778	-064.4	1
-07.37390	 108.34940	-064.1	1
-07.37390	 108.36102	-062.9	1
-07.37390	 108.37263	-062.3	1
-07.37390	 108.38425	-062.3	1
-07.37390	 108.39587	-062.7	1
-07.37390	 108.40749	-063.0	1
-07.37390	 108.41911	-062.9	1
-07.38544	 106.35085	-037.1	1
-07.38544	 106.36246	-037.4	1
-07.38544	 106.37408	-037.4	1
-07.38544	 106.38570	-037.6	1
-07.38544	 106.39732	-037.0	1
-07.38544	 106.40894	-036.7	1
-07.38544	 106.42056	-036.1	1
-07.38544	 106.43217	-036.0	1
-07.38544	 106.44379	-035.8	1
-07.38544	 106.45541	-035.8	1
-07.38544	 106.46703	-036.3	1
-07.38544	 106.47865	-036.7	1
-07.38544	 106.49026	-036.7	1
-07.38544	 106.50189	-036.8	1
-07.38544	 106.51352	-036.3	1
-07.38544	 106.52513	-034.9	1
-07.38544	 106.53675	-033.8	1
-07.38544	 106.54837	-036.8	1
-07.38544	 106.56000	-037.0	1
-07.38544	 106.57161	-036.5	1
-07.38544	 106.58323	-038.0	1
-07.38544	 106.59485	-036.7	1
-07.38544	 106.60646	-036.6	1
-07.38544	 106.61809	-036.4	1
-07.38544	 106.62971	-037.6	1
-07.38544	 106.64133	-038.8	1
-07.38544	 106.65294	-039.6	1
-07.38544	 106.66457	-039.7	1
-07.38544	 106.67618	-039.3	1
-07.38544	 106.68781	-039.5	1
-07.38544	 106.69942	-038.5	1
-07.38544	 106.71104	-037.3	1
-07.38544	 106.72267	-037.9	1
-07.38544	 106.73428	-037.3	1
-07.38544	 106.74590	-036.8	1
-07.38544	 106.75753	-037.3	1
-07.38544	 106.76914	-038.0	1
-07.38544	 106.78075	-037.3	1
-07.38544	 106.79238	-036.9	1
-07.38544	 106.80400	-036.5	1
-07.38544	 106.81561	-037.0	1
-07.38544	 106.82723	-034.7	1
-07.38544	 106.83886	-033.1	1
-07.38544	 106.85048	-031.9	1
-07.38544	 106.86209	-031.0	1
-07.38544	 106.87372	-028.3	1
-07.38544	 106.88533	-029.6	1
-07.38544	 106.89696	-029.8	1
-07.38544	 106.90857	-028.7	1
-07.38544	 106.92020	-029.2	1
-07.38544	 106.93181	-028.6	1
-07.38544	 106.94344	-029.2	1
-07.38544	 106.95506	-030.6	1
-07.38544	 106.96667	-031.5	1
-07.38544	 106.97829	-031.6	1
-07.38544	 106.98991	-031.7	1
-07.38544	 107.00153	-031.5	1
-07.38544	 107.01315	-034.6	1
-07.38544	 107.02477	-036.0	1
-07.38544	 107.03639	-038.5	1
-07.38544	 107.04800	-038.9	1
-07.38544	 107.05962	-039.6	1
-07.38544	 107.07124	-037.8	1
-07.38544	 107.08287	-040.0	1
-07.38544	 107.09448	-042.0	1
-07.38544	 107.10610	-041.0	1
-07.38544	 107.11772	-042.1	1
-07.38544	 107.12935	-044.4	1
-07.38544	 107.14096	-045.2	1
-07.38544	 107.15258	-045.0	1
-07.38544	 107.16420	-043.1	1
-07.38544	 107.17583	-044.9	1
-07.38544	 107.18744	-042.8	1
-07.38544	 107.19906	-046.8	1
-07.38544	 107.21068	-045.1	1
-07.38544	 107.22231	-040.2	1
-07.38544	 107.23392	-043.2	1
-07.38544	 107.24554	-045.2	1
-07.38544	 107.25716	-044.4	1
-07.38544	 107.26878	-042.9	1
-07.38544	 107.28040	-040.0	1
-07.38544	 107.29202	-040.5	1
-07.38544	 107.30363	-042.5	1
-07.38544	 107.31525	-043.4	1
-07.38544	 107.32687	-042.4	1
-07.38544	 107.33849	-044.6	1
-07.38544	 107.35011	-049.3	1
-07.38544	 107.36174	-044.6	1
-07.38544	 107.37335	-046.1	1
-07.38544	 107.38497	-046.9	1
-07.38544	 107.39659	-049.3	1
-07.38544	 107.40822	-051.7	1
-07.38544	 107.41983	-048.4	1
-07.38544	 107.43145	-051.5	1
-07.38544	 107.44307	-051.0	1
-07.38544	 107.45469	-049.3	1
-07.38544	 107.46631	-053.8	1
-07.38544	 107.47794	-053.2	1
-07.38544	 107.48955	-052.5	1
-07.38544	 107.50117	-053.6	1
-07.38544	 107.51279	-052.1	1
-07.38544	 107.52441	-053.1	1
-07.38544	 107.53603	-052.7	1
-07.38544	 107.54765	-053.3	1
-07.38544	 107.55927	-055.9	1
-07.38544	 107.57088	-053.4	1
-07.38544	 107.58251	-052.3	1
-07.38544	 107.59413	-048.1	1
-07.38544	 107.60574	-047.5	1
-07.38544	 107.61736	-049.6	1
-07.38544	 107.62898	-052.3	1
-07.38544	 107.64061	-050.2	1
-07.38544	 107.65222	-051.7	1
-07.38544	 107.66384	-049.3	1
-07.38544	 107.67547	-049.3	1
-07.38544	 107.68709	-051.1	1
-07.38544	 107.69870	-050.3	1
-07.38544	 107.71033	-050.3	1
-07.38544	 107.72195	-051.7	1
-07.38544	 107.73357	-054.0	1
-07.38544	 107.74518	-054.3	1
-07.38544	 107.75681	-054.4	1
-07.38544	 107.76842	-054.2	1
-07.38544	 107.78004	-054.5	1
-07.38544	 107.79166	-055.7	1
-07.38544	 107.80328	-056.5	1
-07.38544	 107.81490	-056.8	1
-07.38544	 107.82652	-058.0	1
-07.38544	 107.83813	-057.5	1
-07.38544	 107.84975	-057.4	1
-07.38544	 107.86137	-058.1	1
-07.38544	 107.87300	-057.9	1
-07.38544	 107.88462	-057.1	1
-07.38544	 107.89624	-056.1	1
-07.38544	 107.90785	-053.6	1
-07.38544	 107.91948	-058.4	1
-07.38544	 107.93110	-053.8	1
-07.38544	 107.94272	-054.1	1
-07.38544	 107.95433	-056.7	1
-07.38544	 107.96596	-056.2	1
-07.38544	 107.97758	-055.3	1
-07.38544	 107.98919	-057.3	1
-07.38544	 108.00081	-058.8	1
-07.38544	 108.01243	-059.4	1
-07.38544	 108.02405	-059.1	1
-07.38544	 108.03568	-060.3	1
-07.38544	 108.04729	-060.1	1
-07.38544	 108.05891	-061.2	1
-07.38544	 108.07053	-061.3	1
-07.38544	 108.08215	-061.3	1
-07.38544	 108.09377	-062.3	1
-07.38544	 108.10538	-063.7	1
-07.38544	 108.11700	-064.3	1
-07.38544	 108.12862	-064.9	1
-07.38544	 108.14024	-065.5	1
-07.38544	 108.15186	-066.1	1
-07.38544	 108.16348	-066.2	1
-07.38544	 108.17510	-066.7	1
-07.38544	 108.18672	-066.8	1
-07.38544	 108.19834	-066.8	1
-07.38544	 108.20996	-066.4	1
-07.38544	 108.22158	-065.5	1
-07.38544	 108.23320	-065.2	1
-07.38544	 108.24482	-065.6	1
-07.38544	 108.25644	-065.5	1
-07.38544	 108.26806	-064.4	1
-07.38544	 108.27968	-065.3	1
-07.38544	 108.29131	-066.0	1
-07.38544	 108.30292	-065.7	1
-07.38544	 108.31453	-065.0	1
-07.38544	 108.32616	-066.0	1
-07.38544	 108.33777	-066.0	1
-07.38544	 108.34940	-064.6	1
-07.38544	 108.36101	-064.2	1
-07.38544	 108.37263	-064.0	1
-07.38544	 108.38425	-063.5	1
-07.38544	 108.39587	-063.2	1
-07.38544	 108.40749	-063.1	1
-07.38544	 108.41911	-063.4	1
-07.39698	 106.36246	-038.0	1
-07.39698	 106.37408	-037.5	1
-07.39698	 106.38569	-037.0	1
-07.39698	 106.39732	-036.6	1
-07.39698	 106.40894	-036.4	1
-07.39698	 106.42055	-036.2	1
-07.39698	 106.43217	-036.3	1
-07.39698	 106.44380	-036.4	1
-07.39698	 106.45541	-037.2	1
-07.39698	 106.46703	-037.0	1
-07.39698	 106.47865	-037.3	1
-07.39698	 106.49027	-037.6	1
-07.39698	 106.50189	-036.2	1
-07.39698	 106.51352	-036.2	1
-07.39698	 106.52513	-037.3	1
-07.39698	 106.53674	-037.5	1
-07.39698	 106.54837	-037.4	1
-07.39698	 106.56000	-037.5	1
-07.39698	 106.57160	-037.2	1
-07.39698	 106.58323	-037.8	1
-07.39698	 106.59485	-036.9	1
-07.39698	 106.60646	-037.2	1
-07.39698	 106.61809	-038.8	1
-07.39698	 106.62971	-039.5	1
-07.39698	 106.64133	-039.7	1
-07.39698	 106.65295	-039.9	1
-07.39698	 106.66457	-040.1	1
-07.39698	 106.67618	-040.0	1
-07.39698	 106.68781	-037.6	1
-07.39698	 106.69942	-038.3	1
-07.39698	 106.71104	-038.6	1
-07.39698	 106.72266	-037.8	1
-07.39698	 106.73428	-037.3	1
-07.39698	 106.74590	-037.9	1
-07.39698	 106.75752	-038.2	1
-07.39698	 106.76914	-037.6	1
-07.39698	 106.78075	-037.0	1
-07.39698	 106.79238	-036.5	1
-07.39698	 106.80400	-037.4	1
-07.39698	 106.81561	-035.1	1
-07.39698	 106.82723	-033.4	1
-07.39698	 106.83887	-032.7	1
-07.39698	 106.85048	-032.2	1
-07.39698	 106.86209	-029.8	1
-07.39698	 106.87372	-029.9	1
-07.39698	 106.88533	-029.9	1
-07.39698	 106.89696	-028.7	1
-07.39698	 106.90857	-030.0	1
-07.39698	 106.92020	-028.2	1
-07.39698	 106.93181	-028.8	1
-07.39698	 106.94344	-029.8	1
-07.39698	 106.95506	-031.0	1
-07.39698	 106.96667	-031.2	1
-07.39698	 106.97829	-031.7	1
-07.39698	 106.98991	-032.4	1
-07.39698	 107.00153	-032.3	1
-07.39698	 107.01315	-035.8	1
-07.39698	 107.02477	-037.8	1
-07.39698	 107.03639	-039.0	1
-07.39698	 107.04800	-040.5	1
-07.39698	 107.05962	-038.4	1
-07.39698	 107.07124	-039.5	1
-07.39698	 107.08287	-041.7	1
-07.39698	 107.09448	-042.4	1
-07.39698	 107.10610	-042.3	1
-07.39698	 107.11772	-043.3	1
-07.39698	 107.12935	-043.7	1
-07.39698	 107.14097	-044.6	1
-07.39698	 107.15258	-044.7	1
-07.39698	 107.16420	-044.4	1
-07.39698	 107.17583	-044.9	1
-07.39698	 107.18745	-047.7	1
-07.39698	 107.19906	-047.0	1
-07.39698	 107.21069	-045.6	1
-07.39698	 107.22231	-041.8	1
-07.39698	 107.23392	-044.3	1
-07.39698	 107.24554	-046.4	1
-07.39698	 107.25716	-044.7	1
-07.39698	 107.26878	-041.9	1
-07.39698	 107.28040	-041.8	1
-07.39698	 107.29202	-042.2	1
-07.39698	 107.30363	-042.0	1
-07.39698	 107.31526	-042.3	1
-07.39698	 107.32687	-043.9	1
-07.39698	 107.33849	-046.3	1
-07.39698	 107.35011	-048.6	1
-07.39698	 107.36174	-046.8	1
-07.39698	 107.37335	-047.9	1
-07.39698	 107.38497	-048.4	1
-07.39698	 107.39659	-049.8	1
-07.39698	 107.40822	-052.4	1
-07.39698	 107.41983	-052.7	1
-07.39698	 107.43145	-052.9	1
-07.39698	 107.44307	-052.6	1
-07.39698	 107.45469	-054.7	1
-07.39698	 107.46631	-055.9	1
-07.39698	 107.47794	-053.5	1
-07.39698	 107.48955	-050.4	1
-07.39698	 107.50117	-051.8	1
-07.39698	 107.51279	-052.8	1
-07.39698	 107.52441	-054.8	1
-07.39698	 107.53603	-054.4	1
-07.39698	 107.54765	-056.9	1
-07.39698	 107.55927	-056.5	1
-07.39698	 107.57088	-053.7	1
-07.39698	 107.58250	-051.8	1
-07.39698	 107.59412	-050.3	1
-07.39698	 107.60575	-051.5	1
-07.39698	 107.61736	-050.4	1
-07.39698	 107.62898	-054.3	1
-07.39698	 107.64061	-051.3	1
-07.39698	 107.65222	-053.5	1
-07.39698	 107.66383	-052.1	1
-07.39698	 107.67547	-050.5	1
-07.39698	 107.68709	-052.1	1
-07.39698	 107.69870	-051.9	1
-07.39698	 107.71033	-051.7	1
-07.39698	 107.72194	-052.0	1
-07.39698	 107.73357	-052.0	1
-07.39698	 107.74518	-053.1	1
-07.39698	 107.75681	-053.9	1
-07.39698	 107.76842	-054.6	1
-07.39698	 107.78004	-053.4	1
-07.39698	 107.79166	-055.0	1
-07.39698	 107.80328	-055.2	1
-07.39698	 107.81490	-056.2	1
-07.39698	 107.82652	-057.5	1
-07.39698	 107.83813	-058.8	1
-07.39698	 107.84976	-058.4	1
-07.39698	 107.86137	-059.6	1
-07.39698	 107.87300	-059.8	1
-07.39698	 107.88462	-059.2	1
-07.39698	 107.89622	-058.1	1
-07.39698	 107.90786	-058.6	1
-07.39698	 107.91948	-056.7	1
-07.39698	 107.93110	-057.2	1
-07.39698	 107.94271	-053.1	1
-07.39698	 107.95432	-058.2	1
-07.39698	 107.96596	-058.9	1
-07.39698	 107.97757	-058.5	1
-07.39698	 107.98918	-058.3	1
-07.39698	 108.00082	-057.5	1
-07.39698	 108.01243	-058.8	1
-07.39698	 108.02405	-059.4	1
-07.39698	 108.03568	-059.6	1
-07.39698	 108.04729	-060.8	1
-07.39698	 108.05890	-060.6	1
-07.39698	 108.07053	-061.9	1
-07.39698	 108.08215	-062.1	1
-07.39698	 108.09377	-062.5	1
-07.39698	 108.10538	-063.4	1
-07.39698	 108.11700	-064.4	1
-07.39698	 108.12863	-065.4	1
-07.39698	 108.14024	-065.4	1
-07.39698	 108.15186	-065.8	1
-07.39698	 108.16349	-066.2	1
-07.39698	 108.17510	-066.6	1
-07.39698	 108.18672	-066.7	1
-07.39698	 108.19835	-066.3	1
-07.39698	 108.20996	-066.8	1
-07.39698	 108.22158	-066.2	1
-07.39698	 108.23320	-065.6	1
-07.39698	 108.24481	-065.4	1
-07.39698	 108.25644	-065.5	1
-07.39698	 108.26805	-065.8	1
-07.39698	 108.27967	-065.3	1
-07.39698	 108.29130	-065.3	1
-07.39698	 108.30292	-065.3	1
-07.39698	 108.31453	-065.1	1
-07.39698	 108.32616	-065.6	1
-07.39698	 108.33778	-065.9	1
-07.39698	 108.34939	-066.4	1
-07.39698	 108.36101	-065.6	1
-07.39698	 108.37263	-065.1	1
-07.39698	 108.38425	-065.4	1
-07.39698	 108.39587	-064.9	1
-07.39698	 108.40749	-064.8	1
-07.40851	 106.36246	-037.2	1
-07.40851	 106.37408	-037.0	1
-07.40851	 106.38570	-037.0	1
-07.40851	 106.39732	-036.6	1
-07.40851	 106.40894	-036.7	1
-07.40851	 106.42056	-036.6	1
-07.40851	 106.43217	-037.3	1
-07.40851	 106.44379	-037.4	1
-07.40851	 106.45541	-037.3	1
-07.40851	 106.46703	-037.9	1
-07.40851	 106.47865	-037.2	1
-07.40851	 106.49027	-035.9	1
-07.40851	 106.50189	-035.1	1
-07.40851	 106.51351	-038.0	1
-07.40851	 106.52513	-038.1	1
-07.40851	 106.53675	-037.5	1
-07.40851	 106.54837	-038.7	1
-07.40851	 106.55999	-037.7	1
-07.40851	 106.57161	-038.1	1
-07.40851	 106.58323	-037.6	1
-07.40851	 106.59485	-038.2	1
-07.40851	 106.60646	-039.7	1
-07.40851	 106.61809	-039.5	1
-07.40851	 106.62971	-039.9	1
-07.40851	 106.64132	-040.2	1
-07.40851	 106.65295	-040.2	1
-07.40851	 106.66457	-040.2	1
-07.40851	 106.67619	-038.0	1
-07.40851	 106.68781	-039.1	1
-07.40851	 106.69942	-039.0	1
-07.40851	 106.71104	-038.0	1
-07.40851	 106.72266	-038.0	1
-07.40851	 106.73428	-038.4	1
-07.40851	 106.74590	-038.3	1
-07.40851	 106.75752	-038.0	1
-07.40851	 106.76914	-037.1	1
-07.40851	 106.78075	-037.1	1
-07.40851	 106.79238	-038.2	1
-07.40851	 106.80399	-035.9	1
-07.40851	 106.81562	-033.9	1
-07.40851	 106.82723	-033.0	1
-07.40851	 106.83885	-032.5	1
-07.40851	 106.85048	-030.3	1
-07.40851	 106.86209	-030.2	1
-07.40851	 106.87372	-030.3	1
-07.40851	 106.88533	-029.5	1
-07.40851	 106.89696	-030.2	1
-07.40851	 106.90857	-028.6	1
-07.40851	 106.92020	-029.2	1
-07.40851	 106.93181	-030.7	1
-07.40851	 106.94344	-031.3	1
-07.40851	 106.95505	-031.6	1
-07.40851	 106.96667	-033.9	1
-07.40851	 106.97829	-032.6	1
-07.40851	 106.98991	-032.8	1
-07.40851	 107.00153	-036.0	1
-07.40851	 107.01315	-038.3	1
-07.40851	 107.02477	-039.2	1
-07.40851	 107.03639	-039.6	1
-07.40851	 107.04800	-037.6	1
-07.40851	 107.05962	-039.8	1
-07.40851	 107.07124	-040.9	1
-07.40851	 107.08287	-042.2	1
-07.40851	 107.09449	-042.4	1
-07.40851	 107.10610	-044.0	1
-07.40851	 107.11773	-044.6	1
-07.40851	 107.12935	-044.4	1
-07.40851	 107.14097	-045.0	1
-07.40851	 107.15257	-044.9	1
-07.40851	 107.16420	-045.2	1
-07.40851	 107.17583	-044.9	1
-07.40851	 107.18744	-048.0	1
-07.40851	 107.19906	-047.1	1
-07.40851	 107.21068	-042.3	1
-07.40851	 107.22231	-044.5	1
-07.40851	 107.23392	-046.0	1
-07.40851	 107.24554	-045.9	1
-07.40851	 107.25716	-045.1	1
-07.40851	 107.26878	-043.0	1
-07.40851	 107.28040	-041.7	1
-07.40851	 107.29202	-043.7	1
-07.40851	 107.30363	-042.7	1
-07.40851	 107.31526	-043.5	1
-07.40851	 107.32687	-044.6	1
-07.40851	 107.33849	-047.4	1
-07.40851	 107.35011	-049.6	1
-07.40851	 107.36174	-048.8	1
-07.40851	 107.37335	-050.4	1
-07.40851	 107.38497	-047.6	1
-07.40851	 107.39659	-051.3	1
-07.40851	 107.40822	-051.8	1
-07.40851	 107.41983	-052.4	1
-07.40851	 107.43145	-054.9	1
-07.40851	 107.44307	-055.3	1
-07.40851	 107.45469	-056.4	1
-07.40851	 107.46631	-055.5	1
-07.40851	 107.47794	-053.3	1
-07.40851	 107.48955	-051.9	1
-07.40851	 107.50117	-052.4	1
-07.40851	 107.51279	-054.4	1
-07.40851	 107.52441	-055.8	1
-07.40851	 107.53603	-056.8	1
-07.40851	 107.54765	-057.6	1
-07.40851	 107.55927	-054.3	1
-07.40851	 107.57088	-054.7	1
-07.40851	 107.58251	-053.0	1
-07.40851	 107.59412	-053.4	1
-07.40851	 107.60575	-054.1	1
-07.40851	 107.61736	-054.5	1
-07.40851	 107.62899	-054.1	1
-07.40851	 107.64060	-054.0	1
-07.40851	 107.65222	-057.8	1
-07.40851	 107.66384	-054.1	1
-07.40851	 107.67547	-053.3	1
-07.40851	 107.68708	-054.4	1
-07.40851	 107.69870	-051.7	1
-07.40851	 107.71033	-053.3	1
-07.40851	 107.72195	-052.8	1
-07.40851	 107.73356	-052.7	1
-07.40851	 107.74518	-052.6	1
-07.40851	 107.75680	-053.2	1
-07.40851	 107.76842	-054.6	1
-07.40851	 107.78004	-056.0	1
-07.40851	 107.79166	-053.8	1
-07.40851	 107.80328	-056.3	1
-07.40851	 107.81490	-056.9	1
-07.40851	 107.82652	-057.8	1
-07.40851	 107.83814	-059.9	1
-07.40851	 107.84975	-059.9	1
-07.40851	 107.86137	-060.2	1
-07.40851	 107.87299	-060.3	1
-07.40851	 107.88461	-059.7	1
-07.40851	 107.89623	-059.7	1
-07.40851	 107.90785	-059.1	1
-07.40851	 107.91947	-058.6	1
-07.40851	 107.93109	-057.1	1
-07.40851	 107.94271	-059.5	1
-07.40851	 107.95433	-058.9	1
-07.40851	 107.96595	-059.5	1
-07.40851	 107.97757	-060.4	1
-07.40851	 107.98919	-060.1	1
-07.40851	 108.00082	-059.5	1
-07.40851	 108.01243	-060.0	1
-07.40851	 108.02405	-059.3	1
-07.40851	 108.03568	-060.0	1
-07.40851	 108.04729	-061.2	1
-07.40851	 108.05891	-061.5	1
-07.40851	 108.07052	-062.1	1
-07.40851	 108.08215	-062.2	1
-07.40851	 108.09377	-063.0	1
-07.40851	 108.10538	-062.9	1
-07.40851	 108.11700	-063.9	1
-07.40851	 108.12862	-065.2	1
-07.40851	 108.14024	-065.7	1
-07.40851	 108.15186	-066.0	1
-07.40851	 108.16348	-065.7	1
-07.40851	 108.17510	-066.5	1
-07.40851	 108.18672	-067.0	1
-07.40851	 108.19835	-067.0	1
-07.40851	 108.20996	-066.9	1
-07.40851	 108.22158	-066.9	1
-07.40851	 108.23320	-066.5	1
-07.40851	 108.24483	-065.9	1
-07.40851	 108.25644	-065.5	1
-07.40851	 108.26806	-065.4	1
-07.40851	 108.27967	-066.0	1
-07.40851	 108.29130	-065.7	1
-07.40851	 108.30291	-064.4	1
-07.40851	 108.31453	-064.0	1
-07.40851	 108.32616	-065.9	1
-07.40851	 108.33778	-065.7	1
-07.40851	 108.34940	-066.0	1
-07.40851	 108.36101	-066.0	1
-07.40851	 108.37263	-066.2	1
-07.40851	 108.38425	-065.9	1
-07.40851	 108.39587	-065.4	1
-07.40851	 108.40749	-065.3	1
-07.42005	 106.37408	-036.9	1
-07.42005	 106.38569	-036.9	1
-07.42005	 106.39732	-036.6	1
-07.42005	 106.40894	-037.4	1
-07.42005	 106.42056	-038.0	1
-07.42005	 106.43217	-037.7	1
-07.42005	 106.44380	-038.2	1
-07.42005	 106.45541	-038.0	1
-07.42005	 106.46703	-036.9	1
-07.42005	 106.47865	-037.1	1
-07.42005	 106.49027	-038.2	1
-07.42005	 106.50189	-038.4	1
-07.42005	 106.51351	-038.4	1
-07.42005	 106.52513	-038.1	1
-07.42005	 106.53674	-038.1	1
-07.42005	 106.54837	-038.8	1
-07.42005	 106.56000	-037.7	1
-07.42005	 106.57160	-038.0	1
-07.42005	 106.58323	-039.5	1
-07.42005	 106.59485	-040.6	1
-07.42005	 106.60646	-040.6	1
-07.42005	 106.61809	-040.9	1
-07.42005	 106.62971	-040.7	1
-07.42005	 106.64133	-040.7	1
-07.42005	 106.65294	-040.3	1
-07.42005	 106.66457	-038.6	1
-07.42005	 106.67619	-039.6	1
-07.42005	 106.68781	-039.3	1
-07.42005	 106.69942	-038.2	1
-07.42005	 106.71104	-038.4	1
-07.42005	 106.72267	-038.8	1
-07.42005	 106.73428	-038.6	1
-07.42005	 106.74590	-038.0	1
-07.42005	 106.75752	-037.0	1
-07.42005	 106.76913	-037.1	1
-07.42005	 106.78075	-037.8	1
-07.42005	 106.79237	-036.6	1
-07.42005	 106.80400	-034.6	1
-07.42005	 106.81561	-033.7	1
-07.42005	 106.82723	-032.5	1
-07.42005	 106.83886	-030.9	1
-07.42005	 106.85048	-030.9	1
-07.42005	 106.86210	-031.0	1
-07.42005	 106.87372	-030.4	1
-07.42005	 106.88533	-030.6	1
-07.42005	 106.89696	-031.5	1
-07.42005	 106.90857	-030.0	1
-07.42005	 106.92020	-030.9	1
-07.42005	 106.93181	-031.7	1
-07.42005	 106.94344	-032.2	1
-07.42005	 106.95506	-034.6	1
-07.42005	 106.96667	-033.0	1
-07.42005	 106.97829	-033.2	1
-07.42005	 106.98991	-036.3	1
-07.42005	 107.00153	-038.4	1
-07.42005	 107.01314	-039.8	1
-07.42005	 107.02477	-040.0	1
-07.42005	 107.03639	-040.7	1
-07.42005	 107.04800	-038.9	1
-07.42005	 107.05962	-040.4	1
-07.42005	 107.07124	-042.1	1
-07.42005	 107.08287	-042.1	1
-07.42005	 107.09448	-043.7	1
-07.42005	 107.10610	-044.1	1
-07.42005	 107.11772	-044.9	1
-07.42005	 107.12935	-044.7	1
-07.42005	 107.14096	-046.1	1
-07.42005	 107.15258	-045.7	1
-07.42005	 107.16420	-045.8	1
-07.42005	 107.17583	-045.2	1
-07.42005	 107.18744	-048.3	1
-07.42005	 107.19905	-047.4	1
-07.42005	 107.21068	-044.1	1
-07.42005	 107.22231	-045.5	1
-07.42005	 107.23392	-046.1	1
-07.42005	 107.24554	-045.7	1
-07.42005	 107.25716	-044.3	1
-07.42005	 107.26878	-044.0	1
-07.42005	 107.28040	-042.8	1
-07.42005	 107.29202	-044.4	1
-07.42005	 107.30363	-044.4	1
-07.42005	 107.31526	-045.2	1
-07.42005	 107.32687	-045.8	1
-07.42005	 107.33849	-047.6	1
-07.42005	 107.35012	-050.8	1
-07.42005	 107.36174	-050.0	1
-07.42005	 107.37335	-051.2	1
-07.42005	 107.38497	-049.3	1
-07.42005	 107.39659	-051.2	1
-07.42005	 107.40822	-053.9	1
-07.42005	 107.41984	-053.9	1
-07.42005	 107.43145	-055.8	1
-07.42005	 107.44307	-055.5	1
-07.42005	 107.45469	-055.2	1
-07.42005	 107.46631	-054.0	1
-07.42005	 107.47794	-051.8	1
-07.42005	 107.48955	-053.1	1
-07.42005	 107.50117	-055.0	1
-07.42005	 107.51279	-056.3	1
-07.42005	 107.52441	-056.9	1
-07.42005	 107.53603	-055.5	1
-07.42005	 107.54765	-055.1	1
-07.42005	 107.55927	-057.2	1
-07.42005	 107.57088	-055.1	1
-07.42005	 107.58250	-056.9	1
-07.42005	 107.59412	-057.3	1
-07.42005	 107.60574	-056.1	1
-07.42005	 107.61736	-056.9	1
-07.42005	 107.62898	-055.0	1
-07.42005	 107.64060	-054.9	1
-07.42005	 107.65222	-059.3	1
-07.42005	 107.66383	-056.9	1
-07.42005	 107.67547	-056.8	1
-07.42005	 107.68709	-055.8	1
-07.42005	 107.69870	-053.4	1
-07.42005	 107.71033	-053.7	1
-07.42005	 107.72194	-053.3	1
-07.42005	 107.73356	-053.0	1
-07.42005	 107.74518	-053.2	1
-07.42005	 107.75680	-053.5	1
-07.42005	 107.76842	-055.7	1
-07.42005	 107.78004	-057.5	1
-07.42005	 107.79166	-056.7	1
-07.42005	 107.80328	-057.3	1
-07.42005	 107.81490	-058.8	1
-07.42005	 107.82651	-059.7	1
-07.42005	 107.83813	-060.1	1
-07.42005	 107.84975	-062.2	1
-07.42005	 107.86137	-062.2	1
-07.42005	 107.87300	-061.1	1
-07.42005	 107.88461	-061.2	1
-07.42005	 107.89622	-060.3	1
-07.42005	 107.90785	-060.2	1
-07.42005	 107.91948	-059.2	1
-07.42005	 107.93110	-058.6	1
-07.42005	 107.94271	-055.3	1
-07.42005	 107.95433	-061.0	1
-07.42005	 107.96596	-059.4	1
-07.42005	 107.97757	-057.7	1
-07.42005	 107.98918	-060.2	1
-07.42005	 108.00081	-060.0	1
-07.42005	 108.01243	-060.3	1
-07.42005	 108.02405	-061.3	1
-07.42005	 108.03567	-061.1	1
-07.42005	 108.04729	-061.5	1
-07.42005	 108.05891	-062.2	1
-07.42005	 108.07053	-062.4	1
-07.42005	 108.08215	-062.4	1
-07.42005	 108.09377	-062.3	1
-07.42005	 108.10538	-063.1	1
-07.42005	 108.11700	-063.5	1
-07.42005	 108.12863	-064.4	1
-07.42005	 108.14024	-065.5	1
-07.42005	 108.15186	-066.1	1
-07.42005	 108.16348	-066.5	1
-07.42005	 108.17509	-066.4	1
-07.42005	 108.18671	-066.9	1
-07.42005	 108.19835	-067.1	1
-07.42005	 108.20996	-066.8	1
-07.42005	 108.22158	-067.0	1
-07.42005	 108.23320	-066.9	1
-07.42005	 108.24482	-066.8	1
-07.42005	 108.25644	-066.3	1
-07.42005	 108.26807	-065.8	1
-07.42005	 108.27968	-065.8	1
-07.42005	 108.29131	-065.5	1
-07.42005	 108.30292	-065.2	1
-07.42005	 108.31453	-064.3	1
-07.42005	 108.32616	-064.3	1
-07.42005	 108.33778	-066.1	1
-07.42005	 108.34940	-066.3	1
-07.42005	 108.36101	-065.8	1
-07.42005	 108.37263	-065.6	1
-07.42005	 108.38425	-066.5	1
-07.42005	 108.39587	-066.7	1
-07.43159	 106.38570	-037.2	1
-07.43159	 106.39732	-038.3	1
-07.43159	 106.40894	-038.2	1
-07.43159	 106.42056	-038.2	1
-07.43159	 106.43217	-038.7	1
-07.43159	 106.44380	-037.8	1
-07.43159	 106.45541	-037.1	1
-07.43159	 106.46704	-035.8	1
-07.43159	 106.47865	-038.5	1
-07.43159	 106.49027	-038.7	1
-07.43159	 106.50188	-038.0	1
-07.43159	 106.51352	-039.2	1
-07.43159	 106.52513	-038.5	1
-07.43159	 106.53675	-039.2	1
-07.43159	 106.54836	-038.2	1
-07.43159	 106.56000	-038.6	1
-07.43159	 106.57160	-040.1	1
-07.43159	 106.58323	-040.7	1
-07.43159	 106.59484	-040.9	1
-07.43159	 106.60646	-041.2	1
-07.43159	 106.61809	-040.7	1
-07.43159	 106.62971	-040.9	1
-07.43159	 106.64133	-040.0	1
-07.43159	 106.65294	-039.1	1
-07.43159	 106.66457	-039.8	1
-07.43159	 106.67619	-039.3	1
-07.43159	 106.68781	-038.4	1
-07.43159	 106.69942	-038.6	1
-07.43159	 106.71105	-039.2	1
-07.43159	 106.72266	-038.9	1
-07.43159	 106.73428	-038.2	1
-07.43159	 106.74590	-037.6	1
-07.43159	 106.75753	-037.6	1
-07.43159	 106.76913	-038.2	1
-07.43159	 106.78075	-036.9	1
-07.43159	 106.79237	-035.0	1
-07.43159	 106.80400	-034.1	1
-07.43159	 106.81561	-033.1	1
-07.43159	 106.82723	-031.6	1
-07.43159	 106.83885	-031.5	1
-07.43159	 106.85048	-031.7	1
-07.43159	 106.86210	-031.2	1
-07.43159	 106.87372	-031.0	1
-07.43159	 106.88533	-031.7	1
-07.43159	 106.89696	-030.3	1
-07.43159	 106.90857	-030.8	1
-07.43159	 106.92020	-031.9	1
-07.43159	 106.93182	-032.6	1
-07.43159	 106.94344	-032.7	1
-07.43159	 106.95506	-033.2	1
-07.43159	 106.96667	-033.7	1
-07.43159	 106.97829	-034.2	1
-07.43159	 106.98991	-038.0	1
-07.43159	 107.00153	-040.5	1
-07.43159	 107.01315	-040.4	1
-07.43159	 107.02477	-040.6	1
-07.43159	 107.03639	-038.5	1
-07.43159	 107.04800	-040.3	1
-07.43159	 107.05962	-041.3	1
-07.43159	 107.07124	-042.9	1
-07.43159	 107.08287	-043.1	1
-07.43159	 107.09448	-044.2	1
-07.43159	 107.10610	-045.1	1
-07.43159	 107.11772	-045.5	1
-07.43159	 107.12935	-045.7	1
-07.43159	 107.14096	-045.9	1
-07.43159	 107.15257	-045.6	1
-07.43159	 107.16420	-045.2	1
-07.43159	 107.17583	-049.3	1
-07.43159	 107.18744	-048.7	1
-07.43159	 107.19906	-047.9	1
-07.43159	 107.21069	-044.6	1
-07.43159	 107.22231	-045.3	1
-07.43159	 107.23392	-046.6	1
-07.43159	 107.24554	-046.4	1
-07.43159	 107.25716	-045.0	1
-07.43159	 107.26878	-044.3	1
-07.43159	 107.28040	-043.8	1
-07.43159	 107.29201	-044.0	1
-07.43159	 107.30363	-045.2	1
-07.43159	 107.31526	-046.6	1
-07.43159	 107.32687	-046.9	1
-07.43159	 107.33849	-048.6	1
-07.43159	 107.35011	-050.7	1
-07.43159	 107.36174	-050.7	1
-07.43159	 107.37335	-051.8	1
-07.43159	 107.38497	-049.7	1
-07.43159	 107.39659	-052.0	1
-07.43159	 107.40822	-054.1	1
-07.43159	 107.41984	-054.5	1
-07.43159	 107.43145	-056.0	1
-07.43159	 107.44307	-054.4	1
-07.43159	 107.45469	-054.9	1
-07.43159	 107.46631	-055.4	1
-07.43159	 107.47794	-054.1	1
-07.43159	 107.48955	-055.1	1
-07.43159	 107.50117	-056.7	1
-07.43159	 107.51279	-055.9	1
-07.43159	 107.52441	-055.7	1
-07.43159	 107.53603	-055.1	1
-07.43159	 107.54765	-057.5	1
-07.43159	 107.55927	-057.1	1
-07.43159	 107.57088	-056.6	1
-07.43159	 107.58250	-058.5	1
-07.43159	 107.59412	-059.4	1
-07.43159	 107.60574	-058.3	1
-07.43159	 107.61736	-057.4	1
-07.43159	 107.62898	-055.6	1
-07.43159	 107.64061	-056.3	1
-07.43159	 107.65222	-060.9	1
-07.43159	 107.66384	-057.9	1
-07.43159	 107.67546	-059.1	1
-07.43159	 107.68709	-055.4	1
-07.43159	 107.69870	-055.4	1
-07.43159	 107.71033	-055.5	1
-07.43159	 107.72194	-055.9	1
-07.43159	 107.73356	-054.1	1
-07.43159	 107.74518	-053.7	1
-07.43159	 107.75681	-056.7	1
-07.43159	 107.76842	-055.1	1
-07.43159	 107.78004	-056.8	1
-07.43159	 107.79166	-057.6	1
-07.43159	 107.80327	-058.0	1
-07.43159	 107.81490	-060.0	1
-07.43159	 107.82652	-060.2	1
-07.43159	 107.83813	-060.3	1
-07.43159	 107.84976	-061.3	1
-07.43159	 107.86137	-061.4	1
-07.43159	 107.87300	-061.5	1
-07.43159	 107.88461	-062.2	1
-07.43159	 107.89624	-062.1	1
-07.43159	 107.90785	-060.8	1
-07.43159	 107.91948	-059.3	1
-07.43159	 107.93109	-057.9	1
-07.43159	 107.94270	-057.4	1
-07.43159	 107.95433	-059.0	1
-07.43159	 107.96595	-062.6	1
-07.43159	 107.97757	-059.9	1
-07.43159	 107.98918	-060.1	1
-07.43159	 108.00082	-061.7	1
-07.43159	 108.01244	-062.0	1
-07.43159	 108.02405	-061.0	1
-07.43159	 108.03568	-062.1	1
-07.43159	 108.04729	-062.0	1
-07.43159	 108.05891	-061.8	1
-07.43159	 108.07052	-062.9	1
-07.43159	 108.08215	-062.8	1
-07.43159	 108.09377	-063.0	1
-07.43159	 108.10538	-062.5	1
-07.43159	 108.11700	-063.4	1
-07.43159	 108.12862	-063.1	1
-07.43159	 108.14024	-064.5	1
-07.43159	 108.15186	-064.9	1
-07.43159	 108.16349	-065.4	1
-07.43159	 108.17510	-066.7	1
-07.43159	 108.18671	-067.1	1
-07.43159	 108.19833	-067.0	1
-07.43159	 108.20996	-066.7	1
-07.43159	 108.22158	-066.9	1
-07.43159	 108.23320	-067.0	1
-07.43159	 108.24483	-066.5	1
-07.43159	 108.25644	-066.9	1
-07.43159	 108.26806	-067.0	1
-07.43159	 108.27967	-065.9	1
-07.43159	 108.29131	-065.0	1
-07.43159	 108.30293	-064.2	1
-07.43159	 108.31454	-063.4	1
-07.43159	 108.32616	-064.7	1
-07.43159	 108.33777	-065.0	1
-07.43159	 108.34940	-065.4	1
-07.43159	 108.36101	-066.8	1
-07.43159	 108.37263	-066.4	1
-07.43159	 108.38425	-066.3	1
-07.43159	 108.39587	-066.6	1
-07.44312	 106.38570	-038.5	1
-07.44312	 106.39732	-038.3	1
-07.44312	 106.40894	-038.9	1
-07.44312	 106.42056	-038.6	1
-07.44312	 106.43217	-037.4	1
-07.44312	 106.44379	-037.9	1
-07.44312	 106.45541	-038.9	1
-07.44312	 106.46703	-039.0	1
-07.44312	 106.47865	-039.1	1
-07.44313	 106.49027	-038.6	1
-07.44312	 106.50189	-039.7	1
-07.44312	 106.51351	-039.4	1
-07.44312	 106.52513	-039.0	1
-07.44312	 106.53674	-038.8	1
-07.44312	 106.54837	-039.5	1
-07.44312	 106.56000	-040.8	1
-07.44312	 106.57161	-040.9	1
-07.44312	 106.58323	-041.1	1
-07.44312	 106.59485	-041.3	1
-07.44312	 106.60646	-041.1	1
-07.44312	 106.61809	-041.1	1
-07.44312	 106.62971	-039.9	1
-07.44312	 106.64133	-039.3	1
-07.44312	 106.65294	-040.1	1
-07.44312	 106.66457	-039.3	1
-07.44312	 106.67619	-038.4	1
-07.44312	 106.68781	-038.7	1
-07.44312	 106.69942	-039.3	1
-07.44312	 106.71104	-038.9	1
-07.44312	 106.72267	-038.5	1
-07.44312	 106.73428	-037.8	1
-07.44312	 106.74590	-038.0	1
-07.44312	 106.75752	-038.4	1
-07.44312	 106.76913	-037.1	1
-07.44312	 106.78075	-035.4	1
-07.44312	 106.79239	-034.3	1
-07.44312	 106.80400	-033.4	1
-07.44312	 106.81561	-032.0	1
-07.44312	 106.82723	-029.9	1
-07.44312	 106.83886	-032.1	1
-07.44312	 106.85048	-031.7	1
-07.44312	 106.86209	-031.2	1
-07.44312	 106.87372	-031.7	1
-07.44312	 106.88533	-030.5	1
-07.44312	 106.89696	-031.1	1
-07.44312	 106.90858	-032.2	1
-07.44312	 106.92019	-033.0	1
-07.44312	 106.93181	-033.1	1
-07.44312	 106.94344	-033.5	1
-07.44312	 106.95506	-034.3	1
-07.44312	 106.96667	-034.3	1
-07.44312	 106.97829	-037.7	1
-07.44312	 106.98991	-040.1	1
-07.44312	 107.00153	-040.6	1
-07.44312	 107.01315	-041.0	1
-07.44312	 107.02477	-041.8	1
-07.44312	 107.03639	-039.9	1
-07.44312	 107.04800	-041.1	1
-07.44312	 107.05963	-042.5	1
-07.44312	 107.07124	-043.2	1
-07.44313	 107.08287	-043.8	1
-07.44312	 107.09448	-044.8	1
-07.44312	 107.10610	-045.7	1
-07.44312	 107.11772	-046.3	1
-07.44312	 107.12935	-046.3	1
-07.44312	 107.14096	-046.0	1
-07.44312	 107.15258	-045.5	1
-07.44312	 107.16420	-045.5	1
-07.44312	 107.17583	-049.4	1
-07.44312	 107.18744	-048.7	1
-07.44312	 107.19906	-044.0	1
-07.44312	 107.21068	-045.2	1
-07.44312	 107.22231	-046.2	1
-07.44312	 107.23392	-047.0	1
-07.44312	 107.24553	-046.3	1
-07.44312	 107.25716	-045.5	1
-07.44312	 107.26878	-045.2	1
-07.44312	 107.28040	-045.1	1
-07.44312	 107.29202	-045.0	1
-07.44312	 107.30364	-046.0	1
-07.44312	 107.31526	-047.4	1
-07.44312	 107.32687	-048.1	1
-07.44312	 107.33850	-050.0	1
-07.44312	 107.35012	-051.9	1
-07.44312	 107.36174	-051.0	1
-07.44312	 107.37335	-052.6	1
-07.44312	 107.38497	-051.2	1
-07.44312	 107.39659	-052.5	1
-07.44312	 107.40822	-055.5	1
-07.44312	 107.41983	-055.1	1
-07.44312	 107.43145	-055.8	1
-07.44312	 107.44307	-054.6	1
-07.44312	 107.45469	-056.5	1
-07.44312	 107.46632	-055.5	1
-07.44312	 107.47794	-054.9	1
-07.44312	 107.48955	-055.9	1
-07.44312	 107.50117	-055.9	1
-07.44312	 107.51279	-055.4	1
-07.44312	 107.52441	-056.1	1
-07.44312	 107.53603	-056.7	1
-07.44312	 107.54765	-057.3	1
-07.44313	 107.55927	-058.3	1
-07.44312	 107.57088	-058.7	1
-07.44312	 107.58250	-059.8	1
-07.44312	 107.59412	-060.4	1
-07.44312	 107.60575	-060.1	1
-07.44312	 107.61736	-057.7	1
-07.44312	 107.62899	-055.1	1
-07.44312	 107.64061	-055.8	1
-07.44312	 107.65222	-061.2	1
-07.44312	 107.66385	-060.0	1
-07.44312	 107.67546	-061.5	1
-07.44312	 107.68708	-056.3	1
-07.44312	 107.69870	-056.7	1
-07.44313	 107.71033	-057.7	1
-07.44312	 107.72194	-057.0	1
-07.44312	 107.73356	-055.8	1
-07.44312	 107.74518	-056.7	1
-07.44312	 107.75681	-057.5	1
-07.44312	 107.76842	-058.6	1
-07.44312	 107.78003	-056.2	1
-07.44312	 107.79166	-056.8	1
-07.44312	 107.80328	-059.0	1
-07.44312	 107.81490	-060.2	1
-07.44312	 107.82652	-061.1	1
-07.44312	 107.83814	-060.9	1
-07.44313	 107.84976	-061.8	1
-07.44312	 107.86137	-063.4	1
-07.44312	 107.87300	-062.7	1
-07.44312	 107.88461	-062.8	1
-07.44312	 107.89622	-062.9	1
-07.44312	 107.90785	-062.1	1
-07.44312	 107.91947	-061.0	1
-07.44312	 107.93109	-059.4	1
-07.44312	 107.94270	-058.8	1
-07.44312	 107.95433	-058.8	1
-07.44312	 107.96596	-061.4	1
-07.44312	 107.97757	-064.0	1
-07.44312	 107.98918	-063.1	1
-07.44312	 108.00082	-061.3	1
-07.44312	 108.01243	-062.3	1
-07.44312	 108.02405	-063.9	1
-07.44312	 108.03568	-062.0	1
-07.44312	 108.04729	-062.4	1
-07.44312	 108.05891	-062.7	1
-07.44312	 108.07053	-062.8	1
-07.44312	 108.08215	-064.2	1
-07.44312	 108.09377	-062.7	1
-07.44312	 108.10539	-064.1	1
-07.44312	 108.11700	-063.4	1
-07.44312	 108.12862	-064.4	1
-07.44313	 108.14024	-064.1	1
-07.44312	 108.15186	-064.6	1
-07.44312	 108.16349	-064.9	1
-07.44312	 108.17511	-066.3	1
-07.44312	 108.18672	-067.1	1
-07.44312	 108.19835	-067.1	1
-07.44312	 108.20996	-067.3	1
-07.44312	 108.22157	-066.7	1
-07.44312	 108.23319	-066.7	1
-07.44312	 108.24482	-066.6	1
-07.44312	 108.25644	-067.0	1
-07.44312	 108.26805	-067.0	1
-07.44312	 108.27968	-066.7	1
-07.44312	 108.29130	-066.2	1
-07.44312	 108.30292	-064.3	1
-07.44313	 108.31454	-064.1	1
-07.44312	 108.32616	-064.0	1
-07.44312	 108.33777	-065.7	1
-07.44312	 108.34940	-065.8	1
-07.44312	 108.36101	-065.9	1
-07.44313	 108.37263	-066.5	1
-07.44312	 108.38425	-066.5	1
-07.45466	 106.39732	-038.8	1
-07.45466	 106.40894	-038.3	1
-07.45466	 106.42056	-037.7	1
-07.45466	 106.43217	-036.7	1
-07.45466	 106.44380	-039.2	1
-07.45466	 106.45541	-039.3	1
-07.45466	 106.46703	-039.3	1
-07.45466	 106.47865	-039.7	1
-07.45466	 106.49027	-039.1	1
-07.45466	 106.50189	-040.0	1
-07.45466	 106.51351	-038.9	1
-07.45466	 106.52513	-038.9	1
-07.45466	 106.53675	-040.4	1
-07.45466	 106.54837	-041.2	1
-07.45466	 106.55999	-041.3	1
-07.45466	 106.57160	-041.6	1
-07.45466	 106.58323	-041.4	1
-07.45466	 106.59485	-041.2	1
-07.45466	 106.60646	-041.1	1
-07.45466	 106.61809	-038.9	1
-07.45466	 106.62971	-039.8	1
-07.45466	 106.64133	-040.0	1
-07.45466	 106.65295	-039.3	1
-07.45466	 106.66457	-038.5	1
-07.45466	 106.67619	-039.1	1
-07.45466	 106.68781	-039.4	1
-07.45466	 106.69942	-039.0	1
-07.45466	 106.71104	-038.6	1
-07.45466	 106.72266	-037.9	1
-07.45466	 106.73428	-038.3	1
-07.45466	 106.74590	-038.7	1
-07.45466	 106.75752	-037.4	1
-07.45466	 106.76913	-035.6	1
-07.45466	 106.78075	-034.5	1
-07.45466	 106.79238	-033.7	1
-07.45466	 106.80399	-032.4	1
-07.45466	 106.81561	-030.6	1
-07.45466	 106.82723	-032.3	1
-07.45466	 106.83886	-032.3	1
-07.45466	 106.85048	-031.4	1
-07.45466	 106.86209	-032.0	1
-07.45466	 106.87372	-030.6	1
-07.45466	 106.88533	-031.3	1
-07.45466	 106.89696	-032.3	1
-07.45466	 106.90857	-033.0	1
-07.45466	 106.92020	-033.4	1
-07.45466	 106.93181	-035.8	1
-07.45466	 106.94344	-034.2	1
-07.45466	 106.95505	-034.5	1
-07.45466	 106.96667	-037.6	1
-07.45466	 106.97829	-039.4	1
-07.45466	 106.98991	-040.9	1
-07.45466	 107.00153	-041.0	1
-07.45466	 107.01315	-041.6	1
-07.45466	 107.02477	-039.3	1
-07.45466	 107.03639	-041.2	1
-07.45466	 107.04800	-041.8	1
-07.45466	 107.05962	-043.1	1
-07.45466	 107.07125	-043.4	1
-07.45466	 107.08287	-044.6	1
-07.45466	 107.09448	-045.4	1
-07.45466	 107.10610	-046.2	1
-07.45466	 107.11772	-046.0	1
-07.45466	 107.12935	-046.4	1
-07.45466	 107.14096	-046.0	1
-07.45466	 107.15258	-045.9	1
-07.45466	 107.16420	-045.6	1
-07.45466	 107.17583	-049.7	1
-07.45466	 107.18744	-048.8	1
-07.45466	 107.19907	-044.8	1
-07.45466	 107.21068	-046.0	1
-07.45466	 107.22231	-047.0	1
-07.45466	 107.23392	-047.4	1
-07.45466	 107.24554	-046.5	1
-07.45466	 107.25716	-045.7	1
-07.45466	 107.26878	-045.4	1
-07.45466	 107.28040	-045.2	1
-07.45466	 107.29202	-046.1	1
-07.45466	 107.30363	-046.8	1
-07.45466	 107.31526	-048.1	1
-07.45466	 107.32687	-049.7	1
-07.45466	 107.33849	-050.6	1
-07.45466	 107.35011	-051.9	1
-07.45466	 107.36174	-051.8	1
-07.45466	 107.37335	-052.8	1
-07.45466	 107.38497	-051.2	1
-07.45466	 107.39659	-053.1	1
-07.45466	 107.40822	-055.8	1
-07.45466	 107.41983	-056.5	1
-07.45466	 107.43145	-055.5	1
-07.45466	 107.44308	-056.2	1
-07.45466	 107.45469	-055.7	1
-07.45466	 107.46631	-056.1	1
-07.45466	 107.47794	-057.5	1
-07.45466	 107.48956	-055.0	1
-07.45466	 107.50117	-056.7	1
-07.45466	 107.51279	-056.7	1
-07.45466	 107.52441	-057.5	1
-07.45466	 107.53603	-058.4	1
-07.45466	 107.54765	-057.8	1
-07.45466	 107.55927	-058.6	1
-07.45466	 107.57088	-059.5	1
-07.45466	 107.58250	-060.4	1
-07.45466	 107.59412	-060.4	1
-07.45466	 107.60574	-060.9	1
-07.45466	 107.61736	-059.5	1
-07.45466	 107.62898	-057.6	1
-07.45466	 107.64061	-057.4	1
-07.45466	 107.65222	-062.1	1
-07.45466	 107.66383	-062.7	1
-07.45466	 107.67546	-061.0	1
-07.45466	 107.68709	-060.9	1
-07.45466	 107.69870	-061.0	1
-07.45466	 107.71032	-061.2	1
-07.45466	 107.72194	-059.5	1
-07.45466	 107.73357	-058.7	1
-07.45466	 107.74518	-058.7	1
-07.45466	 107.75681	-059.1	1
-07.45466	 107.76842	-056.5	1
-07.45466	 107.78003	-056.2	1
-07.45466	 107.79166	-058.2	1
-07.45466	 107.80328	-059.8	1
-07.45466	 107.81490	-062.0	1
-07.45466	 107.82652	-061.9	1
-07.45466	 107.83813	-060.9	1
-07.45466	 107.84976	-062.0	1
-07.45466	 107.86137	-062.9	1
-07.45466	 107.87299	-065.0	1
-07.45466	 107.88461	-063.8	1
-07.45466	 107.89623	-063.6	1
-07.45466	 107.90785	-063.4	1
-07.45466	 107.91948	-062.7	1
-07.45466	 107.93109	-062.1	1
-07.45466	 107.94271	-060.9	1
-07.45466	 107.95433	-060.3	1
-07.45466	 107.96595	-058.7	1
-07.45466	 107.97756	-063.3	1
-07.45466	 107.98918	-065.1	1
-07.45466	 108.00081	-063.1	1
-07.45466	 108.01244	-061.7	1
-07.45466	 108.02405	-064.4	1
-07.45466	 108.03568	-064.2	1
-07.45466	 108.04729	-064.2	1
-07.45466	 108.05890	-063.4	1
-07.45466	 108.07052	-063.3	1
-07.45466	 108.08215	-063.9	1
-07.45466	 108.09377	-064.7	1
-07.45466	 108.10538	-063.6	1
-07.45466	 108.11700	-064.8	1
-07.45466	 108.12863	-063.9	1
-07.45466	 108.14025	-065.1	1
-07.45466	 108.15186	-064.4	1
-07.45466	 108.16348	-063.7	1
-07.45466	 108.17510	-065.5	1
-07.45466	 108.18672	-066.9	1
-07.45466	 108.19834	-067.5	1
-07.45466	 108.20997	-067.3	1
-07.45466	 108.22158	-067.3	1
-07.45466	 108.23320	-067.5	1
-07.45466	 108.24482	-067.2	1
-07.45466	 108.25644	-067.6	1
-07.45466	 108.26806	-067.6	1
-07.45466	 108.27968	-066.6	1
-07.45466	 108.29130	-066.3	1
-07.45466	 108.30292	-066.2	1
-07.45466	 108.31454	-065.5	1
-07.45466	 108.32616	-064.1	1
-07.45466	 108.33778	-064.0	1
-07.45466	 108.34939	-065.4	1
-07.45466	 108.36101	-066.6	1
-07.45466	 108.37263	-066.2	1
-07.46620	 106.39732	-037.9	1
-07.46620	 106.40894	-038.4	1
-07.46620	 106.42056	-039.5	1
-07.46620	 106.43217	-039.6	1
-07.46620	 106.44379	-039.7	1
-07.46620	 106.45541	-039.1	1
-07.46620	 106.46703	-040.4	1
-07.46620	 106.47865	-040.0	1
-07.46620	 106.49027	-039.9	1
-07.46620	 106.50188	-039.4	1
-07.46620	 106.51352	-039.7	1
-07.46620	 106.52513	-041.0	1
-07.46620	 106.53674	-041.4	1
-07.46620	 106.54837	-041.7	1
-07.46620	 106.55999	-041.9	1
-07.46620	 106.57161	-041.2	1
-07.46620	 106.58323	-041.4	1
-07.46620	 106.59484	-040.9	1
-07.46620	 106.60646	-039.1	1
-07.46620	 106.61809	-040.1	1
-07.46620	 106.62970	-040.1	1
-07.46620	 106.64133	-039.5	1
-07.46620	 106.65294	-038.9	1
-07.46620	 106.66457	-039.3	1
-07.46620	 106.67619	-039.5	1
-07.46620	 106.68781	-039.0	1
-07.46620	 106.69942	-038.7	1
-07.46620	 106.71104	-038.1	1
-07.46620	 106.72266	-038.6	1
-07.46620	 106.73428	-039.0	1
-07.46620	 106.74590	-037.7	1
-07.46620	 106.75753	-036.0	1
-07.46620	 106.76913	-034.9	1
-07.46620	 106.78075	-034.0	1
-07.46620	 106.79238	-032.8	1
-07.46620	 106.80400	-031.3	1
-07.46620	 106.81562	-032.7	1
-07.46620	 106.82723	-032.6	1
-07.46620	 106.83886	-031.7	1
-07.46620	 106.85048	-032.1	1
-07.46620	 106.86209	-030.5	1
-07.46620	 106.87371	-031.4	1
-07.46620	 106.88533	-032.5	1
-07.46620	 106.89696	-033.1	1
-07.46620	 106.90858	-033.7	1
-07.46620	 106.92020	-036.0	1
-07.46620	 106.93181	-034.3	1
-07.46620	 106.94344	-034.8	1
-07.46620	 106.95506	-035.0	1
-07.46620	 106.96667	-038.7	1
-07.46620	 106.97829	-041.1	1
-07.46620	 106.98991	-041.2	1
-07.46620	 107.00153	-041.7	1
-07.46620	 107.01315	-038.9	1
-07.46620	 107.02477	-040.5	1
-07.46620	 107.03639	-041.6	1
-07.46620	 107.04800	-042.8	1
-07.46620	 107.05962	-043.3	1
-07.46620	 107.07124	-044.1	1
-07.46620	 107.08287	-045.0	1
-07.46620	 107.09448	-045.8	1
-07.46620	 107.10610	-046.2	1
-07.46620	 107.11772	-046.4	1
-07.46620	 107.12935	-046.4	1
-07.46620	 107.14096	-046.2	1
-07.46620	 107.15258	-046.2	1
-07.46620	 107.16420	-050.3	1
-07.46620	 107.17583	-049.6	1
-07.46620	 107.18744	-049.2	1
-07.46620	 107.19906	-045.1	1
-07.46620	 107.21068	-046.6	1
-07.46620	 107.22231	-047.7	1
-07.46620	 107.23392	-047.5	1
-07.46620	 107.24554	-046.8	1
-07.46620	 107.25716	-046.0	1
-07.46620	 107.26878	-045.6	1
-07.46620	 107.28040	-045.8	1
-07.46620	 107.29202	-046.9	1
-07.46620	 107.30363	-047.5	1
-07.46620	 107.31526	-048.6	1
-07.46620	 107.32687	-050.3	1
-07.46620	 107.33849	-051.5	1
-07.46620	 107.35012	-052.4	1
-07.46620	 107.36174	-052.6	1
-07.46620	 107.37335	-052.8	1
-07.46620	 107.38497	-052.1	1
-07.46620	 107.39659	-053.8	1
-07.46620	 107.40822	-056.0	1
-07.46620	 107.41983	-057.1	1
-07.46620	 107.43145	-055.8	1
-07.46620	 107.44307	-056.8	1
-07.46620	 107.45469	-056.4	1
-07.46620	 107.46631	-057.4	1
-07.46620	 107.47794	-058.5	1
-07.46620	 107.48955	-056.6	1
-07.46620	 107.50117	-058.2	1
-07.46620	 107.51279	-057.9	1
-07.46620	 107.52441	-058.1	1
-07.46620	 107.53603	-058.1	1
-07.46620	 107.54765	-059.2	1
-07.46620	 107.55927	-059.5	1
-07.46620	 107.57088	-060.1	1
-07.46620	 107.58250	-061.4	1
-07.46620	 107.59412	-061.0	1
-07.46620	 107.60574	-061.5	1
-07.46620	 107.61736	-061.0	1
-07.46620	 107.62899	-059.8	1
-07.46620	 107.64061	-059.9	1
-07.46620	 107.65222	-063.1	1
-07.46620	 107.66384	-063.9	1
-07.46620	 107.67546	-062.6	1
-07.46620	 107.68709	-061.6	1
-07.46620	 107.69870	-058.6	1
-07.46620	 107.71033	-059.8	1
-07.46620	 107.72194	-059.1	1
-07.46620	 107.73357	-057.9	1
-07.46620	 107.74519	-057.4	1
-07.46620	 107.75681	-056.7	1
-07.46620	 107.76842	-055.6	1
-07.46620	 107.78004	-057.8	1
-07.46620	 107.79166	-058.6	1
-07.46620	 107.80328	-059.2	1
-07.46620	 107.81490	-062.2	1
-07.46620	 107.82652	-063.4	1
-07.46620	 107.83815	-063.2	1
-07.46620	 107.84975	-061.1	1
-07.46620	 107.86137	-062.0	1
-07.46620	 107.87300	-063.6	1
-07.46620	 107.88462	-064.5	1
-07.46620	 107.89624	-064.3	1
-07.46620	 107.90785	-064.0	1
-07.46620	 107.91948	-063.6	1
-07.46620	 107.93109	-063.1	1
-07.46620	 107.94271	-061.6	1
-07.46620	 107.95432	-060.7	1
-07.46620	 107.96596	-060.8	1
-07.46620	 107.97757	-060.9	1
-07.46620	 107.98919	-063.7	1
-07.46620	 108.00081	-064.7	1
-07.46620	 108.01243	-063.4	1
-07.46620	 108.02405	-063.1	1
-07.46620	 108.03568	-063.2	1
-07.46620	 108.04729	-065.0	1
-07.46620	 108.05891	-064.1	1
-07.46620	 108.07053	-062.7	1
-07.46620	 108.08215	-063.3	1
-07.46620	 108.09377	-064.0	1
-07.46620	 108.10538	-065.2	1
-07.46620	 108.11700	-064.0	1
-07.46620	 108.12863	-064.6	1
-07.46620	 108.14024	-064.8	1
-07.46620	 108.15186	-064.3	1
-07.46620	 108.16349	-064.4	1
-07.46620	 108.17510	-065.6	1
-07.46620	 108.18672	-066.6	1
-07.46620	 108.19834	-067.4	1
-07.46620	 108.20996	-066.8	1
-07.46620	 108.22158	-066.2	1
-07.46620	 108.23320	-066.5	1
-07.46620	 108.24482	-066.5	1
-07.46620	 108.25644	-066.7	1
-07.46620	 108.26805	-066.8	1
-07.46620	 108.27968	-067.0	1
-07.46620	 108.29130	-066.0	1
-07.46620	 108.30292	-065.7	1
-07.46620	 108.31454	-065.4	1
-07.46620	 108.32616	-065.7	1
-07.46620	 108.33778	-064.2	1
-07.46620	 108.34939	-065.9	1
-07.46620	 108.36101	-066.5	1
-07.46620	 108.37263	-066.8	1
-07.47774	 106.40894	-039.5	1
-07.47774	 106.42056	-039.7	1
-07.47774	 106.43217	-039.9	1
-07.47774	 106.44380	-039.9	1
-07.47774	 106.45541	-039.7	1
-07.47774	 106.46703	-040.4	1
-07.47774	 106.47865	-039.7	1
-07.47774	 106.49026	-039.6	1
-07.47774	 106.50189	-040.5	1
-07.47774	 106.51351	-041.6	1
-07.47774	 106.52513	-041.9	1
-07.47774	 106.53675	-041.9	1
-07.47774	 106.54837	-042.1	1
-07.47774	 106.56000	-041.6	1
-07.47774	 106.57160	-041.7	1
-07.47774	 106.58323	-040.8	1
-07.47774	 106.59485	-039.5	1
-07.47774	 106.60646	-040.5	1
-07.47774	 106.61809	-040.2	1
-07.47774	 106.62971	-039.3	1
-07.47774	 106.64133	-039.0	1
-07.47774	 106.65294	-039.5	1
-07.47774	 106.66457	-039.6	1
-07.47774	 106.67619	-039.2	1
-07.47774	 106.68781	-039.0	1
-07.47774	 106.69942	-038.3	1
-07.47774	 106.71104	-038.9	1
-07.47774	 106.72267	-039.3	1
-07.47774	 106.73428	-038.0	1
-07.47774	 106.74590	-036.2	1
-07.47774	 106.75752	-035.0	1
-07.47774	 106.76913	-034.3	1
-07.47774	 106.78075	-033.1	1
-07.47774	 106.79239	-031.8	1
-07.47774	 106.80400	-033.0	1
-07.47774	 106.81561	-033.1	1
-07.47774	 106.82724	-032.0	1
-07.47774	 106.83886	-032.4	1
-07.47774	 106.85048	-030.6	1
-07.47774	 106.86210	-031.6	1
-07.47774	 106.87372	-032.4	1
-07.47774	 106.88533	-033.3	1
-07.47774	 106.89696	-033.9	1
-07.47774	 106.90858	-033.9	1
-07.47774	 106.92020	-034.5	1
-07.47774	 106.93181	-035.1	1
-07.47774	 106.94344	-035.2	1
-07.47774	 106.95506	-038.5	1
-07.47774	 106.96667	-040.5	1
-07.47774	 106.97829	-041.2	1
-07.47774	 106.98991	-041.7	1
-07.47774	 107.00153	-042.2	1
-07.47774	 107.01315	-040.1	1
-07.47774	 107.02477	-041.6	1
-07.47774	 107.03639	-042.5	1
-07.47774	 107.04800	-043.5	1
-07.47774	 107.05962	-043.6	1
-07.47774	 107.07124	-044.5	1
-07.47774	 107.08287	-045.4	1
-07.47774	 107.09449	-046.1	1
-07.47774	 107.10610	-046.1	1
-07.47774	 107.11773	-046.6	1
-07.47774	 107.12935	-046.4	1
-07.47774	 107.14096	-046.2	1
-07.47774	 107.15258	-046.0	1
-07.47774	 107.16420	-050.2	1
-07.47774	 107.17583	-049.7	1
-07.47774	 107.18744	-049.5	1
-07.47774	 107.19906	-045.8	1
-07.47774	 107.21068	-046.6	1
-07.47774	 107.22231	-047.9	1
-07.47774	 107.23392	-047.4	1
-07.47774	 107.24554	-046.9	1
-07.47774	 107.25716	-046.5	1
-07.47774	 107.26878	-046.2	1
-07.47774	 107.28040	-046.4	1
-07.47774	 107.29201	-047.3	1
-07.47774	 107.30363	-048.2	1
-07.47774	 107.31526	-049.5	1
-07.47774	 107.32687	-051.0	1
-07.47774	 107.33849	-052.1	1
-07.47774	 107.35011	-052.9	1
-07.47774	 107.36174	-053.4	1
-07.47774	 107.37335	-053.5	1
-07.47774	 107.38497	-052.6	1
-07.47774	 107.39659	-054.3	1
-07.47774	 107.40822	-056.4	1
-07.47774	 107.41983	-057.1	1
-07.47774	 107.43145	-056.8	1
-07.47774	 107.44307	-057.1	1
-07.47774	 107.45469	-056.9	1
-07.47774	 107.46631	-058.3	1
-07.47774	 107.47794	-059.0	1
-07.47774	 107.48955	-057.3	1
-07.47774	 107.50117	-058.3	1
-07.47774	 107.51279	-058.5	1
-07.47774	 107.52441	-059.0	1
-07.47774	 107.53603	-058.3	1
-07.47774	 107.54765	-058.8	1
-07.47774	 107.55927	-060.4	1
-07.47774	 107.57088	-061.0	1
-07.47774	 107.58250	-062.3	1
-07.47774	 107.59412	-062.5	1
-07.47774	 107.60574	-062.8	1
-07.47774	 107.61736	-062.4	1
-07.47774	 107.62898	-060.2	1
-07.47774	 107.64060	-063.7	1
-07.47774	 107.65222	-063.4	1
-07.47774	 107.66385	-063.0	1
-07.47774	 107.67547	-062.9	1
-07.47774	 107.68708	-061.1	1
-07.47774	 107.69870	-059.4	1
-07.47774	 107.71032	-058.6	1
-07.47774	 107.72195	-060.2	1
-07.47774	 107.73357	-057.7	1
-07.47774	 107.74518	-057.9	1
-07.47774	 107.75680	-057.0	1
-07.47774	 107.76842	-057.8	1
-07.47774	 107.78003	-059.3	1
-07.47774	 107.79166	-060.1	1
-07.47774	 107.80328	-058.1	1
-07.47774	 107.81490	-062.5	1
-07.47774	 107.82651	-064.3	1
-07.47774	 107.83813	-063.9	1
-07.47774	 107.84975	-062.5	1
-07.47774	 107.86137	-061.7	1
-07.47774	 107.87300	-062.5	1
-07.47774	 107.88462	-064.2	1
-07.47774	 107.89624	-064.8	1
-07.47774	 107.90785	-065.3	1
-07.47774	 107.91947	-064.9	1
-07.47774	 107.93110	-063.9	1
-07.47774	 107.94272	-062.8	1
-07.47774	 107.95433	-062.0	1
-07.47774	 107.96596	-061.3	1
-07.47774	 107.97757	-061.3	1
-07.47774	 107.98918	-061.8	1
-07.47774	 108.00081	-064.6	1
-07.47774	 108.01244	-065.1	1
-07.47774	 108.02405	-064.3	1
-07.47774	 108.03568	-062.3	1
-07.47774	 108.04729	-064.2	1
-07.47774	 108.05890	-064.1	1
-07.47774	 108.07052	-063.1	1
-07.47774	 108.08215	-063.8	1
-07.47774	 108.09377	-064.1	1
-07.47774	 108.10538	-064.8	1
-07.47774	 108.11700	-065.0	1
-07.47774	 108.12862	-065.1	1
-07.47774	 108.14024	-065.0	1
-07.47774	 108.15186	-065.6	1
-07.47774	 108.16349	-064.5	1
-07.47774	 108.17510	-064.8	1
-07.47774	 108.18672	-066.0	1
-07.47774	 108.19834	-066.8	1
-07.47774	 108.20996	-066.3	1
-07.47774	 108.22158	-066.3	1
-07.47774	 108.23320	-066.2	1
-07.47774	 108.24483	-065.6	1
-07.47774	 108.25644	-065.9	1
-07.47774	 108.26806	-065.9	1
-07.47774	 108.27967	-066.6	1
-07.47774	 108.29129	-066.6	1
-07.47774	 108.30292	-065.5	1
-07.47774	 108.31454	-065.2	1
-07.47774	 108.32616	-065.3	1
-07.47774	 108.33778	-065.6	1
-07.47774	 108.34939	-066.1	1
-07.47774	 108.36101	-065.4	1
-07.48927	 106.42056	-039.9	1
-07.48927	 106.43217	-040.3	1
-07.48927	 106.44380	-040.4	1
-07.48927	 106.45541	-040.8	1
-07.48927	 106.46703	-039.9	1
-07.48927	 106.47865	-040.0	1
-07.48927	 106.49027	-041.3	1
-07.48927	 106.50189	-042.3	1
-07.48927	 106.51351	-042.3	1
-07.48927	 106.52513	-042.3	1
-07.48927	 106.53675	-042.2	1
-07.48927	 106.54836	-041.9	1
-07.48927	 106.56000	-041.9	1
-07.48927	 106.57160	-040.5	1
-07.48927	 106.58323	-040.1	1
-07.48927	 106.59485	-040.8	1
-07.48927	 106.60646	-040.2	1
-07.48927	 106.61809	-039.6	1
-07.48927	 106.62970	-039.4	1
-07.48927	 106.64133	-039.9	1
-07.48927	 106.65295	-040.0	1
-07.48927	 106.66457	-039.6	1
-07.48927	 106.67619	-039.1	1
-07.48927	 106.68780	-038.5	1
-07.48927	 106.69942	-039.0	1
-07.48927	 106.71105	-039.5	1
-07.48927	 106.72266	-038.2	1
-07.48927	 106.73428	-036.5	1
-07.48927	 106.74590	-035.4	1
-07.48927	 106.75752	-034.7	1
-07.48927	 106.76913	-033.7	1
-07.48927	 106.78075	-032.3	1
-07.48927	 106.79238	-033.4	1
-07.48927	 106.80400	-033.5	1
-07.48927	 106.81561	-032.6	1
-07.48927	 106.82723	-032.8	1
-07.48927	 106.83885	-033.1	1
-07.48927	 106.85048	-031.8	1
-07.48927	 106.86209	-032.2	1
-07.48927	 106.87372	-033.4	1
-07.48927	 106.88533	-034.0	1
-07.48927	 106.89696	-034.1	1
-07.48927	 106.90857	-034.2	1
-07.48927	 106.92020	-035.3	1
-07.48927	 106.93181	-035.4	1
-07.48927	 106.94344	-038.4	1
-07.48927	 106.95506	-040.1	1
-07.48927	 106.96667	-041.8	1
-07.48927	 106.97829	-041.8	1
-07.48927	 106.98991	-042.2	1
-07.48927	 107.00153	-039.6	1
-07.48927	 107.01315	-041.2	1
-07.48927	 107.02477	-041.9	1
-07.48927	 107.03639	-043.3	1
-07.48927	 107.04800	-043.6	1
-07.48927	 107.05962	-044.2	1
-07.48927	 107.07124	-045.1	1
-07.48927	 107.08287	-045.9	1
-07.48927	 107.09448	-046.4	1
-07.48927	 107.10610	-046.7	1
-07.48927	 107.11772	-046.7	1
-07.48927	 107.12935	-046.5	1
-07.48927	 107.14096	-046.3	1
-07.48927	 107.15258	-046.3	1
-07.48927	 107.16420	-050.1	1
-07.48927	 107.17583	-049.4	1
-07.48927	 107.18745	-045.2	1
-07.48927	 107.19906	-046.1	1
-07.48927	 107.21068	-046.9	1
-07.48927	 107.22231	-047.9	1
-07.48927	 107.23392	-047.4	1
-07.48927	 107.24554	-047.0	1
-07.48927	 107.25716	-046.7	1
-07.48927	 107.26878	-046.6	1
-07.48927	 107.28040	-046.8	1
-07.48927	 107.29202	-047.9	1
-07.48927	 107.30363	-049.1	1
-07.48927	 107.31526	-050.2	1
-07.48927	 107.32687	-051.7	1
-07.48927	 107.33849	-052.7	1
-07.48927	 107.35011	-053.3	1
-07.48927	 107.36174	-053.5	1
-07.48927	 107.37335	-054.1	1
-07.48927	 107.38497	-053.1	1
-07.48927	 107.39659	-055.0	1
-07.48927	 107.40822	-056.8	1
-07.48927	 107.41983	-057.0	1
-07.48927	 107.43144	-057.2	1
-07.48927	 107.44307	-057.1	1
-07.48927	 107.45470	-057.7	1
-07.48927	 107.46631	-059.2	1
-07.48927	 107.47794	-058.8	1
-07.48927	 107.48956	-057.8	1
-07.48927	 107.50117	-057.9	1
-07.48927	 107.51279	-059.1	1
-07.48927	 107.52441	-058.0	1
-07.48927	 107.53603	-059.8	1
-07.48927	 107.54765	-058.7	1
-07.48927	 107.55927	-061.3	1
-07.48927	 107.57088	-060.8	1
-07.48927	 107.58250	-062.5	1
-07.48927	 107.59412	-063.3	1
-07.48927	 107.60574	-063.2	1
-07.48927	 107.61736	-062.7	1
-07.48927	 107.62898	-063.7	1
-07.48927	 107.64060	-064.1	1
-07.48927	 107.65223	-062.4	1
-07.48927	 107.66384	-062.2	1
-07.48927	 107.67547	-063.2	1
-07.48927	 107.68707	-060.9	1
-07.48927	 107.69870	-059.6	1
-07.48927	 107.71033	-061.1	1
-07.48927	 107.72194	-061.0	1
-07.48927	 107.73357	-060.4	1
-07.48927	 107.74518	-059.9	1
-07.48927	 107.75681	-059.2	1
-07.48927	 107.76842	-057.0	1
-07.48927	 107.78004	-059.6	1
-07.48927	 107.79166	-060.4	1
-07.48927	 107.80328	-058.4	1
-07.48927	 107.81490	-060.1	1
-07.48927	 107.82651	-065.0	1
-07.48927	 107.83813	-064.1	1
-07.48927	 107.84975	-065.7	1
-07.48927	 107.86137	-064.5	1
-07.48927	 107.87300	-062.4	1
-07.48927	 107.88461	-062.8	1
-07.48927	 107.89623	-065.4	1
-07.48927	 107.90785	-066.0	1
-07.48927	 107.91948	-066.1	1
-07.48927	 107.93109	-065.0	1
-07.48927	 107.94272	-063.3	1
-07.48927	 107.95432	-062.5	1
-07.48927	 107.96596	-062.7	1
-07.48927	 107.97757	-062.3	1
-07.48927	 107.98918	-062.9	1
-07.48927	 108.00082	-063.3	1
-07.48927	 108.01244	-065.7	1
-07.48927	 108.02405	-065.7	1
-07.48927	 108.03567	-064.6	1
-07.48927	 108.04729	-063.4	1
-07.48927	 108.05891	-064.9	1
-07.48927	 108.07053	-063.8	1
-07.48927	 108.08215	-064.4	1
-07.48927	 108.09377	-064.7	1
-07.48927	 108.10538	-065.3	1
-07.48927	 108.11700	-065.5	1
-07.48927	 108.12863	-065.1	1
-07.48927	 108.14024	-065.9	1
-07.48927	 108.15186	-066.2	1
-07.48927	 108.16348	-065.7	1
-07.48927	 108.17510	-064.9	1
-07.48927	 108.18672	-065.9	1
-07.48927	 108.19835	-066.1	1
-07.48927	 108.20997	-066.9	1
-07.48927	 108.22157	-066.6	1
-07.48927	 108.23320	-066.5	1
-07.48927	 108.24482	-066.1	1
-07.48927	 108.25644	-066.6	1
-07.48927	 108.26805	-066.8	1
-07.48927	 108.27968	-067.1	1
-07.48927	 108.29130	-066.8	1
-07.48927	 108.30292	-066.5	1
-07.48927	 108.31454	-066.8	1
-07.48927	 108.32616	-065.0	1
-07.48927	 108.33778	-064.7	1
-07.48927	 108.34940	-065.2	1
-07.50081	 106.42056	-040.2	1
-07.50081	 106.43217	-040.2	1
-07.50081	 106.44379	-040.5	1
-07.50081	 106.45541	-040.3	1
-07.50081	 106.46703	-040.6	1
-07.50081	 106.47865	-042.0	1
-07.50081	 106.49027	-042.4	1
-07.50081	 106.50188	-042.5	1
-07.50081	 106.51352	-042.7	1
-07.50081	 106.52513	-042.1	1
-07.50081	 106.53675	-042.2	1
-07.50081	 106.54836	-042.0	1
-07.50081	 106.56000	-039.8	1
-07.50081	 106.57161	-040.4	1
-07.50081	 106.58323	-041.2	1
-07.50081	 106.59485	-040.5	1
-07.50081	 106.60646	-039.6	1
-07.50081	 106.61809	-039.6	1
-07.50081	 106.62971	-040.1	1
-07.50081	 106.64133	-040.0	1
-07.50081	 106.65294	-039.5	1
-07.50081	 106.66457	-039.2	1
-07.50081	 106.67619	-038.5	1
-07.50081	 106.68781	-039.4	1
-07.50081	 106.69942	-039.9	1
-07.50081	 106.71105	-038.5	1
-07.50081	 106.72267	-036.8	1
-07.50081	 106.73428	-035.7	1
-07.50081	 106.74590	-035.0	1
-07.50081	 106.75752	-034.6	1
-07.50081	 106.76914	-032.7	1
-07.50081	 106.78075	-033.7	1
-07.50081	 106.79238	-033.8	1
-07.50081	 106.80400	-033.0	1
-07.50081	 106.81562	-032.9	1
-07.50081	 106.82724	-033.2	1
-07.50081	 106.83885	-031.9	1
-07.50081	 106.85048	-032.6	1
-07.50081	 106.86210	-033.5	1
-07.50081	 106.87372	-034.1	1
-07.50081	 106.88533	-034.5	1
-07.50081	 106.89696	-036.7	1
-07.50081	 106.90857	-035.2	1
-07.50081	 106.92020	-035.6	1
-07.50081	 106.93181	-035.9	1
-07.50081	 106.94344	-039.4	1
-07.50081	 106.95506	-041.7	1
-07.50081	 106.96667	-042.0	1
-07.50081	 106.97829	-042.4	1
-07.50081	 106.98991	-042.8	1
-07.50081	 107.00153	-040.7	1
-07.50081	 107.01314	-042.1	1
-07.50081	 107.02477	-043.0	1
-07.50081	 107.03639	-043.8	1
-07.50081	 107.04800	-043.9	1
-07.50081	 107.05962	-044.9	1
-07.50081	 107.07124	-045.5	1
-07.50081	 107.08287	-046.2	1
-07.50081	 107.09448	-046.4	1
-07.50081	 107.10611	-046.8	1
-07.50081	 107.11772	-046.8	1
-07.50081	 107.12935	-046.4	1
-07.50081	 107.14096	-046.5	1
-07.50081	 107.15257	-050.4	1
-07.50081	 107.16420	-050.1	1
-07.50081	 107.17583	-049.6	1
-07.50081	 107.18744	-045.6	1
-07.50081	 107.19906	-046.4	1
-07.50081	 107.21068	-047.1	1
-07.50081	 107.22231	-048.1	1
-07.50081	 107.23392	-047.3	1
-07.50081	 107.24554	-046.9	1
-07.50081	 107.25716	-046.8	1
-07.50081	 107.26878	-046.9	1
-07.50081	 107.28040	-047.1	1
-07.50081	 107.29202	-048.1	1
-07.50081	 107.30363	-049.5	1
-07.50081	 107.31526	-050.8	1
-07.50081	 107.32687	-052.1	1
-07.50081	 107.33849	-053.0	1
-07.50081	 107.35011	-053.5	1
-07.50081	 107.36174	-053.8	1
-07.50081	 107.37335	-054.4	1
-07.50081	 107.38498	-053.5	1
-07.50081	 107.39659	-055.2	1
-07.50081	 107.40822	-057.1	1
-07.50081	 107.41983	-057.7	1
-07.50081	 107.43145	-057.7	1
-07.50081	 107.44307	-057.8	1
-07.50081	 107.45468	-058.1	1
-07.50081	 107.46631	-059.5	1
-07.50081	 107.47794	-059.1	1
-07.50081	 107.48955	-058.9	1
-07.50081	 107.50117	-058.7	1
-07.50081	 107.51279	-060.3	1
-07.50081	 107.52441	-059.6	1
-07.50081	 107.53603	-060.0	1
-07.50081	 107.54765	-059.4	1
-07.50081	 107.55927	-061.6	1
-07.50081	 107.57088	-062.0	1
-07.50081	 107.58250	-063.0	1
-07.50081	 107.59412	-064.5	1
-07.50081	 107.60574	-063.0	1
-07.50081	 107.61736	-064.8	1
-07.50081	 107.62898	-064.8	1
-07.50081	 107.64061	-062.7	1
-07.50081	 107.65222	-062.0	1
-07.50081	 107.66385	-060.9	1
-07.50081	 107.67547	-062.2	1
-07.50081	 107.68709	-062.6	1
-07.50081	 107.69870	-061.7	1
-07.50081	 107.71033	-063.7	1
-07.50081	 107.72195	-062.6	1
-07.50081	 107.73357	-064.3	1
-07.50081	 107.74518	-061.9	1
-07.50081	 107.75681	-057.9	1
-07.50081	 107.76842	-059.2	1
-07.50081	 107.78003	-060.3	1
-07.50081	 107.79166	-058.6	1
-07.50081	 107.80327	-061.1	1
-07.50081	 107.81490	-062.7	1
-07.50081	 107.82651	-066.5	1
-07.50081	 107.83813	-068.2	1
-07.50081	 107.84975	-067.2	1
-07.50081	 107.86137	-067.4	1
-07.50081	 107.87299	-064.4	1
-07.50081	 107.88461	-063.5	1
-07.50081	 107.89623	-063.4	1
-07.50081	 107.90785	-065.5	1
-07.50081	 107.91948	-066.0	1
-07.50081	 107.93109	-065.7	1
-07.50081	 107.94271	-063.8	1
-07.50081	 107.95433	-063.0	1
-07.50081	 107.96596	-062.7	1
-07.50081	 107.97757	-062.3	1
-07.50081	 107.98918	-062.5	1
-07.50081	 108.00081	-062.0	1
-07.50081	 108.01244	-063.2	1
-07.50081	 108.02405	-067.3	1
-07.50081	 108.03568	-066.5	1
-07.50081	 108.04729	-066.7	1
-07.50081	 108.05891	-066.2	1
-07.50081	 108.07052	-065.8	1
-07.50081	 108.08215	-064.6	1
-07.50081	 108.09377	-065.5	1
-07.50081	 108.10538	-064.8	1
-07.50081	 108.11700	-065.0	1
-07.50081	 108.12862	-065.8	1
-07.50081	 108.14024	-065.2	1
-07.50081	 108.15186	-066.2	1
-07.50081	 108.16349	-066.3	1
-07.50081	 108.17509	-066.3	1
-07.50081	 108.18672	-066.0	1
-07.50081	 108.19835	-066.0	1
-07.50081	 108.20996	-065.8	1
-07.50081	 108.22159	-066.1	1
-07.50081	 108.23319	-065.9	1
-07.50081	 108.24482	-065.9	1
-07.50081	 108.25644	-067.0	1
-07.50081	 108.26806	-067.6	1
-07.50081	 108.27968	-067.7	1
-07.50081	 108.29131	-067.7	1
-07.50081	 108.30292	-067.7	1
-07.50081	 108.31454	-067.6	1
-07.50081	 108.32616	-066.4	1
-07.50081	 108.33778	-066.0	1
-07.50081	 108.34940	-066.5	1
